<<<<<<< Updated upstream
[22040:20156:0603/153721.105:WARNING:chrome_main_delegate.cc(745)] This is Chrome version 128.0.6613.138 (not a warning)
[22040:16212:0603/153721.240:ERROR:google_update_settings.cc(265)] Failed opening key Software\Chromium to set usagestats; result: 5
[22040:20156:0603/153721.392:WARNING:account_consistency_mode_manager.cc(77)] Desktop Identity Consistency cannot be enabled as no OAuth client ID and client secret have been configured.
[18076:17720:0603/153727.990:WARNING:frame_impl.cc(430)] virtual CefFrameImpl::SendProcessMessage sent to detached frame 5-99EE5BAE8A7C49C146D98877AF80E6C3 will be ignored
[22040:6296:0603/153728.372:WARNING:browser_info.cc(345)] Returning a speculative frame for [10,9]
[22040:20156:0603/153728.465:WARNING:browser_info.cc(345)] Returning a speculative frame for [11,9]
[22040:20156:0603/153728.466:WARNING:browser_info.cc(345)] Returning a speculative frame for [11,9]
[22040:20156:0603/153728.466:WARNING:browser_info.cc(345)] Returning a speculative frame for [11,9]
[22040:20156:0603/153728.466:WARNING:browser_info.cc(345)] Returning a speculative frame for [11,9]
[22040:6296:0603/153728.469:WARNING:browser_info.cc(345)] Returning a speculative frame for [11,9]
[25428:16028:0603/153729.303:WARNING:frame_impl.cc(430)] virtual CefFrameImpl::SendProcessMessage sent to detached frame 6-2523711F1AE79F2038AA432F4F8EB836 will be ignored
[7356:14892:0603/153729.438:ERROR:shared_image_manager.cc(224)] SharedImageManager::ProduceSkia: Trying to Produce a Skia representation from a non-existent mailbox.
[16300:8248:0603/153732.690:WARNING:codec.cc(525)] Explicitly added H264 constrained baseline to list of supported formats.
[16300:8248:0603/153733.733:WARNING:codec.cc(525)] Explicitly added H264 constrained baseline to list of supported formats.
[16300:15812:0603/153733.777:WARNING:codec.cc(525)] Explicitly added H264 constrained baseline to list of supported formats.
[16300:15812:0603/153733.778:WARNING:codec.cc(525)] Explicitly added H264 constrained baseline to list of supported formats.
[16300:15812:0603/153733.779:WARNING:codec.cc(525)] Explicitly added H264 constrained baseline to list of supported formats.
[21088:7248:0603/153733.821:WARNING:host_resolver_dns_task.cc(863)] Address list empty after RFC3484 sort
[21088:7248:0603/153733.850:ERROR:socket_manager.cc(147)] Failed to resolve address for stun.cloudflare.com., errorcode: -105
[21088:7248:0603/153733.850:ERROR:socket_manager.cc(147)] Failed to resolve address for stun.cloudflare.com., errorcode: -105
[21088:7248:0603/153733.850:ERROR:socket_manager.cc(147)] Failed to resolve address for stun.cloudflare.com., errorcode: -105
[16300:15812:0603/153733.850:WARNING:stun_port.cc(442)] Port[4d38000:0:1:0:host:Net[any:0:0:0:x:x:x:x:x/0:Wildcard:id=0]]: StunPort: stun host lookup received error -1
[16300:15812:0603/153733.850:WARNING:stun_port.cc(442)] Port[4d38400:1:1:0:host:Net[any:0:0:0:x:x:x:x:x/0:Wildcard:id=0]]: StunPort: stun host lookup received error -1
[16300:15812:0603/153733.850:WARNING:stun_port.cc(442)] Port[4d38c00:2:1:0:host:Net[any:0:0:0:x:x:x:x:x/0:Wildcard:id=0]]: StunPort: stun host lookup received error -1
[7356:14892:0603/153938.701:ERROR:shared_image_manager.cc(224)] SharedImageManager::ProduceSkia: Trying to Produce a Skia representation from a non-existent mailbox.
[22040:20156:0603/164759.818:WARNING:pref_notifier_impl.cc(41)] Pref observer for media_router.cast_allow_all_ips found at shutdown.
=======
[28012:6228:0602/221514.394:WARNING:chrome_main_delegate.cc(745)] This is Chrome version 128.0.6613.138 (not a warning)
[28012:34708:0602/221514.443:ERROR:google_update_settings.cc(265)] Failed opening key Software\Chromium to set usagestats; result: 5
[28012:6228:0602/221514.483:WARNING:account_consistency_mode_manager.cc(77)] Desktop Identity Consistency cannot be enabled as no OAuth client ID and client secret have been configured.
[19940:10336:0602/221517.740:WARNING:frame_impl.cc(430)] virtual CefFrameImpl::SendProcessMessage sent to detached frame 5-26D93376962DE1599A1B1595AD370F83 will be ignored
[28012:36088:0603/005224.668:VERBOSE1:media_stream_manager.cc(1533)] MSPL::OnSpeedLimitChange({this=000066EC00146D40}, {new_limit=63})
[28012:36088:0603/005225.676:VERBOSE1:media_stream_manager.cc(1533)] MSPL::OnSpeedLimitChange({this=000066EC00146D40}, {new_limit=62})
[28012:36088:0603/005226.671:VERBOSE1:media_stream_manager.cc(1533)] MSPL::OnSpeedLimitChange({this=000066EC00146D40}, {new_limit=64})
[28012:36088:0603/005227.665:VERBOSE1:media_stream_manager.cc(1533)] MSPL::OnSpeedLimitChange({this=000066EC00146D40}, {new_limit=63})
[28012:36088:0603/005228.667:VERBOSE1:media_stream_manager.cc(1533)] MSPL::OnSpeedLimitChange({this=000066EC00146D40}, {new_limit=61})
[28012:36088:0603/005231.676:VERBOSE1:media_stream_manager.cc(1533)] MSPL::OnSpeedLimitChange({this=000066EC00146D40}, {new_limit=62})
[28012:36088:0603/005233.672:VERBOSE1:media_stream_manager.cc(1533)] MSPL::OnSpeedLimitChange({this=000066EC00146D40}, {new_limit=59})
[28012:36088:0603/005234.678:VERBOSE1:media_stream_manager.cc(1533)] MSPL::OnSpeedLimitChange({this=000066EC00146D40}, {new_limit=62})
[28012:36088:0603/005236.807:VERBOSE1:media_stream_manager.cc(1533)] MSPL::OnSpeedLimitChange({this=000066EC00146D40}, {new_limit=61})
[28012:36088:0603/005237.682:VERBOSE1:media_stream_manager.cc(1533)] MSPL::OnSpeedLimitChange({this=000066EC00146D40}, {new_limit=62})
[28012:36088:0603/005239.680:VERBOSE1:media_stream_manager.cc(1533)] MSPL::OnSpeedLimitChange({this=000066EC00146D40}, {new_limit=63})
[28012:6228:0603/005241.409:VERBOSE1:device_event_log_impl.cc(198)] [00:52:41.406] Display: EVENT: screen_win.cc:893 Displays updated, count: 2
[28012:6228:0603/005241.409:VERBOSE1:device_event_log_impl.cc(198)] [00:52:41.406] Display: EVENT: screen_win.cc:895 Display[806122605] bounds=[0,0 2195x1235], workarea=[0,0 2195x1187], scale=1.75, rotation=0, panel_rotation=0 external detected
[28012:6228:0603/005241.409:VERBOSE1:device_event_log_impl.cc(198)] [00:52:41.406] Display: EVENT: screen_win.cc:895 Display[2138895926] bounds=[2109,1235 1281x720], workarea=[2109,1235 1281x672], scale=1.5, rotation=0, panel_rotation=0 external detected
[28012:36088:0603/005241.947:VERBOSE1:media_stream_manager.cc(1533)] MSPL::OnSpeedLimitChange({this=000066EC00146D40}, {new_limit=100})
[14964:22972:0603/005309.617:VERBOSE1:network_delegate.cc(36)] NetworkDelegate::NotifyBeforeURLRequest: https://optimizationguide-pa.googleapis.com/v1:GetModels?key=dummytoken
[14964:22972:0603/005309.623:VERBOSE1:tls_handshaker.cc(105)] TlsClient: Continuing handshake
[14964:22972:0603/005309.623:VERBOSE1:tls_handshaker.cc(126)] TlsClient: SSL_do_handshake returned when entering early data. After retry, rv=-1, SSL_in_early_data=1
[14964:22972:0603/005309.678:VERBOSE1:tls_handshaker.cc(105)] TlsClient: Continuing handshake
[14964:22972:0603/005309.678:VERBOSE1:tls_handshaker.cc(105)] TlsClient: Continuing handshake
[14964:22972:0603/005309.678:VERBOSE1:tls_client_handshaker.cc(528)] Client: handshake finished
[14964:22972:0603/005335.624:VERBOSE1:network_delegate.cc(36)] NetworkDelegate::NotifyBeforeURLRequest: https://safebrowsing.googleapis.com/v4/threatListUpdates:fetch?$req=ChoKCGNocm9taXVtEg4xMjguMC42NjEzLjEzOBoMCAUQASIEIAEgAigBGgwIARABIgQgASACKAEaDAgDEAEiBCABIAIoARoMCAcQASIEIAEgAigBGgwIARAIIgQgASACKAQaDAgPEAEiBCABIAIoARoMCAkQASIEIAEgAigBIgIIAQ==&$ct=application/x-protobuf&key=dummytoken
[14964:22972:0603/005335.629:VERBOSE1:tls_handshaker.cc(105)] TlsClient: Continuing handshake
[14964:22972:0603/005335.703:VERBOSE1:tls_handshaker.cc(105)] TlsClient: Continuing handshake
[14964:22972:0603/005336.291:VERBOSE1:tls_handshaker.cc(105)] TlsClient: Continuing handshake
[14964:22972:0603/005336.291:VERBOSE1:tls_handshaker.cc(126)] TlsClient: SSL_do_handshake returned when entering early data. After retry, rv=-1, SSL_in_early_data=1
[14964:22972:0603/005336.292:VERBOSE1:tls_handshaker.cc(105)] TlsClient: Continuing handshake
[14964:22972:0603/005336.292:VERBOSE1:tls_client_handshaker.cc(528)] Client: handshake finished
[14964:22972:0603/005554.657:VERBOSE1:network_delegate.cc(36)] NetworkDelegate::NotifyBeforeURLRequest: https://optimizationguide-pa.googleapis.com/v1:GetModels?key=dummytoken
[14964:22972:0603/005554.663:VERBOSE1:tls_handshaker.cc(105)] TlsClient: Continuing handshake
[14964:22972:0603/005554.663:VERBOSE1:tls_handshaker.cc(126)] TlsClient: SSL_do_handshake returned when entering early data. After retry, rv=-1, SSL_in_early_data=1
[14964:22972:0603/005554.727:VERBOSE1:tls_handshaker.cc(105)] TlsClient: Continuing handshake
[14964:22972:0603/005554.729:VERBOSE1:tls_handshaker.cc(105)] TlsClient: Continuing handshake
[14964:22972:0603/005554.729:VERBOSE1:tls_client_handshaker.cc(528)] Client: handshake finished
[28012:6228:0603/005600.176:VERBOSE1:device_event_log_impl.cc(198)] [00:56:00.173] Display: EVENT: screen_win.cc:893 Displays updated, count: 2
[28012:6228:0603/005600.176:VERBOSE1:device_event_log_impl.cc(198)] [00:56:00.173] Display: EVENT: screen_win.cc:895 Display[806122605] bounds=[0,0 2195x1235], workarea=[0,0 2195x1187], scale=1.75, rotation=0, panel_rotation=0 external detected
[28012:6228:0603/005600.176:VERBOSE1:device_event_log_impl.cc(198)] [00:56:00.173] Display: EVENT: screen_win.cc:895 Display[2138895926] bounds=[2109,1235 1281x720], workarea=[2109,1235 1281x672], scale=1.5, rotation=0, panel_rotation=0 external detected
[28012:6228:0603/005609.644:VERBOSE1:device_event_log_impl.cc(198)] [00:56:09.641] Display: EVENT: screen_win.cc:893 Displays updated, count: 2
[28012:6228:0603/005609.644:VERBOSE1:device_event_log_impl.cc(198)] [00:56:09.641] Display: EVENT: screen_win.cc:895 Display[806122605] bounds=[0,0 2195x1235], workarea=[0,0 2195x1187], scale=1.75, rotation=0, panel_rotation=0 external detected
[28012:6228:0603/005609.644:VERBOSE1:device_event_log_impl.cc(198)] [00:56:09.641] Display: EVENT: screen_win.cc:895 Display[2138895926] bounds=[2109,1235 1281x720], workarea=[2109,1235 1281x672], scale=1.5, rotation=0, panel_rotation=0 external detected
[28012:36088:0603/005619.827:VERBOSE1:media_stream_manager.cc(1533)] MSPL::OnSpeedLimitChange({this=000066EC00146D40}, {new_limit=60})
[28012:36088:0603/005621.822:VERBOSE1:media_stream_manager.cc(1533)] MSPL::OnSpeedLimitChange({this=000066EC00146D40}, {new_limit=61})
[28012:36088:0603/005623.831:VERBOSE1:media_stream_manager.cc(1533)] MSPL::OnSpeedLimitChange({this=000066EC00146D40}, {new_limit=62})
[28012:36088:0603/005624.823:VERBOSE1:media_stream_manager.cc(1533)] MSPL::OnSpeedLimitChange({this=000066EC00146D40}, {new_limit=61})
[28012:36088:0603/005629.826:VERBOSE1:media_stream_manager.cc(1533)] MSPL::OnSpeedLimitChange({this=000066EC00146D40}, {new_limit=62})
[28012:36088:0603/005630.833:VERBOSE1:media_stream_manager.cc(1533)] MSPL::OnSpeedLimitChange({this=000066EC00146D40}, {new_limit=61})
[28012:36088:0603/005632.835:VERBOSE1:media_stream_manager.cc(1533)] MSPL::OnSpeedLimitChange({this=000066EC00146D40}, {new_limit=60})
[28012:36088:0603/005637.842:VERBOSE1:media_stream_manager.cc(1533)] MSPL::OnSpeedLimitChange({this=000066EC00146D40}, {new_limit=61})
[28012:36088:0603/005638.834:VERBOSE1:media_stream_manager.cc(1533)] MSPL::OnSpeedLimitChange({this=000066EC00146D40}, {new_limit=62})
[28012:36088:0603/005639.836:VERBOSE1:media_stream_manager.cc(1533)] MSPL::OnSpeedLimitChange({this=000066EC00146D40}, {new_limit=61})
[28012:36088:0603/005640.836:VERBOSE1:media_stream_manager.cc(1533)] MSPL::OnSpeedLimitChange({this=000066EC00146D40}, {new_limit=62})
[28012:36088:0603/005643.921:VERBOSE1:media_stream_manager.cc(1533)] MSPL::OnSpeedLimitChange({this=000066EC00146D40}, {new_limit=63})
[28012:36088:0603/005646.844:VERBOSE1:media_stream_manager.cc(1533)] MSPL::OnSpeedLimitChange({this=000066EC00146D40}, {new_limit=64})
[28012:36088:0603/005647.844:VERBOSE1:media_stream_manager.cc(1533)] MSPL::OnSpeedLimitChange({this=000066EC00146D40}, {new_limit=63})
[28012:36088:0603/005648.884:VERBOSE1:media_stream_manager.cc(1533)] MSPL::OnSpeedLimitChange({this=000066EC00146D40}, {new_limit=64})
[28012:36088:0603/005650.873:VERBOSE1:media_stream_manager.cc(1533)] MSPL::OnSpeedLimitChange({this=000066EC00146D40}, {new_limit=100})
[28012:36088:0603/005700.862:VERBOSE1:media_stream_manager.cc(1533)] MSPL::OnSpeedLimitChange({this=000066EC00146D40}, {new_limit=61})
[28012:36088:0603/005703.863:VERBOSE1:media_stream_manager.cc(1533)] MSPL::OnSpeedLimitChange({this=000066EC00146D40}, {new_limit=62})
[28012:36088:0603/005706.861:VERBOSE1:media_stream_manager.cc(1533)] MSPL::OnSpeedLimitChange({this=000066EC00146D40}, {new_limit=63})
[28012:36088:0603/005707.907:VERBOSE1:media_stream_manager.cc(1533)] MSPL::OnSpeedLimitChange({this=000066EC00146D40}, {new_limit=62})
[28012:36088:0603/005708.861:VERBOSE1:media_stream_manager.cc(1533)] MSPL::OnSpeedLimitChange({this=000066EC00146D40}, {new_limit=63})
[28012:36088:0603/005709.876:VERBOSE1:media_stream_manager.cc(1533)] MSPL::OnSpeedLimitChange({this=000066EC00146D40}, {new_limit=64})
[28012:36088:0603/005710.859:VERBOSE1:media_stream_manager.cc(1533)] MSPL::OnSpeedLimitChange({this=000066EC00146D40}, {new_limit=63})
[28012:36088:0603/005712.869:VERBOSE1:media_stream_manager.cc(1533)] MSPL::OnSpeedLimitChange({this=000066EC00146D40}, {new_limit=65})
[28012:36088:0603/005713.864:VERBOSE1:media_stream_manager.cc(1533)] MSPL::OnSpeedLimitChange({this=000066EC00146D40}, {new_limit=64})
[28012:36088:0603/005718.871:VERBOSE1:media_stream_manager.cc(1533)] MSPL::OnSpeedLimitChange({this=000066EC00146D40}, {new_limit=65})
[28012:36088:0603/005719.873:VERBOSE1:media_stream_manager.cc(1533)] MSPL::OnSpeedLimitChange({this=000066EC00146D40}, {new_limit=64})
[28012:36088:0603/005722.876:VERBOSE1:media_stream_manager.cc(1533)] MSPL::OnSpeedLimitChange({this=000066EC00146D40}, {new_limit=63})
[28012:36088:0603/005723.873:VERBOSE1:media_stream_manager.cc(1533)] MSPL::OnSpeedLimitChange({this=000066EC00146D40}, {new_limit=62})
[28012:36088:0603/005726.887:VERBOSE1:media_stream_manager.cc(1533)] MSPL::OnSpeedLimitChange({this=000066EC00146D40}, {new_limit=61})
[28012:36088:0603/005728.896:VERBOSE1:media_stream_manager.cc(1533)] MSPL::OnSpeedLimitChange({this=000066EC00146D40}, {new_limit=60})
[28012:36088:0603/005729.885:VERBOSE1:media_stream_manager.cc(1533)] MSPL::OnSpeedLimitChange({this=000066EC00146D40}, {new_limit=59})
[28012:36088:0603/005733.880:VERBOSE1:media_stream_manager.cc(1533)] MSPL::OnSpeedLimitChange({this=000066EC00146D40}, {new_limit=60})
[28012:36088:0603/005736.882:VERBOSE1:media_stream_manager.cc(1533)] MSPL::OnSpeedLimitChange({this=000066EC00146D40}, {new_limit=61})
[28012:36088:0603/005738.884:VERBOSE1:media_stream_manager.cc(1533)] MSPL::OnSpeedLimitChange({this=000066EC00146D40}, {new_limit=60})
[28012:36088:0603/005739.891:VERBOSE1:media_stream_manager.cc(1533)] MSPL::OnSpeedLimitChange({this=000066EC00146D40}, {new_limit=61})
[28012:36088:0603/005742.890:VERBOSE1:media_stream_manager.cc(1533)] MSPL::OnSpeedLimitChange({this=000066EC00146D40}, {new_limit=62})
[28012:36088:0603/005746.890:VERBOSE1:media_stream_manager.cc(1533)] MSPL::OnSpeedLimitChange({this=000066EC00146D40}, {new_limit=61})
[28012:36088:0603/005750.891:VERBOSE1:media_stream_manager.cc(1533)] MSPL::OnSpeedLimitChange({this=000066EC00146D40}, {new_limit=60})
[28012:36088:0603/005751.901:VERBOSE1:media_stream_manager.cc(1533)] MSPL::OnSpeedLimitChange({this=000066EC00146D40}, {new_limit=61})
[28012:36088:0603/005753.898:VERBOSE1:media_stream_manager.cc(1533)] MSPL::OnSpeedLimitChange({this=000066EC00146D40}, {new_limit=60})
[28012:36088:0603/005755.898:VERBOSE1:media_stream_manager.cc(1533)] MSPL::OnSpeedLimitChange({this=000066EC00146D40}, {new_limit=61})
[28012:36088:0603/005756.899:VERBOSE1:media_stream_manager.cc(1533)] MSPL::OnSpeedLimitChange({this=000066EC00146D40}, {new_limit=62})
[28012:36088:0603/005757.903:VERBOSE1:media_stream_manager.cc(1533)] MSPL::OnSpeedLimitChange({this=000066EC00146D40}, {new_limit=63})
[28012:36088:0603/005803.897:VERBOSE1:media_stream_manager.cc(1533)] MSPL::OnSpeedLimitChange({this=000066EC00146D40}, {new_limit=64})
[28012:36088:0603/005806.908:VERBOSE1:media_stream_manager.cc(1533)] MSPL::OnSpeedLimitChange({this=000066EC00146D40}, {new_limit=63})
[28012:36088:0603/005807.908:VERBOSE1:media_stream_manager.cc(1533)] MSPL::OnSpeedLimitChange({this=000066EC00146D40}, {new_limit=62})
[28012:36088:0603/005813.050:VERBOSE1:media_stream_manager.cc(1533)] MSPL::OnSpeedLimitChange({this=000066EC00146D40}, {new_limit=100})
[28012:36088:0603/005822.918:VERBOSE1:media_stream_manager.cc(1533)] MSPL::OnSpeedLimitChange({this=000066EC00146D40}, {new_limit=61})
[28012:36088:0603/005824.916:VERBOSE1:media_stream_manager.cc(1533)] MSPL::OnSpeedLimitChange({this=000066EC00146D40}, {new_limit=62})
[28012:36088:0603/005826.924:VERBOSE1:media_stream_manager.cc(1533)] MSPL::OnSpeedLimitChange({this=000066EC00146D40}, {new_limit=61})
[28012:36088:0603/005828.968:VERBOSE1:media_stream_manager.cc(1533)] MSPL::OnSpeedLimitChange({this=000066EC00146D40}, {new_limit=62})
[28012:36088:0603/005829.929:VERBOSE1:media_stream_manager.cc(1533)] MSPL::OnSpeedLimitChange({this=000066EC00146D40}, {new_limit=63})
[28012:36088:0603/005831.923:VERBOSE1:media_stream_manager.cc(1533)] MSPL::OnSpeedLimitChange({this=000066EC00146D40}, {new_limit=62})
[28012:36088:0603/005833.921:VERBOSE1:media_stream_manager.cc(1533)] MSPL::OnSpeedLimitChange({this=000066EC00146D40}, {new_limit=61})
[28012:36088:0603/005838.928:VERBOSE1:media_stream_manager.cc(1533)] MSPL::OnSpeedLimitChange({this=000066EC00146D40}, {new_limit=60})
[28012:36088:0603/005840.931:VERBOSE1:media_stream_manager.cc(1533)] MSPL::OnSpeedLimitChange({this=000066EC00146D40}, {new_limit=61})
[14964:22972:0603/005841.155:VERBOSE1:network_delegate.cc(36)] NetworkDelegate::NotifyBeforeURLRequest: https://optimizationguide-pa.googleapis.com/v1:GetModels?key=dummytoken
[14964:22972:0603/005841.161:VERBOSE1:tls_handshaker.cc(105)] TlsClient: Continuing handshake
[14964:22972:0603/005841.161:VERBOSE1:tls_handshaker.cc(126)] TlsClient: SSL_do_handshake returned when entering early data. After retry, rv=-1, SSL_in_early_data=1
[14964:22972:0603/005841.241:VERBOSE1:tls_handshaker.cc(105)] TlsClient: Continuing handshake
[14964:22972:0603/005841.242:VERBOSE1:tls_handshaker.cc(105)] TlsClient: Continuing handshake
[14964:22972:0603/005841.242:VERBOSE1:tls_client_handshaker.cc(528)] Client: handshake finished
[28012:36088:0603/005842.949:VERBOSE1:media_stream_manager.cc(1533)] MSPL::OnSpeedLimitChange({this=000066EC00146D40}, {new_limit=64})
[28012:36088:0603/005844.933:VERBOSE1:media_stream_manager.cc(1533)] MSPL::OnSpeedLimitChange({this=000066EC00146D40}, {new_limit=65})
[28012:36088:0603/005847.934:VERBOSE1:media_stream_manager.cc(1533)] MSPL::OnSpeedLimitChange({this=000066EC00146D40}, {new_limit=66})
[28012:36088:0603/005849.944:VERBOSE1:media_stream_manager.cc(1533)] MSPL::OnSpeedLimitChange({this=000066EC00146D40}, {new_limit=67})
[28012:36088:0603/005850.932:VERBOSE1:media_stream_manager.cc(1533)] MSPL::OnSpeedLimitChange({this=000066EC00146D40}, {new_limit=66})
[28012:6228:0603/005851.879:VERBOSE1:device_event_log_impl.cc(198)] [00:58:51.876] Display: EVENT: screen_win.cc:893 Displays updated, count: 2
[28012:6228:0603/005851.879:VERBOSE1:device_event_log_impl.cc(198)] [00:58:51.876] Display: EVENT: screen_win.cc:895 Display[806122605] bounds=[0,0 2195x1235], workarea=[0,0 2195x1187], scale=1.75, rotation=0, panel_rotation=0 external detected
[28012:6228:0603/005851.879:VERBOSE1:device_event_log_impl.cc(198)] [00:58:51.876] Display: EVENT: screen_win.cc:895 Display[2138895926] bounds=[2109,1235 1281x720], workarea=[2109,1235 1281x672], scale=1.5, rotation=0, panel_rotation=0 external detected
[28012:36088:0603/005851.968:VERBOSE1:media_stream_manager.cc(1533)] MSPL::OnSpeedLimitChange({this=000066EC00146D40}, {new_limit=100})
[28012:6228:0603/005854.375:VERBOSE1:device_event_log_impl.cc(198)] [00:58:54.372] Display: EVENT: screen_win.cc:893 Displays updated, count: 2
[28012:6228:0603/005854.375:VERBOSE1:device_event_log_impl.cc(198)] [00:58:54.372] Display: EVENT: screen_win.cc:895 Display[806122605] bounds=[0,0 2195x1235], workarea=[0,0 2195x1187], scale=1.75, rotation=0, panel_rotation=0 external detected
[28012:6228:0603/005854.375:VERBOSE1:device_event_log_impl.cc(198)] [00:58:54.372] Display: EVENT: screen_win.cc:895 Display[2138895926] bounds=[2109,1235 1281x720], workarea=[2109,1235 1281x672], scale=1.5, rotation=0, panel_rotation=0 external detected
[28012:6228:0603/005857.855:VERBOSE1:device_event_log_impl.cc(198)] [00:58:57.855] Display: EVENT: screen_win.cc:893 Displays updated, count: 2
[28012:6228:0603/005857.855:VERBOSE1:device_event_log_impl.cc(198)] [00:58:57.856] Display: EVENT: screen_win.cc:895 Display[806122605] bounds=[0,0 2195x1235], workarea=[0,0 2195x1187], scale=1.75, rotation=0, panel_rotation=0 external detected
[28012:6228:0603/005857.855:VERBOSE1:device_event_log_impl.cc(198)] [00:58:57.856] Display: EVENT: screen_win.cc:895 Display[2138895926] bounds=[2109,1235 1281x720], workarea=[2109,1235 1281x672], scale=1.5, rotation=0, panel_rotation=0 external detected
[28012:6228:0603/005902.761:VERBOSE1:device_event_log_impl.cc(198)] [00:59:02.761] Display: EVENT: screen_win.cc:893 Displays updated, count: 2
[28012:6228:0603/005902.761:VERBOSE1:device_event_log_impl.cc(198)] [00:59:02.761] Display: EVENT: screen_win.cc:895 Display[806122605] bounds=[0,0 2195x1235], workarea=[0,0 2195x1187], scale=1.75, rotation=0, panel_rotation=0 external detected
[28012:6228:0603/005902.761:VERBOSE1:device_event_log_impl.cc(198)] [00:59:02.761] Display: EVENT: screen_win.cc:895 Display[2138895926] bounds=[2109,1235 1281x720], workarea=[2109,1235 1281x672], scale=1.5, rotation=0, panel_rotation=0 external detected
[28012:36088:0603/005912.193:VERBOSE1:media_stream_manager.cc(1533)] MSPL::OnSpeedLimitChange({this=000066EC00146D40}, {new_limit=77})
[28012:36088:0603/005913.193:VERBOSE1:media_stream_manager.cc(1533)] MSPL::OnSpeedLimitChange({this=000066EC00146D40}, {new_limit=79})
[28012:36088:0603/005914.193:VERBOSE1:media_stream_manager.cc(1533)] MSPL::OnSpeedLimitChange({this=000066EC00146D40}, {new_limit=80})
[28012:36088:0603/005915.194:VERBOSE1:media_stream_manager.cc(1533)] MSPL::OnSpeedLimitChange({this=000066EC00146D40}, {new_limit=81})
[28012:6228:0603/005915.580:VERBOSE1:device_event_log_impl.cc(198)] [00:59:15.579] Display: EVENT: screen_win.cc:893 Displays updated, count: 2
[28012:6228:0603/005915.580:VERBOSE1:device_event_log_impl.cc(198)] [00:59:15.579] Display: EVENT: screen_win.cc:895 Display[806122605] bounds=[0,0 2195x1235], workarea=[0,0 2195x1187], scale=1.75, rotation=0, panel_rotation=0 external detected
[28012:6228:0603/005915.580:VERBOSE1:device_event_log_impl.cc(198)] [00:59:15.579] Display: EVENT: screen_win.cc:895 Display[2138895926] bounds=[2109,1235 1281x720], workarea=[2109,1235 1281x672], scale=1.5, rotation=0, panel_rotation=0 external detected
[28012:36088:0603/005915.960:VERBOSE1:media_stream_manager.cc(1533)] MSPL::OnSpeedLimitChange({this=000066EC00146D40}, {new_limit=79})
[28012:36088:0603/005916.949:VERBOSE1:media_stream_manager.cc(1533)] MSPL::OnSpeedLimitChange({this=000066EC00146D40}, {new_limit=77})
[28012:36088:0603/005917.958:VERBOSE1:media_stream_manager.cc(1533)] MSPL::OnSpeedLimitChange({this=000066EC00146D40}, {new_limit=75})
[28012:36088:0603/005918.964:VERBOSE1:media_stream_manager.cc(1533)] MSPL::OnSpeedLimitChange({this=000066EC00146D40}, {new_limit=73})
[28012:36088:0603/005919.953:VERBOSE1:media_stream_manager.cc(1533)] MSPL::OnSpeedLimitChange({this=000066EC00146D40}, {new_limit=71})
[28012:36088:0603/005920.955:VERBOSE1:media_stream_manager.cc(1533)] MSPL::OnSpeedLimitChange({this=000066EC00146D40}, {new_limit=69})
[28012:36088:0603/005921.958:VERBOSE1:media_stream_manager.cc(1533)] MSPL::OnSpeedLimitChange({this=000066EC00146D40}, {new_limit=68})
[28012:36088:0603/005922.966:VERBOSE1:media_stream_manager.cc(1533)] MSPL::OnSpeedLimitChange({this=000066EC00146D40}, {new_limit=65})
[28012:36088:0603/005923.963:VERBOSE1:media_stream_manager.cc(1533)] MSPL::OnSpeedLimitChange({this=000066EC00146D40}, {new_limit=62})
[28012:36088:0603/005924.961:VERBOSE1:media_stream_manager.cc(1533)] MSPL::OnSpeedLimitChange({this=000066EC00146D40}, {new_limit=60})
[28012:36088:0603/005925.958:VERBOSE1:media_stream_manager.cc(1533)] MSPL::OnSpeedLimitChange({this=000066EC00146D40}, {new_limit=59})
[28012:36088:0603/005927.968:VERBOSE1:media_stream_manager.cc(1533)] MSPL::OnSpeedLimitChange({this=000066EC00146D40}, {new_limit=60})
[28012:36088:0603/005929.980:VERBOSE1:media_stream_manager.cc(1533)] MSPL::OnSpeedLimitChange({this=000066EC00146D40}, {new_limit=63})
[28012:36088:0603/005931.332:VERBOSE1:media_stream_manager.cc(1533)] MSPL::OnSpeedLimitChange({this=000066EC00146D40}, {new_limit=100})
[28012:36088:0603/005940.972:VERBOSE1:media_stream_manager.cc(1533)] MSPL::OnSpeedLimitChange({this=000066EC00146D40}, {new_limit=66})
[28012:36088:0603/005941.969:VERBOSE1:media_stream_manager.cc(1533)] MSPL::OnSpeedLimitChange({this=000066EC00146D40}, {new_limit=65})
[28012:36088:0603/005942.969:VERBOSE1:media_stream_manager.cc(1533)] MSPL::OnSpeedLimitChange({this=000066EC00146D40}, {new_limit=64})
[28012:36088:0603/005944.970:VERBOSE1:media_stream_manager.cc(1533)] MSPL::OnSpeedLimitChange({this=000066EC00146D40}, {new_limit=63})
[28012:36088:0603/005948.969:VERBOSE1:media_stream_manager.cc(1533)] MSPL::OnSpeedLimitChange({this=000066EC00146D40}, {new_limit=62})
[28012:36088:0603/005957.704:VERBOSE1:media_stream_manager.cc(1533)] MSPL::OnSpeedLimitChange({this=000066EC00146D40}, {new_limit=63})
[28012:36088:0603/005958.979:VERBOSE1:media_stream_manager.cc(1533)] MSPL::OnSpeedLimitChange({this=000066EC00146D40}, {new_limit=64})
[28012:36088:0603/010000.000:VERBOSE1:media_stream_manager.cc(1533)] MSPL::OnSpeedLimitChange({this=000066EC00146D40}, {new_limit=63})
[28012:36088:0603/010002.063:VERBOSE1:media_stream_manager.cc(1533)] MSPL::OnSpeedLimitChange({this=000066EC00146D40}, {new_limit=65})
[28012:36088:0603/010002.982:VERBOSE1:media_stream_manager.cc(1533)] MSPL::OnSpeedLimitChange({this=000066EC00146D40}, {new_limit=66})
[28012:36088:0603/010004.151:VERBOSE1:media_stream_manager.cc(1533)] MSPL::OnSpeedLimitChange({this=000066EC00146D40}, {new_limit=69})
[28012:36088:0603/010007.001:VERBOSE1:media_stream_manager.cc(1533)] MSPL::OnSpeedLimitChange({this=000066EC00146D40}, {new_limit=100})
[28012:36088:0603/010016.996:VERBOSE1:media_stream_manager.cc(1533)] MSPL::OnSpeedLimitChange({this=000066EC00146D40}, {new_limit=62})
[28012:36088:0603/010017.990:VERBOSE1:media_stream_manager.cc(1533)] MSPL::OnSpeedLimitChange({this=000066EC00146D40}, {new_limit=64})
[28012:36088:0603/010018.995:VERBOSE1:media_stream_manager.cc(1533)] MSPL::OnSpeedLimitChange({this=000066EC00146D40}, {new_limit=65})
[28012:36088:0603/010019.998:VERBOSE1:media_stream_manager.cc(1533)] MSPL::OnSpeedLimitChange({this=000066EC00146D40}, {new_limit=66})
[28012:6228:0603/010021.206:VERBOSE1:device_event_log_impl.cc(198)] [01:00:21.205] Display: EVENT: screen_win.cc:893 Displays updated, count: 2
[28012:6228:0603/010021.206:VERBOSE1:device_event_log_impl.cc(198)] [01:00:21.205] Display: EVENT: screen_win.cc:895 Display[806122605] bounds=[0,0 2195x1235], workarea=[0,0 2195x1187], scale=1.75, rotation=0, panel_rotation=0 external detected
[28012:6228:0603/010021.206:VERBOSE1:device_event_log_impl.cc(198)] [01:00:21.205] Display: EVENT: screen_win.cc:895 Display[2138895926] bounds=[2109,1235 1281x720], workarea=[2109,1235 1281x672], scale=1.5, rotation=0, panel_rotation=0 external detected
[28012:6228:0603/010022.679:VERBOSE1:device_event_log_impl.cc(198)] [01:00:22.679] Display: EVENT: screen_win.cc:893 Displays updated, count: 2
[28012:6228:0603/010022.679:VERBOSE1:device_event_log_impl.cc(198)] [01:00:22.679] Display: EVENT: screen_win.cc:895 Display[806122605] bounds=[0,0 2195x1235], workarea=[0,0 2195x1187], scale=1.75, rotation=0, panel_rotation=0 external detected
[28012:6228:0603/010022.679:VERBOSE1:device_event_log_impl.cc(198)] [01:00:22.679] Display: EVENT: screen_win.cc:895 Display[2138895926] bounds=[2109,1235 1281x720], workarea=[2109,1235 1281x672], scale=1.5, rotation=0, panel_rotation=0 external detected
[28012:36088:0603/010023.000:VERBOSE1:media_stream_manager.cc(1533)] MSPL::OnSpeedLimitChange({this=000066EC00146D40}, {new_limit=69})
[28012:6228:0603/010024.240:VERBOSE1:device_event_log_impl.cc(198)] [01:00:24.239] Display: EVENT: screen_win.cc:893 Displays updated, count: 2
[28012:6228:0603/010024.240:VERBOSE1:device_event_log_impl.cc(198)] [01:00:24.239] Display: EVENT: screen_win.cc:895 Display[806122605] bounds=[0,0 2195x1235], workarea=[0,0 2195x1187], scale=1.75, rotation=0, panel_rotation=0 external detected
[28012:6228:0603/010024.240:VERBOSE1:device_event_log_impl.cc(198)] [01:00:24.239] Display: EVENT: screen_win.cc:895 Display[2138895926] bounds=[2109,1235 1281x720], workarea=[2109,1235 1281x672], scale=1.5, rotation=0, panel_rotation=0 external detected
[28012:36088:0603/010025.009:VERBOSE1:media_stream_manager.cc(1533)] MSPL::OnSpeedLimitChange({this=000066EC00146D40}, {new_limit=67})
[28012:36088:0603/010025.993:VERBOSE1:media_stream_manager.cc(1533)] MSPL::OnSpeedLimitChange({this=000066EC00146D40}, {new_limit=68})
[28012:36088:0603/010027.002:VERBOSE1:media_stream_manager.cc(1533)] MSPL::OnSpeedLimitChange({this=000066EC00146D40}, {new_limit=69})
[28012:6228:0603/010027.980:VERBOSE1:device_event_log_impl.cc(198)] [01:00:27.978] Display: EVENT: screen_win.cc:893 Displays updated, count: 2
[28012:6228:0603/010027.980:VERBOSE1:device_event_log_impl.cc(198)] [01:00:27.978] Display: EVENT: screen_win.cc:895 Display[806122605] bounds=[0,0 2195x1235], workarea=[0,0 2195x1187], scale=1.75, rotation=0, panel_rotation=0 external detected
[28012:6228:0603/010027.980:VERBOSE1:device_event_log_impl.cc(198)] [01:00:27.979] Display: EVENT: screen_win.cc:895 Display[2138895926] bounds=[2109,1235 1281x720], workarea=[2109,1235 1281x672], scale=1.5, rotation=0, panel_rotation=0 external detected
[28012:36088:0603/010029.013:VERBOSE1:media_stream_manager.cc(1533)] MSPL::OnSpeedLimitChange({this=000066EC00146D40}, {new_limit=70})
[28012:6228:0603/010029.653:VERBOSE1:device_event_log_impl.cc(198)] [01:00:29.651] Display: EVENT: screen_win.cc:893 Displays updated, count: 2
[28012:6228:0603/010029.653:VERBOSE1:device_event_log_impl.cc(198)] [01:00:29.651] Display: EVENT: screen_win.cc:895 Display[806122605] bounds=[0,0 2195x1235], workarea=[0,0 2195x1187], scale=1.75, rotation=0, panel_rotation=0 external detected
[28012:6228:0603/010029.653:VERBOSE1:device_event_log_impl.cc(198)] [01:00:29.651] Display: EVENT: screen_win.cc:895 Display[2138895926] bounds=[2109,1235 1281x720], workarea=[2109,1235 1281x672], scale=1.5, rotation=0, panel_rotation=0 external detected
[28012:36088:0603/010031.004:VERBOSE1:media_stream_manager.cc(1533)] MSPL::OnSpeedLimitChange({this=000066EC00146D40}, {new_limit=71})
[28012:36088:0603/010032.010:VERBOSE1:media_stream_manager.cc(1533)] MSPL::OnSpeedLimitChange({this=000066EC00146D40}, {new_limit=72})
[28012:36088:0603/010033.011:VERBOSE1:media_stream_manager.cc(1533)] MSPL::OnSpeedLimitChange({this=000066EC00146D40}, {new_limit=71})
[28012:36088:0603/010034.007:VERBOSE1:media_stream_manager.cc(1533)] MSPL::OnSpeedLimitChange({this=000066EC00146D40}, {new_limit=72})
[28012:36088:0603/010036.003:VERBOSE1:media_stream_manager.cc(1533)] MSPL::OnSpeedLimitChange({this=000066EC00146D40}, {new_limit=73})
[28012:36088:0603/010037.004:VERBOSE1:media_stream_manager.cc(1533)] MSPL::OnSpeedLimitChange({this=000066EC00146D40}, {new_limit=74})
[28012:36088:0603/010040.007:VERBOSE1:media_stream_manager.cc(1533)] MSPL::OnSpeedLimitChange({this=000066EC00146D40}, {new_limit=75})
[28012:36088:0603/010041.014:VERBOSE1:media_stream_manager.cc(1533)] MSPL::OnSpeedLimitChange({this=000066EC00146D40}, {new_limit=74})
[28012:36088:0603/010043.021:VERBOSE1:media_stream_manager.cc(1533)] MSPL::OnSpeedLimitChange({this=000066EC00146D40}, {new_limit=72})
[28012:36088:0603/010044.018:VERBOSE1:media_stream_manager.cc(1533)] MSPL::OnSpeedLimitChange({this=000066EC00146D40}, {new_limit=71})
[28012:36088:0603/010045.011:VERBOSE1:media_stream_manager.cc(1533)] MSPL::OnSpeedLimitChange({this=000066EC00146D40}, {new_limit=69})
[28012:36088:0603/010046.015:VERBOSE1:media_stream_manager.cc(1533)] MSPL::OnSpeedLimitChange({this=000066EC00146D40}, {new_limit=67})
[28012:36088:0603/010048.468:VERBOSE1:media_stream_manager.cc(1533)] MSPL::OnSpeedLimitChange({this=000066EC00146D40}, {new_limit=68})
[28012:36088:0603/010050.023:VERBOSE1:media_stream_manager.cc(1533)] MSPL::OnSpeedLimitChange({this=000066EC00146D40}, {new_limit=67})
[28012:36088:0603/010051.014:VERBOSE1:media_stream_manager.cc(1533)] MSPL::OnSpeedLimitChange({this=000066EC00146D40}, {new_limit=68})
[28012:36088:0603/010052.012:VERBOSE1:media_stream_manager.cc(1533)] MSPL::OnSpeedLimitChange({this=000066EC00146D40}, {new_limit=69})
[28012:36088:0603/010053.030:VERBOSE1:media_stream_manager.cc(1533)] MSPL::OnSpeedLimitChange({this=000066EC00146D40}, {new_limit=71})
[28012:36088:0603/010054.029:VERBOSE1:media_stream_manager.cc(1533)] MSPL::OnSpeedLimitChange({this=000066EC00146D40}, {new_limit=72})
[28012:36088:0603/010055.026:VERBOSE1:media_stream_manager.cc(1533)] MSPL::OnSpeedLimitChange({this=000066EC00146D40}, {new_limit=74})
[28012:36088:0603/010056.023:VERBOSE1:media_stream_manager.cc(1533)] MSPL::OnSpeedLimitChange({this=000066EC00146D40}, {new_limit=76})
[28012:36088:0603/010057.016:VERBOSE1:media_stream_manager.cc(1533)] MSPL::OnSpeedLimitChange({this=000066EC00146D40}, {new_limit=77})
[28012:36088:0603/010058.019:VERBOSE1:media_stream_manager.cc(1533)] MSPL::OnSpeedLimitChange({this=000066EC00146D40}, {new_limit=75})
[28012:36088:0603/010059.029:VERBOSE1:media_stream_manager.cc(1533)] MSPL::OnSpeedLimitChange({this=000066EC00146D40}, {new_limit=76})
[28012:36088:0603/010100.019:VERBOSE1:media_stream_manager.cc(1533)] MSPL::OnSpeedLimitChange({this=000066EC00146D40}, {new_limit=75})
[28012:36088:0603/010101.029:VERBOSE1:media_stream_manager.cc(1533)] MSPL::OnSpeedLimitChange({this=000066EC00146D40}, {new_limit=76})
[28012:36088:0603/010104.035:VERBOSE1:media_stream_manager.cc(1533)] MSPL::OnSpeedLimitChange({this=000066EC00146D40}, {new_limit=75})
[28012:36088:0603/010105.035:VERBOSE1:media_stream_manager.cc(1533)] MSPL::OnSpeedLimitChange({this=000066EC00146D40}, {new_limit=76})
[28012:36088:0603/010106.032:VERBOSE1:media_stream_manager.cc(1533)] MSPL::OnSpeedLimitChange({this=000066EC00146D40}, {new_limit=74})
[28012:36088:0603/010107.035:VERBOSE1:media_stream_manager.cc(1533)] MSPL::OnSpeedLimitChange({this=000066EC00146D40}, {new_limit=75})
[28012:36088:0603/010110.040:VERBOSE1:media_stream_manager.cc(1533)] MSPL::OnSpeedLimitChange({this=000066EC00146D40}, {new_limit=76})
[28012:36088:0603/010112.030:VERBOSE1:media_stream_manager.cc(1533)] MSPL::OnSpeedLimitChange({this=000066EC00146D40}, {new_limit=75})
[28012:6228:0603/010112.834:VERBOSE1:device_event_log_impl.cc(198)] [01:01:12.829] Display: EVENT: screen_win.cc:893 Displays updated, count: 2
[28012:6228:0603/010112.834:VERBOSE1:device_event_log_impl.cc(198)] [01:01:12.829] Display: EVENT: screen_win.cc:895 Display[806122605] bounds=[0,0 2195x1235], workarea=[0,0 2195x1187], scale=1.75, rotation=0, panel_rotation=0 external detected
[28012:6228:0603/010112.834:VERBOSE1:device_event_log_impl.cc(198)] [01:01:12.829] Display: EVENT: screen_win.cc:895 Display[2138895926] bounds=[2109,1235 1281x720], workarea=[2109,1235 1281x672], scale=1.5, rotation=0, panel_rotation=0 external detected
[28012:36088:0603/010114.032:VERBOSE1:media_stream_manager.cc(1533)] MSPL::OnSpeedLimitChange({this=000066EC00146D40}, {new_limit=76})
[28012:36088:0603/010115.035:VERBOSE1:media_stream_manager.cc(1533)] MSPL::OnSpeedLimitChange({this=000066EC00146D40}, {new_limit=75})
[28012:36088:0603/010117.039:VERBOSE1:media_stream_manager.cc(1533)] MSPL::OnSpeedLimitChange({this=000066EC00146D40}, {new_limit=74})
[28012:36088:0603/010119.040:VERBOSE1:media_stream_manager.cc(1533)] MSPL::OnSpeedLimitChange({this=000066EC00146D40}, {new_limit=73})
[28012:36088:0603/010120.035:VERBOSE1:media_stream_manager.cc(1533)] MSPL::OnSpeedLimitChange({this=000066EC00146D40}, {new_limit=72})
[28012:36088:0603/010122.048:VERBOSE1:media_stream_manager.cc(1533)] MSPL::OnSpeedLimitChange({this=000066EC00146D40}, {new_limit=71})
[14964:22972:0603/010122.576:VERBOSE1:network_delegate.cc(36)] NetworkDelegate::NotifyBeforeURLRequest: https://optimizationguide-pa.googleapis.com/v1:GetModels?key=dummytoken
[14964:22972:0603/010122.581:VERBOSE1:tls_handshaker.cc(105)] TlsClient: Continuing handshake
[14964:22972:0603/010122.582:VERBOSE1:tls_handshaker.cc(126)] TlsClient: SSL_do_handshake returned when entering early data. After retry, rv=-1, SSL_in_early_data=1
[14964:22972:0603/010122.635:VERBOSE1:tls_handshaker.cc(105)] TlsClient: Continuing handshake
[14964:22972:0603/010122.635:VERBOSE1:tls_handshaker.cc(105)] TlsClient: Continuing handshake
[14964:22972:0603/010122.635:VERBOSE1:tls_client_handshaker.cc(528)] Client: handshake finished
[28012:36088:0603/010123.033:VERBOSE1:media_stream_manager.cc(1533)] MSPL::OnSpeedLimitChange({this=000066EC00146D40}, {new_limit=69})
[28012:36088:0603/010124.050:VERBOSE1:media_stream_manager.cc(1533)] MSPL::OnSpeedLimitChange({this=000066EC00146D40}, {new_limit=67})
[28012:36088:0603/010125.042:VERBOSE1:media_stream_manager.cc(1533)] MSPL::OnSpeedLimitChange({this=000066EC00146D40}, {new_limit=66})
[28012:36088:0603/010126.056:VERBOSE1:media_stream_manager.cc(1533)] MSPL::OnSpeedLimitChange({this=000066EC00146D40}, {new_limit=65})
[28012:36088:0603/010127.042:VERBOSE1:media_stream_manager.cc(1533)] MSPL::OnSpeedLimitChange({this=000066EC00146D40}, {new_limit=63})
[28012:36088:0603/010130.053:VERBOSE1:media_stream_manager.cc(1533)] MSPL::OnSpeedLimitChange({this=000066EC00146D40}, {new_limit=62})
[28012:36088:0603/010133.052:VERBOSE1:media_stream_manager.cc(1533)] MSPL::OnSpeedLimitChange({this=000066EC00146D40}, {new_limit=61})
[28012:36088:0603/010134.046:VERBOSE1:media_stream_manager.cc(1533)] MSPL::OnSpeedLimitChange({this=000066EC00146D40}, {new_limit=62})
[28012:36088:0603/010138.045:VERBOSE1:media_stream_manager.cc(1533)] MSPL::OnSpeedLimitChange({this=000066EC00146D40}, {new_limit=63})
[28012:36088:0603/010140.062:VERBOSE1:media_stream_manager.cc(1533)] MSPL::OnSpeedLimitChange({this=000066EC00146D40}, {new_limit=64})
[28012:36088:0603/010143.070:VERBOSE1:media_stream_manager.cc(1533)] MSPL::OnSpeedLimitChange({this=000066EC00146D40}, {new_limit=65})
[28012:6228:0603/010143.787:VERBOSE1:device_event_log_impl.cc(198)] [01:01:43.787] Display: EVENT: screen_win.cc:893 Displays updated, count: 2
[28012:6228:0603/010143.787:VERBOSE1:device_event_log_impl.cc(198)] [01:01:43.787] Display: EVENT: screen_win.cc:895 Display[806122605] bounds=[0,0 2195x1235], workarea=[0,0 2195x1187], scale=1.75, rotation=0, panel_rotation=0 external detected
[28012:6228:0603/010143.787:VERBOSE1:device_event_log_impl.cc(198)] [01:01:43.787] Display: EVENT: screen_win.cc:895 Display[2138895926] bounds=[2109,1235 1281x720], workarea=[2109,1235 1281x672], scale=1.5, rotation=0, panel_rotation=0 external detected
[28012:36088:0603/010144.072:VERBOSE1:media_stream_manager.cc(1533)] MSPL::OnSpeedLimitChange({this=000066EC00146D40}, {new_limit=67})
[28012:36088:0603/010147.057:VERBOSE1:media_stream_manager.cc(1533)] MSPL::OnSpeedLimitChange({this=000066EC00146D40}, {new_limit=68})
[28012:36088:0603/010152.071:VERBOSE1:media_stream_manager.cc(1533)] MSPL::OnSpeedLimitChange({this=000066EC00146D40}, {new_limit=69})
[28012:36088:0603/010155.063:VERBOSE1:media_stream_manager.cc(1533)] MSPL::OnSpeedLimitChange({this=000066EC00146D40}, {new_limit=70})
[28012:36088:0603/010156.072:VERBOSE1:media_stream_manager.cc(1533)] MSPL::OnSpeedLimitChange({this=000066EC00146D40}, {new_limit=71})
[28012:36088:0603/010159.073:VERBOSE1:media_stream_manager.cc(1533)] MSPL::OnSpeedLimitChange({this=000066EC00146D40}, {new_limit=70})
[28012:36088:0603/010200.072:VERBOSE1:media_stream_manager.cc(1533)] MSPL::OnSpeedLimitChange({this=000066EC00146D40}, {new_limit=69})
[28012:36088:0603/010201.523:VERBOSE1:media_stream_manager.cc(1533)] MSPL::OnSpeedLimitChange({this=000066EC00146D40}, {new_limit=71})
[28012:36088:0603/010203.073:VERBOSE1:media_stream_manager.cc(1533)] MSPL::OnSpeedLimitChange({this=000066EC00146D40}, {new_limit=70})
[28012:36088:0603/010204.088:VERBOSE1:media_stream_manager.cc(1533)] MSPL::OnSpeedLimitChange({this=000066EC00146D40}, {new_limit=69})
[28012:36088:0603/010205.078:VERBOSE1:media_stream_manager.cc(1533)] MSPL::OnSpeedLimitChange({this=000066EC00146D40}, {new_limit=67})
[28012:36088:0603/010206.083:VERBOSE1:media_stream_manager.cc(1533)] MSPL::OnSpeedLimitChange({this=000066EC00146D40}, {new_limit=66})
[28012:36088:0603/010207.084:VERBOSE1:media_stream_manager.cc(1533)] MSPL::OnSpeedLimitChange({this=000066EC00146D40}, {new_limit=67})
[28012:36088:0603/010208.074:VERBOSE1:media_stream_manager.cc(1533)] MSPL::OnSpeedLimitChange({this=000066EC00146D40}, {new_limit=68})
[28012:36088:0603/010209.099:VERBOSE1:media_stream_manager.cc(1533)] MSPL::OnSpeedLimitChange({this=000066EC00146D40}, {new_limit=69})
[28012:36088:0603/010211.088:VERBOSE1:media_stream_manager.cc(1533)] MSPL::OnSpeedLimitChange({this=000066EC00146D40}, {new_limit=67})
[28012:36088:0603/010212.076:VERBOSE1:media_stream_manager.cc(1533)] MSPL::OnSpeedLimitChange({this=000066EC00146D40}, {new_limit=68})
[28012:36088:0603/010214.091:VERBOSE1:media_stream_manager.cc(1533)] MSPL::OnSpeedLimitChange({this=000066EC00146D40}, {new_limit=69})
[28012:36088:0603/010215.086:VERBOSE1:media_stream_manager.cc(1533)] MSPL::OnSpeedLimitChange({this=000066EC00146D40}, {new_limit=70})
[28012:36088:0603/010216.091:VERBOSE1:media_stream_manager.cc(1533)] MSPL::OnSpeedLimitChange({this=000066EC00146D40}, {new_limit=71})
[28012:36088:0603/010217.096:VERBOSE1:media_stream_manager.cc(1533)] MSPL::OnSpeedLimitChange({this=000066EC00146D40}, {new_limit=70})
[28012:36088:0603/010218.086:VERBOSE1:media_stream_manager.cc(1533)] MSPL::OnSpeedLimitChange({this=000066EC00146D40}, {new_limit=69})
[28012:36088:0603/010219.094:VERBOSE1:media_stream_manager.cc(1533)] MSPL::OnSpeedLimitChange({this=000066EC00146D40}, {new_limit=70})
[28012:36088:0603/010222.091:VERBOSE1:media_stream_manager.cc(1533)] MSPL::OnSpeedLimitChange({this=000066EC00146D40}, {new_limit=69})
[28012:36088:0603/010223.091:VERBOSE1:media_stream_manager.cc(1533)] MSPL::OnSpeedLimitChange({this=000066EC00146D40}, {new_limit=70})
[28012:36088:0603/010228.149:VERBOSE1:media_stream_manager.cc(1533)] MSPL::OnSpeedLimitChange({this=000066EC00146D40}, {new_limit=71})
[28012:36088:0603/010229.100:VERBOSE1:media_stream_manager.cc(1533)] MSPL::OnSpeedLimitChange({this=000066EC00146D40}, {new_limit=70})
[28012:36088:0603/010230.097:VERBOSE1:media_stream_manager.cc(1533)] MSPL::OnSpeedLimitChange({this=000066EC00146D40}, {new_limit=69})
[28012:36088:0603/010231.097:VERBOSE1:media_stream_manager.cc(1533)] MSPL::OnSpeedLimitChange({this=000066EC00146D40}, {new_limit=68})
[28012:36088:0603/010233.100:VERBOSE1:media_stream_manager.cc(1533)] MSPL::OnSpeedLimitChange({this=000066EC00146D40}, {new_limit=67})
[28012:36088:0603/010235.098:VERBOSE1:media_stream_manager.cc(1533)] MSPL::OnSpeedLimitChange({this=000066EC00146D40}, {new_limit=66})
[28012:36088:0603/010239.282:VERBOSE1:media_stream_manager.cc(1533)] MSPL::OnSpeedLimitChange({this=000066EC00146D40}, {new_limit=68})
[28012:36088:0603/010240.296:VERBOSE1:media_stream_manager.cc(1533)] MSPL::OnSpeedLimitChange({this=000066EC00146D40}, {new_limit=70})
[28012:6228:0603/010240.305:VERBOSE1:frame_host_impl.cc(515)] frame 6-6688E69D22EECFD6DF4EC2AD342DAFA7 (sub) detached (reason=RENDER_FRAME_DELETED, is_connected=1)
[34208:21104:0603/010240.306:VERBOSE1:dispatcher.cc(596)] Num tracked contexts: 1
[34208:21104:0603/010240.306:VERBOSE1:frame_impl.cc(620)] frame 6-6688E69D22EECFD6DF4EC2AD342DAFA7 disconnected (reason=DETACHED, current_state=CONNECTION_ACKED, FRAME_INVALID)
[34208:21104:0603/010240.307:VERBOSE1:frame_impl.cc(620)] frame 6-CC6637A739CFC3DEFE9123B40A02AB6E disconnected (reason=BROWSER_FRAME_DISCONNECT, current_state=CONNECTION_ACKED)
[34208:21104:0603/010240.307:VERBOSE1:frame_impl.cc(633)] frame 6-CC6637A739CFC3DEFE9123B40A02AB6E connection retry scheduled
[34208:21104:0603/010240.307:VERBOSE1:script_context.cc(164)] Destroyed context for extension
  extension id: 
  effective extension id: 
[34208:21104:0603/010240.307:VERBOSE1:script_context.cc(164)] Destroyed context for extension
  extension id: 
  effective extension id: 
[28012:6228:0603/010240.307:VERBOSE1:frame_host_impl.cc(515)] frame 6-CC6637A739CFC3DEFE9123B40A02AB6E (main) detached (reason=NEW_MAIN_FRAME, is_connected=1)
[28012:6228:0603/010240.325:VERBOSE1:account_reconcilor.cc(264)] AccountReconcilor::Shutdown
[28012:6228:0603/010240.325:VERBOSE1:account_reconcilor.cc(718)] AccountReconcilor::AbortReconcile: try again later
[28012:6228:0603/010240.325:VERBOSE1:account_reconcilor.cc(827)] AccountReconcilor::CalculateIfMultiloginReconcileIsDone: Error was 
[28012:6228:0603/010240.325:VERBOSE1:account_reconcilor.cc(313)] AccountReconcilor::UnregisterWithIdentityManager
[28012:6228:0603/010240.325:VERBOSE1:account_reconcilor.cc(286)] AccountReconcilor::UnregisterWithContentSettings
[28012:6228:0603/010240.325:VERBOSE1:gaia_cookie_manager_service.cc(628)] GaiaCookieManagerService::CancelAll
[28012:6228:0603/010240.325:VERBOSE1:mutable_profile_oauth2_token_service_delegate.cc(752)] MutablePO2TS::Shutdown
[28012:6228:0603/010240.325:VERBOSE1:mutable_profile_oauth2_token_service_delegate.cc(235)] MutablePO2TS::~MutablePO2TS
[28012:6228:0603/010240.325:VERBOSE1:device_event_log_impl.cc(198)] [01:02:40.325] Bluetooth: EVENT: bluetooth_api.cc:109 BluetoothAPI: Shutdown
[28012:6228:0603/010240.327:VERBOSE1:account_reconcilor.cc(193)] AccountReconcilor::~AccountReconcilor
[28012:6228:0603/010240.327:VERBOSE1:device_event_log_impl.cc(198)] [01:02:40.327] Bluetooth: EVENT: bluetooth_api.cc:95 ~BluetoothAPI: 000066EC00339A00
[28012:6228:0603/010240.416:VERBOSE1:component_updater_service.cc(180)] CrxUpdateService stopping
[28012:6228:0603/010240.416:WARNING:pref_notifier_impl.cc(41)] Pref observer for media_router.cast_allow_all_ips found at shutdown.
[28012:6228:0603/010240.432:VERBOSE1:statistics_recorder.cc(607)] Collections of all histograms
Histogram: API.StorageAccess.AllowedRequests2 recorded 258 samples, mean = 0.0 (flags = 0x41)
0  ------------------------------------------------------------------------O (249 = 96.5%)
1  ---O                                                                      (9 = 3.5%) {96.5%}
2  ... 

Histogram: API.StorageAccess.DocumentInheritedStorageAccess recorded 8 samples, mean = 0.0 (flags = 0x41)
0  --------O                                                                 (8 = 100.0%)
1  ... 

Histogram: API.StorageAccess.DocumentLoadedWithStorageAccess recorded 8 samples, mean = 0.0 (flags = 0x41)
0  --------O                                                                 (8 = 100.0%)
1  ... 

Histogram: Accessibility.CaptionSettingsLoadedFromSystemSettings recorded 1 samples, mean = 0.0 (flags = 0x41)
0  -O                                                                        (1 = 100.0%)
1  ... 

Histogram: Accessibility.ImageLabels2 recorded 1 samples, mean = 0.0 (flags = 0x41)
0  -O                                                                        (1 = 100.0%)
1  ... 

Histogram: Accessibility.LiveCaption.FeatureEnabled2 recorded 1 samples, mean = 1.0 (flags = 0x41)
0  O                                                                         (0 = 0.0%)
1  -O                                                                        (1 = 100.0%) {0.0%}
2  O                                                                         (0 = 0.0%) {100.0%}

Histogram: Accessibility.LiveCaption2 recorded 1 samples, mean = 0.0 (flags = 0x41)
0  -O                                                                        (1 = 100.0%)
1  ... 

Histogram: Accessibility.ManuallyEnabled recorded 1 samples, mean = 0.0 (flags = 0x41)
0  -O                                                                        (1 = 100.0%)
1  ... 

Histogram: Accessibility.WinJAWS recorded 1 samples, mean = 0.0 (flags = 0x41)
0  -O                                                                        (1 = 100.0%)
1  ... 

Histogram: Accessibility.WinNVDA recorded 1 samples, mean = 0.0 (flags = 0x41)
0  -O                                                                        (1 = 100.0%)
1  ... 

Histogram: Accessibility.WinSAToGo recorded 1 samples, mean = 0.0 (flags = 0x41)
0  -O                                                                        (1 = 100.0%)
1  ... 

Histogram: Accessibility.WinScreenReader2 recorded 1 samples, mean = 0.0 (flags = 0x41)
0  -O                                                                        (1 = 100.0%)
1  ... 

Histogram: Accessibility.WinStickyKeys recorded 1 samples, mean = 0.0 (flags = 0x41)
0  -O                                                                        (1 = 100.0%)
1  ... 

Histogram: Accessibility.WinSupernova recorded 1 samples, mean = 0.0 (flags = 0x41)
0  -O                                                                        (1 = 100.0%)
1  ... 

Histogram: Accessibility.WinZoomText recorded 1 samples, mean = 0.0 (flags = 0x41)
0  -O                                                                        (1 = 100.0%)
1  ... 

Histogram: AppBanners.InstallableStatusCode recorded 1 samples (flags = 0x41)
8  -O                                                                        (1 = 100.0%)

Histogram: Apps.PreferredApps.EntryCount recorded 1 samples, mean = 0.0 (flags = 0x41)
0  -O                                                                        (1 = 100.0%)
1  ... 

Histogram: Autofill.Address.IsEnabled.PageLoad recorded 1 samples, mean = 1.0 (flags = 0x41)
0  O                                                                         (0 = 0.0%)
1  -O                                                                        (1 = 100.0%) {0.0%}
2  O                                                                         (0 = 0.0%) {100.0%}

Histogram: Autofill.Address.IsEnabled.PageLoad.SignedOut recorded 1 samples, mean = 1.0 (flags = 0x41)
0  O                                                                         (0 = 0.0%)
1  -O                                                                        (1 = 100.0%) {0.0%}
2  O                                                                         (0 = 0.0%) {100.0%}

Histogram: Autofill.Address.IsEnabled.Startup recorded 1 samples, mean = 1.0 (flags = 0x41)
0  O                                                                         (0 = 0.0%)
1  -O                                                                        (1 = 100.0%) {0.0%}
2  O                                                                         (0 = 0.0%) {100.0%}

Histogram: Autofill.CreditCard.IsEnabled.PageLoad recorded 1 samples, mean = 1.0 (flags = 0x41)
0  O                                                                         (0 = 0.0%)
1  -O                                                                        (1 = 100.0%) {0.0%}
2  O                                                                         (0 = 0.0%) {100.0%}

Histogram: Autofill.CreditCard.IsEnabled.PageLoad.SignedOut recorded 1 samples, mean = 1.0 (flags = 0x41)
0  O                                                                         (0 = 0.0%)
1  -O                                                                        (1 = 100.0%) {0.0%}
2  O                                                                         (0 = 0.0%) {100.0%}

Histogram: Autofill.CreditCard.IsEnabled.Startup recorded 1 samples, mean = 1.0 (flags = 0x41)
0  O                                                                         (0 = 0.0%)
1  -O                                                                        (1 = 100.0%) {0.0%}
2  O                                                                         (0 = 0.0%) {100.0%}

Histogram: Autofill.DOMContentLoadedInOutermostMainFrame recorded 3 samples, mean = 0.3 (flags = 0x41)
0  --O                                                                       (2 = 66.7%)
1  -O                                                                        (1 = 33.3%) {66.7%}
2  O                                                                         (0 = 0.0%) {100.0%}

Histogram: Autofill.ExtractFormUnowned.FieldCount recorded 4 samples, mean = 0.0 (flags = 0x41)
0  ----O                                                                     (4 = 100.0%)
1  ... 

Histogram: Autofill.FormForest.GetBrowserFormOfRendererForm.Duration recorded 1 samples, mean = 0.0 (flags = 0x41)
0  -O                                                                        (1 = 100.0%)
1  ... 

Histogram: Autofill.FormForest.UpdateTreeOfRendererForm.Duration recorded 1 samples, mean = 14.0 (flags = 0x41)
0   ... 
12  -O                                                                        (1 = 100.0%) {0.0%}
16  ... 

Histogram: Autofill.FormForest.UpdateTreeOfRendererForm.Visits recorded 1 samples, mean = 2.0 (flags = 0x41)
0  ... 
2  -O                                                                        (1 = 100.0%) {0.0%}
3  ... 

Histogram: Autofill.Funnel.ParsedAsType.Address recorded 6 samples, mean = 0.0 (flags = 0x41)
0  ------O                                                                   (6 = 100.0%)
1  ... 

Histogram: Autofill.Funnel.ParsedAsType.CreditCard recorded 6 samples, mean = 0.0 (flags = 0x41)
0  ------O                                                                   (6 = 100.0%)
1  ... 

Histogram: Autofill.Funnel.ParsedAsType.VirtualCard.StandaloneCvc recorded 6 samples, mean = 0.0 (flags = 0x41)
0  ------O                                                                   (6 = 100.0%)
1  ... 

Histogram: Autofill.IsEnabled.PageLoad recorded 1 samples, mean = 1.0 (flags = 0x41)
0  O                                                                         (0 = 0.0%)
1  -O                                                                        (1 = 100.0%) {0.0%}
2  O                                                                         (0 = 0.0%) {100.0%}

Histogram: Autofill.IsEnabled.PageLoad.SignedOut recorded 1 samples, mean = 1.0 (flags = 0x41)
0  O                                                                         (0 = 0.0%)
1  -O                                                                        (1 = 100.0%) {0.0%}
2  O                                                                         (0 = 0.0%) {100.0%}

Histogram: Autofill.IsEnabled.Startup recorded 1 samples, mean = 1.0 (flags = 0x41)
0  O                                                                         (0 = 0.0%)
1  -O                                                                        (1 = 100.0%) {0.0%}
2  O                                                                         (0 = 0.0%) {100.0%}

Histogram: Autofill.Leipzig.Duplication.NumberOfLocalSupersetProfilesOnStartup recorded 1 samples, mean = 0.0 (flags = 0x41)
0  -O                                                                        (1 = 100.0%)
1  ... 

Histogram: Autofill.NumberOfDriversPerFactory recorded 1 samples, mean = 3.0 (flags = 0x41)
0  ... 
3  -O                                                                        (1 = 100.0%) {0.0%}
4  ... 

Histogram: Autofill.Offer.StoredOfferCount2.CardLinkedOffer recorded 1 samples, mean = 0.0 (flags = 0x41)
0  -O                                                                        (1 = 100.0%)
1  ... 

Histogram: Autofill.Offer.StoredOfferCount2.GPayPromoCodeOffer recorded 1 samples, mean = 0.0 (flags = 0x41)
0  -O                                                                        (1 = 100.0%)
1  ... 

Histogram: Autofill.PaymentMethods.CvcStorageIsEnabled.Startup recorded 1 samples, mean = 0.0 (flags = 0x41)
0  -O                                                                        (1 = 100.0%)
1  ... 

Histogram: Autofill.StoredCreditCardCount recorded 1 samples, mean = 0.0 (flags = 0x41)
0  -O                                                                        (1 = 100.0%)
1  ... 

Histogram: Autofill.StoredCreditCardCount.Local recorded 1 samples, mean = 0.0 (flags = 0x41)
0  -O                                                                        (1 = 100.0%)
1  ... 

Histogram: Autofill.StoredCreditCardCount.Local.WithInvalidCardNumber recorded 1 samples, mean = 0.0 (flags = 0x41)
0  -O                                                                        (1 = 100.0%)
1  ... 

Histogram: Autofill.StoredCreditCardCount.Local.WithNickname recorded 1 samples, mean = 0.0 (flags = 0x41)
0  -O                                                                        (1 = 100.0%)
1  ... 

Histogram: Autofill.StoredCreditCardCount.Server recorded 1 samples, mean = 0.0 (flags = 0x41)
0  -O                                                                        (1 = 100.0%)
1  ... 

Histogram: Autofill.StoredCreditCardCount.Server.Masked recorded 1 samples, mean = 0.0 (flags = 0x41)
0  -O                                                                        (1 = 100.0%)
1  ... 

Histogram: Autofill.StoredCreditCardCount.Server.Masked.WithNickname recorded 1 samples, mean = 0.0 (flags = 0x41)
0  -O                                                                        (1 = 100.0%)
1  ... 

Histogram: Autofill.StoredCreditCardCount.Server.Unmasked recorded 1 samples, mean = 0.0 (flags = 0x41)
0  -O                                                                        (1 = 100.0%)
1  ... 

Histogram: Autofill.StoredCreditCardCount.Server.WithCardArtImage recorded 1 samples, mean = 0.0 (flags = 0x41)
0  -O                                                                        (1 = 100.0%)
1  ... 

Histogram: Autofill.StoredCreditCardCount.Server.WithVirtualCardMetadata recorded 1 samples, mean = 0.0 (flags = 0x41)
0  -O                                                                        (1 = 100.0%)
1  ... 

Histogram: Autofill.StoredIbanCount recorded 1 samples, mean = 0.0 (flags = 0x41)
0  -O                                                                        (1 = 100.0%)
1  ... 

Histogram: Autofill.StoredProfileCount.AccountChrome recorded 1 samples, mean = 0.0 (flags = 0x41)
0  -O                                                                        (1 = 100.0%)
1  ... 

Histogram: Autofill.StoredProfileCount.AccountNonChrome recorded 1 samples, mean = 0.0 (flags = 0x41)
0  -O                                                                        (1 = 100.0%)
1  ... 

Histogram: Autofill.StoredProfileCount.Legacy recorded 1 samples, mean = 0.0 (flags = 0x41)
0  -O                                                                        (1 = 100.0%)
1  ... 

Histogram: Autofill.StoredProfileCount.Total recorded 1 samples, mean = 0.0 (flags = 0x41)
0  -O                                                                        (1 = 100.0%)
1  ... 

Histogram: Autofill.SubmissionDetectionSource.FormTracker recorded 2 samples, mean = 3.0 (flags = 0x41)
0  ... 
3  --O                                                                       (2 = 100.0%) {0.0%}
4  ... 

Histogram: Autofill.Timing.ParseFormsAsync recorded 1 samples, mean = 0.0 (flags = 0x41)
0  -O                                                                        (1 = 100.0%)
1  ... 

Histogram: Autofill.Timing.ParseFormsAsync.RunHeuristics recorded 1 samples, mean = 0.0 (flags = 0x41)
0  -O                                                                        (1 = 100.0%)
1  ... 

Histogram: Autofill.Timing.ParseFormsAsync.UpdateCache recorded 1 samples, mean = 0.0 (flags = 0x41)
0  -O                                                                        (1 = 100.0%)
1  ... 

Histogram: Autofill.TimingInterval.ExtractFormData.GetFormDataFromUnownedInputElements.AutofillAgentReset recorded 2 samples, mean = 321708.5 (flags = 0x41)
0       ... 
82675   -O                                                                        (1 = 50.0%) {0.0%}
96506   ... 
529117  -O                                                                        (1 = 50.0%) {50.0%}
617637  ... 

Histogram: Autofill.TimingInterval.ExtractFormData.GetFormDataFromUnownedInputElements.DOMContentLoaded recorded 2 samples, mean = 1073970048.0 (flags = 0x41)
0         ... 
453284    -O                                                                        (1 = 50.0%) {0.0%}
529117    ... 
10000000  -O                                                                        (1 = 50.0%) {50.0%}

Histogram: Autofill.TimingInterval.ExtractFormData.UpdateFormCache.AutofillAgentReset recorded 4 samples, mean = 160888.2 (flags = 0x41)
0       ... 
50      -O                                                                        (1 = 25.0%) {0.0%}
58      ... 
79      -O                                                                        (1 = 25.0%) {25.0%}
92      ... 
82675   -O                                                                        (1 = 25.0%) {50.0%}
96506   ... 
529117  -O                                                                        (1 = 25.0%) {75.0%}
617637  ... 

Histogram: Autofill.TimingInterval.ExtractFormData.UpdateFormCache.DOMContentLoaded recorded 4 samples, mean = 114131.8 (flags = 0x41)
0       ... 
3       -O                                                                        (1 = 25.0%) {0.0%}
4       ... 
8       -O                                                                        (1 = 25.0%) {25.0%}
9       ... 
32      -O                                                                        (1 = 25.0%) {50.0%}
37      ... 
453284  -O                                                                        (1 = 25.0%) {75.0%}
529117  ... 

Histogram: Autofill.TimingInterval.UpdateFormCache.UpdateFormCache.AutofillAgentReset recorded 4 samples, mean = 160908.2 (flags = 0x41)
0       ... 
50      -O                                                                        (1 = 25.0%) {0.0%}
58      ... 
146     -O                                                                        (1 = 25.0%) {25.0%}
170     ... 
82675   -O                                                                        (1 = 25.0%) {50.0%}
96506   ... 
529117  -O                                                                        (1 = 25.0%) {75.0%}
617637  ... 

Histogram: Autofill.TimingInterval.UpdateFormCache.UpdateFormCache.DOMContentLoaded recorded 4 samples, mean = 114151.8 (flags = 0x41)
0       ... 
8       -O                                                                        (1 = 25.0%) {0.0%}
9       ... 
13      -O                                                                        (1 = 25.0%) {25.0%}
15      ... 
79      -O                                                                        (1 = 25.0%) {50.0%}
92      ... 
453284  -O                                                                        (1 = 25.0%) {75.0%}
529117  ... 

Histogram: Autofill.TimingPrecise.ExtractFormData recorded 6 samples, mean = 19.8 (flags = 0x41)
0   ... 
2   -O                                                                        (1 = 16.7%) {0.0%}
3   ... 
5   --O                                                                       (2 = 33.3%) {16.7%}
6   ... 
28  -O                                                                        (1 = 16.7%) {50.0%}
32  O                                                                         (0 = 0.0%) {66.7%}
36  --O                                                                       (2 = 33.3%) {66.7%}
41  ... 

Histogram: Autofill.TimingPrecise.ExtractFormData.GetFormDataFromUnownedInputElements recorded 2 samples, mean = 22.5 (flags = 0x41)
0   ... 
5   -O                                                                        (1 = 50.0%) {0.0%}
6   ... 
36  -O                                                                        (1 = 50.0%) {50.0%}
41  ... 

Histogram: Autofill.TimingPrecise.ExtractFormData.UpdateFormCache recorded 4 samples, mean = 18.5 (flags = 0x41)
0   ... 
2   -O                                                                        (1 = 25.0%) {0.0%}
3   ... 
5   -O                                                                        (1 = 25.0%) {25.0%}
6   ... 
28  -O                                                                        (1 = 25.0%) {50.0%}
32  O                                                                         (0 = 0.0%) {75.0%}
36  -O                                                                        (1 = 25.0%) {75.0%}
41  ... 

Histogram: Autofill.TimingPrecise.InferLabelForElement recorded 6 samples, mean = 0.0 (flags = 0x41)
0  ------O                                                                   (6 = 100.0%)
1  ... 

Histogram: Autofill.TimingPrecise.UpdateFormCache recorded 4 samples, mean = 42.0 (flags = 0x41)
0   ... 
8   -O                                                                        (1 = 25.0%) {0.0%}
9   ... 
13  -O                                                                        (1 = 25.0%) {25.0%}
15  ... 
53  -O                                                                        (1 = 25.0%) {50.0%}
60  ... 
88  -O                                                                        (1 = 25.0%) {75.0%}
100 ... 

Histogram: Autofill.TimingPrecise.UpdateFormCache.UpdateFormCache recorded 4 samples, mean = 42.0 (flags = 0x41)
0   ... 
8   -O                                                                        (1 = 25.0%) {0.0%}
9   ... 
13  -O                                                                        (1 = 25.0%) {25.0%}
15  ... 
53  -O                                                                        (1 = 25.0%) {50.0%}
60  ... 
88  -O                                                                        (1 = 25.0%) {75.0%}
100 ... 

Histogram: Autofill.VirtualCardUsageData.StoredUsageDataCount recorded 1 samples, mean = 0.0 (flags = 0x41)
0  -O                                                                        (1 = 100.0%)
1  ... 

Histogram: Blink.CSSStyleSheetResource.ParseTime recorded 8 samples, mean = 682.6 (flags = 0x41)
0     ... 
55    -O                                                                        (1 = 12.5%) {0.0%}
76    --O                                                                       (2 = 25.0%) {12.5%}
105   -O                                                                        (1 = 12.5%) {37.5%}
146   -O                                                                        (1 = 12.5%) {50.0%}
203   ... 
391   --O                                                                       (2 = 25.0%) {62.5%}
542   ... 
3865  -O                                                                        (1 = 12.5%) {87.5%}
5362  ... 

Histogram: Blink.CommitDocumentLoaderTime recorded 8 samples, mean = 1.4 (flags = 0x41)
0  ---O                                                                      (3 = 37.5%)
1  ----O                                                                     (4 = 50.0%) {37.5%}
2  ... 
7  -O                                                                        (1 = 12.5%) {87.5%}
8  ... 

Histogram: Blink.CookiesTime recorded 21 samples, mean = 0.3 (flags = 0x41)
0  --------------------O                                                     (20 = 95.2%)
1  ... 
6  -O                                                                        (1 = 4.8%) {95.2%}
7  ... 

Histogram: Blink.CullRect.UpdateTime recorded 31 samples, mean = 8.4 (flags = 0x41)
0    -------O                                                                  (7 = 22.6%)
1    ---------------O                                                          (15 = 48.4%) {22.6%}
2    ... 
4    --O                                                                       (2 = 6.5%) {71.0%}
6    ---O                                                                      (3 = 9.7%) {77.4%}
8    O                                                                         (0 = 0.0%) {87.1%}
11   --O                                                                       (2 = 6.5%) {87.1%}
15   -O                                                                        (1 = 3.2%) {93.5%}
21   ... 
146  -O                                                                        (1 = 3.2%) {96.8%}
203  ... 

Histogram: Blink.DocumentLoader.CommitNavigationToStartLoadingResponse.Time.OutermostMainFrame.NewNavigation.IsHTTPOrHTTPS recorded 1 samples, mean = 0.0 (flags = 0x41)
0  -O                                                                        (1 = 100.0%)
1  ... 

Histogram: Blink.DocumentLoader.CreateParserPostCommit.Time.OutermostMainFrame.NewNavigation.IsHTTPOrHTTPS recorded 1 samples, mean = 6.0 (flags = 0x41)
0  ... 
6  -O                                                                        (1 = 100.0%) {0.0%}
7  ... 

Histogram: Blink.EffectiveZoom recorded 17 samples (flags = 0x41)
175  -----------------O                                                        (17 = 100.0%)

Histogram: Blink.Experimental.Cookies.CacheLookupResult2 recorded 21 samples, mean = 0.9 (flags = 0x41)
0  --O                                                                       (2 = 9.5%)
1  -------------------O                                                      (19 = 90.5%) {9.5%}
2  ... 

Histogram: Blink.Experimental.Cookies.FirstCookieRequest recorded 2 samples, mean = 1.0 (flags = 0x41)
0  O                                                                         (0 = 0.0%)
1  --O                                                                       (2 = 100.0%) {0.0%}
2  ... 

Histogram: Blink.Fetch.RequestResourceTime2 recorded 146 samples, mean = 130.7 (flags = 0x41)
0      ... 
8      ----------------O                                                         (16 = 11.0%) {0.0%}
11     --------------O                                                           (14 = 9.6%) {11.0%}
15     ---------------------------O                                              (27 = 18.5%) {20.5%}
21     --------------------O                                                     (20 = 13.7%) {39.0%}
29     -------O                                                                  (7 = 4.8%) {52.7%}
40     ---------------------O                                                    (21 = 14.4%) {57.5%}
55     --------O                                                                 (8 = 5.5%) {71.9%}
76     ------------O                                                             (12 = 8.2%) {77.4%}
105    --------O                                                                 (8 = 5.5%) {85.6%}
146    ------O                                                                   (6 = 4.1%) {91.1%}
203    ----O                                                                     (4 = 2.7%) {95.2%}
282    O                                                                         (0 = 0.0%) {97.9%}
391    -O                                                                        (1 = 0.7%) {97.9%}
542    O                                                                         (0 = 0.0%) {98.6%}
752    -O                                                                        (1 = 0.7%) {98.6%}
1043   ... 
10321  -O                                                                        (1 = 0.7%) {99.3%}
14319  ... 

Histogram: Blink.Fetch.RequestResourceTime2.Preload recorded 41 samples, mean = 51.9 (flags = 0x41)
0    ... 
8    -O                                                                        (1 = 2.4%) {0.0%}
11   ----O                                                                     (4 = 9.8%) {2.4%}
15   -------O                                                                  (7 = 17.1%) {12.2%}
21   ------------O                                                             (12 = 29.3%) {29.3%}
29   --O                                                                       (2 = 4.9%) {58.5%}
40   ----O                                                                     (4 = 9.8%) {63.4%}
55   --O                                                                       (2 = 4.9%) {73.2%}
76   -----O                                                                    (5 = 12.2%) {78.0%}
105  ---O                                                                      (3 = 7.3%) {90.2%}
146  ... 
391  -O                                                                        (1 = 2.4%) {97.6%}
542  ... 

Histogram: Blink.FetchQueuedPreloadsTime.MainFrame.Initial recorded 1 samples, mean = 1.0 (flags = 0x41)
0  O                                                                         (0 = 0.0%)
1  -O                                                                        (1 = 100.0%) {0.0%}
2  ... 

Histogram: Blink.Fonts.DecodeTime recorded 5 samples, mean = 5156.0 (flags = 0x41)
0      ... 
2786   ---O                                                                      (3 = 60.0%) {0.0%}
3865   -O                                                                        (1 = 20.0%) {60.0%}
5362   ... 
10321  -O                                                                        (1 = 20.0%) {80.0%}
14319  ... 

Histogram: Blink.Fonts.VariableFontsRatio recorded 5 samples, mean = 1.2 (flags = 0x41)
0  O                                                                         (0 = 0.0%)
1  ----O                                                                     (4 = 80.0%) {0.0%}
2  -O                                                                        (1 = 20.0%) {80.0%}
3  ... 

Histogram: Blink.ForcedStyleAndLayout.UpdateTime.PreFCP recorded 2 samples, mean = 8.5 (flags = 0x41)
0   O                                                                         (0 = 0.0%)
1   -O                                                                        (1 = 50.0%) {0.0%}
2   ... 
15  -O                                                                        (1 = 50.0%) {50.0%}
21  ... 

Histogram: Blink.HTMLFastPathParser.AbortedParseSize recorded 41 samples, mean = 1.7 (flags = 0x41)
0  ------O                                                                   (6 = 14.6%)
1  O                                                                         (0 = 0.0%) {14.6%}
2  -----------------------------------O                                      (35 = 85.4%) {14.6%}
3  ... 

Histogram: Blink.HTMLFastPathParser.AbortedParseTime2 recorded 41 samples, mean = 1.0 (flags = 0x41)
0   -------------------O                                                      (19 = 46.3%)
1   ------------------O                                                       (18 = 43.9%) {46.3%}
2   --O                                                                       (2 = 4.9%) {90.2%}
3   ... 
5   -O                                                                        (1 = 2.4%) {95.1%}
6   ... 
12  -O                                                                        (1 = 2.4%) {97.6%}
13  ... 

Histogram: Blink.HTMLFastPathParser.ParseResult recorded 81 samples, mean = 8.1 (flags = 0x41)
0   ----------------------------------------O                                 (40 = 49.4%)
1   ... 
4   ------O                                                                   (6 = 7.4%) {49.4%}
5   ... 
18  -----------------------------------O                                      (35 = 43.2%) {56.8%}
19  ... 

Histogram: Blink.HTMLFastPathParser.SuccessfulParseSize recorded 40 samples, mean = 309.8 (flags = 0x41)
0    ... 
146  -----O                                                                    (5 = 12.5%) {0.0%}
203  ---------------O                                                          (15 = 37.5%) {12.5%}
282  ----------O                                                               (10 = 25.0%) {50.0%}
391  ----------O                                                               (10 = 25.0%) {75.0%}
542  ... 

Histogram: Blink.HTMLFastPathParser.SuccessfulParseTime2 recorded 40 samples, mean = 3.4 (flags = 0x41)
0   --O                                                                       (2 = 5.0%)
1   ------------O                                                             (12 = 30.0%) {5.0%}
2   ---------------O                                                          (15 = 37.5%) {35.0%}
3   ---O                                                                      (3 = 7.5%) {72.5%}
4   ---O                                                                      (3 = 7.5%) {80.0%}
5   O                                                                         (0 = 0.0%) {87.5%}
6   -O                                                                        (1 = 2.5%) {87.5%}
7   ... 
9   -O                                                                        (1 = 2.5%) {90.0%}
10  ... 
13  -O                                                                        (1 = 2.5%) {92.5%}
14  ... 
17  -O                                                                        (1 = 2.5%) {95.0%}
18  ... 
27  -O                                                                        (1 = 2.5%) {97.5%}
29  ... 

Histogram: Blink.HTMLFastPathParser.TotalParseTime2 recorded 81 samples, mean = 11.5 (flags = 0x41)
0   O                                                                         (0 = 0.0%)
1   -------------O                                                            (13 = 16.0%) {0.0%}
2   -------------O                                                            (13 = 16.0%) {16.0%}
3   --------O                                                                 (8 = 9.9%) {32.1%}
4   -----O                                                                    (5 = 6.2%) {42.0%}
5   ----O                                                                     (4 = 4.9%) {48.1%}
6   --O                                                                       (2 = 2.5%) {53.1%}
7   -O                                                                        (1 = 1.2%) {55.6%}
8   -O                                                                        (1 = 1.2%) {56.8%}
9   --O                                                                       (2 = 2.5%) {58.0%}
10  ... 
13  --O                                                                       (2 = 2.5%) {60.5%}
14  -----O                                                                    (5 = 6.2%) {63.0%}
15  --O                                                                       (2 = 2.5%) {69.1%}
16  --O                                                                       (2 = 2.5%) {71.6%}
17  -O                                                                        (1 = 1.2%) {74.1%}
18  -O                                                                        (1 = 1.2%) {75.3%}
19  ------O                                                                   (6 = 7.4%) {76.5%}
21  -O                                                                        (1 = 1.2%) {84.0%}
23  -O                                                                        (1 = 1.2%) {85.2%}
25  O                                                                         (0 = 0.0%) {86.4%}
27  --O                                                                       (2 = 2.5%) {86.4%}
29  --O                                                                       (2 = 2.5%) {88.9%}
31  --O                                                                       (2 = 2.5%) {91.4%}
34  -O                                                                        (1 = 1.2%) {93.8%}
37  --O                                                                       (2 = 2.5%) {95.1%}
40  ... 
50  -O                                                                        (1 = 1.2%) {97.5%}
54  ... 
86  -O                                                                        (1 = 1.2%) {98.8%}
93  ... 

Histogram: Blink.HTMLParsing.ChunkCount4 recorded 1 samples, mean = 1.0 (flags = 0x41)
0  O                                                                         (0 = 0.0%)
1  -O                                                                        (1 = 100.0%) {0.0%}
2  ... 

Histogram: Blink.HTMLParsing.InputCharacterCount4 recorded 1 samples, mean = 159304.0 (flags = 0x41)
0       ... 
141691  -O                                                                        (1 = 100.0%) {0.0%}
196583  ... 

Histogram: Blink.HTMLParsing.ParsingTimeMax4 recorded 1 samples, mean = 1975.0 (flags = 0x41)
0     ... 
1964  -O                                                                        (1 = 100.0%) {0.0%}
1994  ... 

Histogram: Blink.HTMLParsing.ParsingTimeMin4 recorded 1 samples, mean = 1975.0 (flags = 0x41)
0     ... 
1963  -O                                                                        (1 = 100.0%) {0.0%}
2235  ... 

Histogram: Blink.HTMLParsing.ParsingTimeTotal4 recorded 1 samples, mean = 1975.0 (flags = 0x41)
0     ... 
1964  -O                                                                        (1 = 100.0%) {0.0%}
1994  ... 

Histogram: Blink.HTMLParsing.PreloadRequestCount recorded 1 samples, mean = 33.0 (flags = 0x41)
0   ... 
33  -O                                                                        (1 = 100.0%) {0.0%}
37  ... 

Histogram: Blink.HTMLParsing.TimeToDeferredPumpTokenizer4 recorded 1 samples, mean = 65467.0 (flags = 0x41)
0      ... 
65415  -O                                                                        (1 = 100.0%) {0.0%}
74486  ... 

Histogram: Blink.HTMLParsing.TokensParsedAverage4 recorded 1 samples, mean = 127.0 (flags = 0x41)
0    ... 
113  -O                                                                        (1 = 100.0%) {0.0%}
149  ... 

Histogram: Blink.HTMLParsing.TokensParsedMax4 recorded 1 samples, mean = 127.0 (flags = 0x41)
0    ... 
113  -O                                                                        (1 = 100.0%) {0.0%}
149  ... 

Histogram: Blink.HTMLParsing.TokensParsedMin4 recorded 1 samples, mean = 127.0 (flags = 0x41)
0    ... 
114  -O                                                                        (1 = 100.0%) {0.0%}
135  ... 

Histogram: Blink.HTMLParsing.TokensParsedTotal4 recorded 1 samples, mean = 127.0 (flags = 0x41)
0    ... 
105  -O                                                                        (1 = 100.0%) {0.0%}
146  ... 

Histogram: Blink.HTMLParsing.YieldedTimeAverage4 recorded 1 samples, mean = 32859.0 (flags = 0x41)
0      ... 
32680  -O                                                                        (1 = 100.0%) {0.0%}
38147  ... 

Histogram: Blink.HTMLParsing.YieldedTimeMax4 recorded 1 samples, mean = 65478.0 (flags = 0x41)
0      ... 
64666  -O                                                                        (1 = 100.0%) {0.0%}
65665  ... 

Histogram: Blink.HTMLParsing.YieldedTimeMin4 recorded 1 samples, mean = 241.0 (flags = 0x41)
0    ... 
231  -O                                                                        (1 = 100.0%) {0.0%}
270  ... 

Histogram: Blink.History.VisitedLinks.IsLinkStyledAsVisited recorded 41 samples, mean = 0.0 (flags = 0x41)
0  -----------------------------------------O                                (41 = 100.0%)
1  ... 

Histogram: Blink.JavascriptDocumentUpdate.UpdateTime.PreFCP recorded 1 samples, mean = 1.0 (flags = 0x41)
0  O                                                                         (0 = 0.0%)
1  -O                                                                        (1 = 100.0%) {0.0%}
2  ... 

Histogram: Blink.Layout.InlineNode.ShapeText.MaxTime.InOutermostMainFrame3 recorded 1 samples, mean = 0.0 (flags = 0x41)
0  -O                                                                        (1 = 100.0%)
1  ... 

Histogram: Blink.Layout.InlineNode.ShapeText.TotalTime.InOutermostMainFrame3 recorded 1 samples, mean = 0.0 (flags = 0x41)
0  -O                                                                        (1 = 100.0%)
1  ... 

Histogram: Blink.Layout.SVGImage.Count.InOutermostMainFrame recorded 1 samples, mean = 0.0 (flags = 0x41)
0  -O                                                                        (1 = 100.0%)
1  ... 

Histogram: Blink.Layout.SVGImage.TotalTime.InOutermostMainFrame recorded 1 samples, mean = 0.0 (flags = 0x41)
0  -O                                                                        (1 = 100.0%)
1  ... 

Histogram: Blink.MainFrame.UpdateTime.PreFCP recorded 30 samples, mean = 1884.5 (flags = 0x41)
0      ... 
40     -----O                                                                    (5 = 16.7%) {0.0%}
55     -----------O                                                              (11 = 36.7%) {16.7%}
76     ---O                                                                      (3 = 10.0%) {53.3%}
105    O                                                                         (0 = 0.0%) {63.3%}
146    -O                                                                        (1 = 3.3%) {63.3%}
203    O                                                                         (0 = 0.0%) {66.7%}
282    --O                                                                       (2 = 6.7%) {66.7%}
391    O                                                                         (0 = 0.0%) {73.3%}
542    -O                                                                        (1 = 3.3%) {73.3%}
752    --O                                                                       (2 = 6.7%) {76.7%}
1043   ... 
2786   -O                                                                        (1 = 3.3%) {83.3%}
3865   O                                                                         (0 = 0.0%) {86.7%}
5362   --O                                                                       (2 = 6.7%) {86.7%}
7439   ... 
14319  -O                                                                        (1 = 3.3%) {93.3%}
19866  -O                                                                        (1 = 3.3%) {96.7%}
27562  ... 

Histogram: Blink.MemoryCache.RevalidationPolicy.AsyncScript recorded 48 samples, mean = 1.6 (flags = 0x41)
0  -----------------------O                                                  (23 = 47.9%)
1  ... 
3  -------------------------O                                                (25 = 52.1%) {47.9%}
4  ... 

Histogram: Blink.MemoryCache.RevalidationPolicy.CSSStyleSheet recorded 8 samples, mean = 0.0 (flags = 0x41)
0  --------O                                                                 (8 = 100.0%)
1  ... 

Histogram: Blink.MemoryCache.RevalidationPolicy.Dead.CSSStyleSheet recorded 1 samples, mean = 0.0 (flags = 0x41)
0  -O                                                                        (1 = 100.0%)
1  ... 

Histogram: Blink.MemoryCache.RevalidationPolicy.Dead.Font recorded 2 samples, mean = 0.0 (flags = 0x41)
0  --O                                                                       (2 = 100.0%)
1  ... 

Histogram: Blink.MemoryCache.RevalidationPolicy.Dead.Script recorded 22 samples, mean = 0.0 (flags = 0x41)
0  ----------------------O                                                   (22 = 100.0%)
1  ... 

Histogram: Blink.MemoryCache.RevalidationPolicy.Font recorded 23 samples, mean = 4.0 (flags = 0x41)
0  -O                                                                        (1 = 4.3%)
1  ... 
4  ------------------O                                                       (18 = 78.3%) {4.3%}
5  ----O                                                                     (4 = 17.4%) {82.6%}
6  O                                                                         (0 = 0.0%) {100.0%}

Histogram: Blink.MemoryCache.RevalidationPolicy.Image recorded 44 samples, mean = 4.0 (flags = 0x41)
0  ... 
3  -O                                                                        (1 = 2.3%) {0.0%}
4  -------------------------------------------O                              (43 = 97.7%) {2.3%}
5  ... 

Histogram: Blink.MemoryCache.RevalidationPolicy.Manifest recorded 1 samples, mean = 3.0 (flags = 0x41)
0  ... 
3  -O                                                                        (1 = 100.0%) {0.0%}
4  ... 

Histogram: Blink.MemoryCache.RevalidationPolicy.Preload.CSSStyleSheet recorded 15 samples, mean = 1.6 (flags = 0x41)
0  -------O                                                                  (7 = 46.7%)
1  ... 
3  --------O                                                                 (8 = 53.3%) {46.7%}
4  ... 

Histogram: Blink.MemoryCache.RevalidationPolicy.Preload.Font recorded 2 samples, mean = 1.5 (flags = 0x41)
0  -O                                                                        (1 = 50.0%)
1  ... 
3  -O                                                                        (1 = 50.0%) {50.0%}
4  ... 

Histogram: Blink.MemoryCache.RevalidationPolicy.Preload.Script recorded 24 samples, mean = 2.8 (flags = 0x41)
0  --O                                                                       (2 = 8.3%)
1  ... 
3  ----------------------O                                                   (22 = 91.7%) {8.3%}
4  ... 

Histogram: Blink.MemoryCache.RevalidationPolicy.Raw recorded 7 samples, mean = 3.0 (flags = 0x41)
0  ... 
3  -------O                                                                  (7 = 100.0%) {0.0%}
4  ... 

Histogram: Blink.MemoryCache.RevalidationPolicy.Script recorded 26 samples, mean = 0.5 (flags = 0x41)
0  ----------------------O                                                   (22 = 84.6%)
1  ... 
3  ----O                                                                     (4 = 15.4%) {84.6%}
4  ... 

Histogram: Blink.PreloadRequestStartDuration recorded 41 samples, mean = 53.0 (flags = 0x41)
0    ... 
11   -----O                                                                    (5 = 12.2%) {0.0%}
15   ------O                                                                   (6 = 14.6%) {12.2%}
21   -------------O                                                            (13 = 31.7%) {26.8%}
29   --O                                                                       (2 = 4.9%) {58.5%}
40   ----O                                                                     (4 = 9.8%) {63.4%}
55   --O                                                                       (2 = 4.9%) {73.2%}
76   -----O                                                                    (5 = 12.2%) {78.0%}
105  ---O                                                                      (3 = 7.3%) {90.2%}
146  ... 
391  -O                                                                        (1 = 2.4%) {97.6%}
542  ... 

Histogram: Blink.PreloadRequestWaitTime recorded 31 samples, mean = 0.7 (flags = 0x41)
0  ----------O                                                               (10 = 32.3%)
1  ---------------------O                                                    (21 = 67.7%) {32.3%}
2  ... 

Histogram: Blink.PrepareToStopParsingTime recorded 49 samples, mean = 0.0 (flags = 0x41)
0  -------------------------------------------------O                        (49 = 100.0%)
1  ... 

Histogram: Blink.PumpTokenizerTime recorded 93 samples, mean = 0.1 (flags = 0x41)
0  ------------------------------------------------------------------------O (91 = 97.8%)
1  O                                                                         (0 = 0.0%) {97.8%}
2  -O                                                                        (1 = 1.1%) {97.8%}
3  ... 
7  -O                                                                        (1 = 1.1%) {98.9%}
8  ... 

Histogram: Blink.ResourceRequest.BackgroundResourceFetchSupportStatus recorded 52 samples, mean = 0.1 (flags = 0x41)
0  --------------------------------------------------O                       (50 = 96.2%)
1  O                                                                         (0 = 0.0%) {96.2%}
2  --O                                                                       (2 = 3.8%) {96.2%}
3  ... 

Histogram: Blink.ResourceRequest.CompletionDelay2 recorded 52 samples, mean = 4.7 (flags = 0x41)
0   -----------------------O                                                  (23 = 44.2%)
1   ----O                                                                     (4 = 7.7%) {44.2%}
2   --O                                                                       (2 = 3.8%) {51.9%}
3   O                                                                         (0 = 0.0%) {55.8%}
4   ---O                                                                      (3 = 5.8%) {55.8%}
5   ---O                                                                      (3 = 5.8%) {61.5%}
6   --O                                                                       (2 = 3.8%) {67.3%}
7   ... 
10  ---------O                                                                (9 = 17.3%) {71.2%}
12  ---O                                                                      (3 = 5.8%) {88.5%}
14  ... 
20  ---O                                                                      (3 = 5.8%) {94.2%}
24  ... 

Histogram: Blink.ResourceRequest.RedirectDelay2 recorded 2 samples, mean = 37.0 (flags = 0x41)
0   -O                                                                        (1 = 50.0%)
1   ... 
68  -O                                                                        (1 = 50.0%) {50.0%}
81  ... 

Histogram: Blink.ResourceRequest.ResponseDelay2 recorded 48 samples, mean = 7.6 (flags = 0x41)
0   -----------------O                                                        (17 = 35.4%)
1   ---O                                                                      (3 = 6.2%) {35.4%}
2   O                                                                         (0 = 0.0%) {41.7%}
3   -O                                                                        (1 = 2.1%) {41.7%}
4   ---O                                                                      (3 = 6.2%) {43.8%}
5   -O                                                                        (1 = 2.1%) {50.0%}
6   --O                                                                       (2 = 4.2%) {52.1%}
7   ... 
10  -O                                                                        (1 = 2.1%) {56.2%}
12  ------------O                                                             (12 = 25.0%) {58.3%}
14  ... 
20  --------O                                                                 (8 = 16.7%) {83.3%}
24  ... 

Histogram: Blink.ResourceRequest.StartDelay2 recorded 48 samples, mean = 33.9 (flags = 0x41)
0    -O                                                                        (1 = 2.1%)
1    ----O                                                                     (4 = 8.3%) {2.1%}
2    ... 
4    -O                                                                        (1 = 2.1%) {10.4%}
5    -O                                                                        (1 = 2.1%) {12.5%}
6    O                                                                         (0 = 0.0%) {14.6%}
7    -O                                                                        (1 = 2.1%) {14.6%}
8    --O                                                                       (2 = 4.2%) {16.7%}
10   ---O                                                                      (3 = 6.2%) {20.8%}
12   -O                                                                        (1 = 2.1%) {27.1%}
14   ----------------------O                                                   (22 = 45.8%) {29.2%}
17   --O                                                                       (2 = 4.2%) {75.0%}
20   -O                                                                        (1 = 2.1%) {79.2%}
24   ... 
68   --------O                                                                 (8 = 16.7%) {81.2%}
81   ... 
533  -O                                                                        (1 = 2.1%) {97.9%}
633  ... 

Histogram: Blink.SVGImage.DataChanged recorded 1 samples, mean = 3393.0 (flags = 0x41)
0     ... 
2786  -O                                                                        (1 = 100.0%) {0.0%}
3865  ... 

Histogram: Blink.SVGImage.IsolatedSVGDocumentHostCreationTime recorded 1 samples, mean = 724.0 (flags = 0x41)
0    ... 
542  -O                                                                        (1 = 100.0%) {0.0%}
752  ... 

Histogram: Blink.ScanAndPreloadTime.MainFrame.Initial recorded 1 samples, mean = 1.0 (flags = 0x41)
0  O                                                                         (0 = 0.0%)
1  -O                                                                        (1 = 100.0%) {0.0%}
2  ... 

Histogram: Blink.ScanAndPreloadTime.MainFrame.NonInitial recorded 1 samples, mean = 0.0 (flags = 0x41)
0  -O                                                                        (1 = 100.0%)
1  ... 

Histogram: Blink.ScanAndPreloadTime2.MainFrame.Initial recorded 1 samples, mean = 1877.0 (flags = 0x41)
0     ... 
1447  -O                                                                        (1 = 100.0%) {0.0%}
2008  ... 

Histogram: Blink.ScanAndPreloadTime2.MainFrame.NonInitial recorded 1 samples, mean = 15.0 (flags = 0x41)
0   ... 
15  -O                                                                        (1 = 100.0%) {0.0%}
21  ... 

Histogram: Blink.ScanAndPreloadTime2.Preload.MainFrame.Initial recorded 1 samples, mean = 1115.0 (flags = 0x41)
0     ... 
1043  -O                                                                        (1 = 100.0%) {0.0%}
1447  ... 

Histogram: Blink.ScanAndPreloadTime2.Preload.MainFrame.NonInitial recorded 1 samples, mean = 1.0 (flags = 0x41)
0  O                                                                         (0 = 0.0%)
1  -O                                                                        (1 = 100.0%) {0.0%}
2  ... 

Histogram: Blink.ScanAndPreloadTime2.Scan.MainFrame.Initial recorded 1 samples, mean = 753.0 (flags = 0x41)
0    ... 
752  -O                                                                        (1 = 100.0%) {0.0%}
1043 ... 

Histogram: Blink.ScanAndPreloadTime2.Scan.MainFrame.NonInitial recorded 1 samples, mean = 1.0 (flags = 0x41)
0  O                                                                         (0 = 0.0%)
1  -O                                                                        (1 = 100.0%) {0.0%}
2  ... 

Histogram: Blink.Script.AsyncScript.FromReadyToStartExecution.Time recorded 26 samples, mean = 20.4 (flags = 0x41)
0   -----O                                                                    (5 = 19.2%)
1   O                                                                         (0 = 0.0%) {19.2%}
2   -O                                                                        (1 = 3.8%) {19.2%}
3   --O                                                                       (2 = 7.7%) {23.1%}
4   ... 
8   ----O                                                                     (4 = 15.4%) {30.8%}
10  ... 
20  -----O                                                                    (5 = 19.2%) {46.2%}
25  O                                                                         (0 = 0.0%) {65.4%}
32  --O                                                                       (2 = 7.7%) {65.4%}
41  -------O                                                                  (7 = 26.9%) {73.1%}
52  ... 

Histogram: Blink.Script.SchedulingType recorded 41 samples, mean = 5.3 (flags = 0x41)
0  ... 
3  -O                                                                        (1 = 2.4%) {0.0%}
4  O                                                                         (0 = 0.0%) {2.4%}
5  -------------------------O                                                (25 = 61.0%) {2.4%}
6  ---------------O                                                          (15 = 36.6%) {63.4%}
7  ... 

Histogram: Blink.UseCounter.AnimatedCSSProperties recorded 1 samples, mean = 1.0 (flags = 0x41)
0  O                                                                         (0 = 0.0%)
1  -O                                                                        (1 = 100.0%) {0.0%}
2  ... 

Histogram: Blink.UseCounter.CSSProperties recorded 96 samples, mean = 275.0 (flags = 0x41)
0    O                                                                         (0 = 0.0%)
1    -O                                                                        (1 = 1.0%) {0.0%}
2    -O                                                                        (1 = 1.0%) {1.0%}
3    -O                                                                        (1 = 1.0%) {2.1%}
4    -O                                                                        (1 = 1.0%) {3.1%}
5    -O                                                                        (1 = 1.0%) {4.2%}
6    -O                                                                        (1 = 1.0%) {5.2%}
7    -O                                                                        (1 = 1.0%) {6.2%}
8    -O                                                                        (1 = 1.0%) {7.3%}
9    O                                                                         (0 = 0.0%) {8.3%}
10   -O                                                                        (1 = 1.0%) {8.3%}
11   ... 
14   -O                                                                        (1 = 1.0%) {9.4%}
15   ... 
20   -O                                                                        (1 = 1.0%) {10.4%}
21   -O                                                                        (1 = 1.0%) {11.5%}
22   ... 
24   -O                                                                        (1 = 1.0%) {12.5%}
25   ... 
34   -O                                                                        (1 = 1.0%) {13.5%}
35   ... 
42   -O                                                                        (1 = 1.0%) {14.6%}
43   ... 
53   -O                                                                        (1 = 1.0%) {15.6%}
54   ... 
59   -O                                                                        (1 = 1.0%) {16.7%}
60   ... 
66   -O                                                                        (1 = 1.0%) {17.7%}
67   ... 
69   -O                                                                        (1 = 1.0%) {18.8%}
70   ... 
72   -O                                                                        (1 = 1.0%) {19.8%}
73   O                                                                         (0 = 0.0%) {20.8%}
74   -O                                                                        (1 = 1.0%) {20.8%}
75   ... 
77   -O                                                                        (1 = 1.0%) {21.9%}
78   ... 
81   -O                                                                        (1 = 1.0%) {22.9%}
82   ... 
84   -O                                                                        (1 = 1.0%) {24.0%}
85   ... 
89   -O                                                                        (1 = 1.0%) {25.0%}
90   ... 
95   -O                                                                        (1 = 1.0%) {26.0%}
96   -O                                                                        (1 = 1.0%) {27.1%}
97   -O                                                                        (1 = 1.0%) {28.1%}
98   -O                                                                        (1 = 1.0%) {29.2%}
99   O                                                                         (0 = 0.0%) {30.2%}
100  -O                                                                        (1 = 1.0%) {30.2%}
101  ... 
105  -O                                                                        (1 = 1.0%) {31.2%}
106  -O                                                                        (1 = 1.0%) {32.3%}
107  -O                                                                        (1 = 1.0%) {33.3%}
108  O                                                                         (0 = 0.0%) {34.4%}
109  -O                                                                        (1 = 1.0%) {34.4%}
110  ... 
118  -O                                                                        (1 = 1.0%) {35.4%}
119  -O                                                                        (1 = 1.0%) {36.5%}
120  ... 
124  -O                                                                        (1 = 1.0%) {37.5%}
125  ... 
127  -O                                                                        (1 = 1.0%) {38.5%}
128  -O                                                                        (1 = 1.0%) {39.6%}
129  -O                                                                        (1 = 1.0%) {40.6%}
130  ... 
143  -O                                                                        (1 = 1.0%) {41.7%}
144  ... 
150  -O                                                                        (1 = 1.0%) {42.7%}
151  O                                                                         (0 = 0.0%) {43.8%}
152  -O                                                                        (1 = 1.0%) {43.8%}
153  -O                                                                        (1 = 1.0%) {44.8%}
154  -O                                                                        (1 = 1.0%) {45.8%}
155  O                                                                         (0 = 0.0%) {46.9%}
156  -O                                                                        (1 = 1.0%) {46.9%}
157  -O                                                                        (1 = 1.0%) {47.9%}
158  O                                                                         (0 = 0.0%) {49.0%}
159  -O                                                                        (1 = 1.0%) {49.0%}
160  O                                                                         (0 = 0.0%) {50.0%}
161  -O                                                                        (1 = 1.0%) {50.0%}
162  ... 
164  -O                                                                        (1 = 1.0%) {51.0%}
165  -O                                                                        (1 = 1.0%) {52.1%}
166  ... 
175  -O                                                                        (1 = 1.0%) {53.1%}
176  ... 
231  -O                                                                        (1 = 1.0%) {54.2%}
232  -O                                                                        (1 = 1.0%) {55.2%}
233  O                                                                         (0 = 0.0%) {56.2%}
234  -O                                                                        (1 = 1.0%) {56.2%}
235  -O                                                                        (1 = 1.0%) {57.3%}
236  O                                                                         (0 = 0.0%) {58.3%}
237  -O                                                                        (1 = 1.0%) {58.3%}
238  -O                                                                        (1 = 1.0%) {59.4%}
239  -O                                                                        (1 = 1.0%) {60.4%}
240  -O                                                                        (1 = 1.0%) {61.5%}
241  O                                                                         (0 = 0.0%) {62.5%}
242  -O                                                                        (1 = 1.0%) {62.5%}
243  ... 
303  -O                                                                        (1 = 1.0%) {63.5%}
304  ... 
369  -O                                                                        (1 = 1.0%) {64.6%}
370  -O                                                                        (1 = 1.0%) {65.6%}
371  ... 
415  -O                                                                        (1 = 1.0%) {66.7%}
416  ... 
432  -O                                                                        (1 = 1.0%) {67.7%}
433  -O                                                                        (1 = 1.0%) {68.8%}
434  ... 
437  -O                                                                        (1 = 1.0%) {69.8%}
438  ... 
446  -O                                                                        (1 = 1.0%) {70.8%}
447  ... 
508  -O                                                                        (1 = 1.0%) {71.9%}
509  ... 
514  -O                                                                        (1 = 1.0%) {72.9%}
515  -O                                                                        (1 = 1.0%) {74.0%}
516  -O                                                                        (1 = 1.0%) {75.0%}
517  ... 
537  -O                                                                        (1 = 1.0%) {76.0%}
538  ... 
549  -O                                                                        (1 = 1.0%) {77.1%}
550  ... 
563  -O                                                                        (1 = 1.0%) {78.1%}
564  ... 
591  -O                                                                        (1 = 1.0%) {79.2%}
592  -O                                                                        (1 = 1.0%) {80.2%}
593  O                                                                         (0 = 0.0%) {81.2%}
594  -O                                                                        (1 = 1.0%) {81.2%}
595  -O                                                                        (1 = 1.0%) {82.3%}
596  ... 
598  -O                                                                        (1 = 1.0%) {83.3%}
599  -O                                                                        (1 = 1.0%) {84.4%}
600  ... 
618  -O                                                                        (1 = 1.0%) {85.4%}
619  -O                                                                        (1 = 1.0%) {86.5%}
620  -O                                                                        (1 = 1.0%) {87.5%}
621  -O                                                                        (1 = 1.0%) {88.5%}
622  ... 
636  -O                                                                        (1 = 1.0%) {89.6%}
637  ... 
657  -O                                                                        (1 = 1.0%) {90.6%}
658  -O                                                                        (1 = 1.0%) {91.7%}
659  ... 
662  -O                                                                        (1 = 1.0%) {92.7%}
663  ... 
672  -O                                                                        (1 = 1.0%) {93.8%}
673  -O                                                                        (1 = 1.0%) {94.8%}
674  O                                                                         (0 = 0.0%) {95.8%}
675  -O                                                                        (1 = 1.0%) {95.8%}
676  ... 
696  -O                                                                        (1 = 1.0%) {96.9%}
697  ... 
746  -O                                                                        (1 = 1.0%) {97.9%}
747  ... 
770  -O                                                                        (1 = 1.0%) {99.0%}
771  ... 

Histogram: Blink.UseCounter.Features recorded 172 samples, mean = 2203.1 (flags = 0x41)
0     ... 
13    -O                                                                        (1 = 0.6%) {0.0%}
14    ... 
16    -O                                                                        (1 = 0.6%) {0.6%}
17    ... 
52    -O                                                                        (1 = 0.6%) {1.2%}
53    ... 
69    -O                                                                        (1 = 0.6%) {1.7%}
70    ... 
123   -O                                                                        (1 = 0.6%) {2.3%}
124   -O                                                                        (1 = 0.6%) {2.9%}
125   -O                                                                        (1 = 0.6%) {3.5%}
126   ... 
138   -O                                                                        (1 = 0.6%) {4.1%}
139   ... 
240   -O                                                                        (1 = 0.6%) {4.7%}
241   ... 
250   -O                                                                        (1 = 0.6%) {5.2%}
251   ... 
429   -O                                                                        (1 = 0.6%) {5.8%}
430   -O                                                                        (1 = 0.6%) {6.4%}
431   -O                                                                        (1 = 0.6%) {7.0%}
432   -O                                                                        (1 = 0.6%) {7.6%}
433   ... 
469   -O                                                                        (1 = 0.6%) {8.1%}
470   ... 
494   -O                                                                        (1 = 0.6%) {8.7%}
495   ... 
522   -O                                                                        (1 = 0.6%) {9.3%}
523   -O                                                                        (1 = 0.6%) {9.9%}
524   -O                                                                        (1 = 0.6%) {10.5%}
525   ... 
540   -O                                                                        (1 = 0.6%) {11.0%}
541   ... 
587   -O                                                                        (1 = 0.6%) {11.6%}
588   -O                                                                        (1 = 0.6%) {12.2%}
589   ... 
675   -O                                                                        (1 = 0.6%) {12.8%}
676   ... 
710   -O                                                                        (1 = 0.6%) {13.4%}
711   -O                                                                        (1 = 0.6%) {14.0%}
712   ... 
717   -O                                                                        (1 = 0.6%) {14.5%}
718   ... 
730   -O                                                                        (1 = 0.6%) {15.1%}
731   ... 
744   -O                                                                        (1 = 0.6%) {15.7%}
745   ... 
780   -O                                                                        (1 = 0.6%) {16.3%}
781   -O                                                                        (1 = 0.6%) {16.9%}
782   ... 
786   -O                                                                        (1 = 0.6%) {17.4%}
787   -O                                                                        (1 = 0.6%) {18.0%}
788   ... 
804   -O                                                                        (1 = 0.6%) {18.6%}
805   ... 
900   -O                                                                        (1 = 0.6%) {19.2%}
901   -O                                                                        (1 = 0.6%) {19.8%}
902   ... 
907   -O                                                                        (1 = 0.6%) {20.3%}
908   ... 
954   -O                                                                        (1 = 0.6%) {20.9%}
955   ... 
970   -O                                                                        (1 = 0.6%) {21.5%}
971   O                                                                         (0 = 0.0%) {22.1%}
972   -O                                                                        (1 = 0.6%) {22.1%}
973   -O                                                                        (1 = 0.6%) {22.7%}
974   ... 
976   -O                                                                        (1 = 0.6%) {23.3%}
977   ... 
1023  -O                                                                        (1 = 0.6%) {23.8%}
1024  ... 
1069  -O                                                                        (1 = 0.6%) {24.4%}
1070  -O                                                                        (1 = 0.6%) {25.0%}
1071  ... 
1075  -O                                                                        (1 = 0.6%) {25.6%}
1076  -O                                                                        (1 = 0.6%) {26.2%}
1077  ... 
1124  -O                                                                        (1 = 0.6%) {26.7%}
1125  ... 
1302  -O                                                                        (1 = 0.6%) {27.3%}
1303  ... 
1347  -O                                                                        (1 = 0.6%) {27.9%}
1348  ... 
1351  -O                                                                        (1 = 0.6%) {28.5%}
1352  ... 
1354  -O                                                                        (1 = 0.6%) {29.1%}
1355  ... 
1368  -O                                                                        (1 = 0.6%) {29.7%}
1369  ... 
1417  -O                                                                        (1 = 0.6%) {30.2%}
1418  ... 
1441  -O                                                                        (1 = 0.6%) {30.8%}
1442  ... 
1458  -O                                                                        (1 = 0.6%) {31.4%}
1459  -O                                                                        (1 = 0.6%) {32.0%}
1460  ... 
1462  -O                                                                        (1 = 0.6%) {32.6%}
1463  -O                                                                        (1 = 0.6%) {33.1%}
1464  ... 
1467  -O                                                                        (1 = 0.6%) {33.7%}
1468  ... 
1502  -O                                                                        (1 = 0.6%) {34.3%}
1503  ... 
1692  -O                                                                        (1 = 0.6%) {34.9%}
1693  -O                                                                        (1 = 0.6%) {35.5%}
1694  ... 
1827  -O                                                                        (1 = 0.6%) {36.0%}
1828  ... 
2013  -O                                                                        (1 = 0.6%) {36.6%}
2014  ... 
2077  -O                                                                        (1 = 0.6%) {37.2%}
2078  ... 
2094  -O                                                                        (1 = 0.6%) {37.8%}
2095  O                                                                         (0 = 0.0%) {38.4%}
2096  -O                                                                        (1 = 0.6%) {38.4%}
2097  ... 
2100  -O                                                                        (1 = 0.6%) {39.0%}
2101  ... 
2112  -O                                                                        (1 = 0.6%) {39.5%}
2113  ... 
2121  -O                                                                        (1 = 0.6%) {40.1%}
2122  ... 
2157  -O                                                                        (1 = 0.6%) {40.7%}
2158  ... 
2188  -O                                                                        (1 = 0.6%) {41.3%}
2189  O                                                                         (0 = 0.0%) {41.9%}
2190  -O                                                                        (1 = 0.6%) {41.9%}
2191  -O                                                                        (1 = 0.6%) {42.4%}
2192  ... 
2195  -O                                                                        (1 = 0.6%) {43.0%}
2196  ... 
2203  -O                                                                        (1 = 0.6%) {43.6%}
2204  -O                                                                        (1 = 0.6%) {44.2%}
2205  ... 
2217  -O                                                                        (1 = 0.6%) {44.8%}
2218  ... 
2226  -O                                                                        (1 = 0.6%) {45.3%}
2227  O                                                                         (0 = 0.0%) {45.9%}
2228  -O                                                                        (1 = 0.6%) {45.9%}
2229  -O                                                                        (1 = 0.6%) {46.5%}
2230  ... 
2236  -O                                                                        (1 = 0.6%) {47.1%}
2237  ... 
2298  -O                                                                        (1 = 0.6%) {47.7%}
2299  ... 
2314  -O                                                                        (1 = 0.6%) {48.3%}
2315  ... 
2319  -O                                                                        (1 = 0.6%) {48.8%}
2320  ... 
2322  -O                                                                        (1 = 0.6%) {49.4%}
2323  ... 
2347  -O                                                                        (1 = 0.6%) {50.0%}
2348  ... 
2355  -O                                                                        (1 = 0.6%) {50.6%}
2356  ... 
2361  -O                                                                        (1 = 0.6%) {51.2%}
2362  ... 
2387  -O                                                                        (1 = 0.6%) {51.7%}
2388  -O                                                                        (1 = 0.6%) {52.3%}
2389  ... 
2399  -O                                                                        (1 = 0.6%) {52.9%}
2400  ... 
2413  -O                                                                        (1 = 0.6%) {53.5%}
2414  ... 
2429  -O                                                                        (1 = 0.6%) {54.1%}
2430  O                                                                         (0 = 0.0%) {54.7%}
2431  -O                                                                        (1 = 0.6%) {54.7%}
2432  ... 
2487  -O                                                                        (1 = 0.6%) {55.2%}
2488  ... 
2518  -O                                                                        (1 = 0.6%) {55.8%}
2519  ... 
2598  -O                                                                        (1 = 0.6%) {56.4%}
2599  ... 
2618  -O                                                                        (1 = 0.6%) {57.0%}
2619  ... 
2654  -O                                                                        (1 = 0.6%) {57.6%}
2655  -O                                                                        (1 = 0.6%) {58.1%}
2656  -O                                                                        (1 = 0.6%) {58.7%}
2657  -O                                                                        (1 = 0.6%) {59.3%}
2658  -O                                                                        (1 = 0.6%) {59.9%}
2659  -O                                                                        (1 = 0.6%) {60.5%}
2660  -O                                                                        (1 = 0.6%) {61.0%}
2661  -O                                                                        (1 = 0.6%) {61.6%}
2662  -O                                                                        (1 = 0.6%) {62.2%}
2663  -O                                                                        (1 = 0.6%) {62.8%}
2664  ... 
2699  -O                                                                        (1 = 0.6%) {63.4%}
2700  -O                                                                        (1 = 0.6%) {64.0%}
2701  -O                                                                        (1 = 0.6%) {64.5%}
2702  -O                                                                        (1 = 0.6%) {65.1%}
2703  -O                                                                        (1 = 0.6%) {65.7%}
2704  -O                                                                        (1 = 0.6%) {66.3%}
2705  -O                                                                        (1 = 0.6%) {66.9%}
2706  -O                                                                        (1 = 0.6%) {67.4%}
2707  -O                                                                        (1 = 0.6%) {68.0%}
2708  ... 
2710  -O                                                                        (1 = 0.6%) {68.6%}
2711  -O                                                                        (1 = 0.6%) {69.2%}
2712  ... 
2714  -O                                                                        (1 = 0.6%) {69.8%}
2715  -O                                                                        (1 = 0.6%) {70.3%}
2716  -O                                                                        (1 = 0.6%) {70.9%}
2717  ... 
2723  -O                                                                        (1 = 0.6%) {71.5%}
2724  ... 
2738  -O                                                                        (1 = 0.6%) {72.1%}
2739  ... 
2769  -O                                                                        (1 = 0.6%) {72.7%}
2770  ... 
2841  -O                                                                        (1 = 0.6%) {73.3%}
2842  ... 
2903  -O                                                                        (1 = 0.6%) {73.8%}
2904  -O                                                                        (1 = 0.6%) {74.4%}
2905  ... 
2927  -O                                                                        (1 = 0.6%) {75.0%}
2928  ... 
2935  -O                                                                        (1 = 0.6%) {75.6%}
2936  ... 
3004  -O                                                                        (1 = 0.6%) {76.2%}
3005  ... 
3019  -O                                                                        (1 = 0.6%) {76.7%}
3020  -O                                                                        (1 = 0.6%) {77.3%}
3021  ... 
3028  -O                                                                        (1 = 0.6%) {77.9%}
3029  ... 
3066  -O                                                                        (1 = 0.6%) {78.5%}
3067  ... 
3157  -O                                                                        (1 = 0.6%) {79.1%}
3158  ... 
3198  -O                                                                        (1 = 0.6%) {79.7%}
3199  ... 
3254  -O                                                                        (1 = 0.6%) {80.2%}
3255  ... 
3258  -O                                                                        (1 = 0.6%) {80.8%}
3259  ... 
3275  -O                                                                        (1 = 0.6%) {81.4%}
3276  ... 
3279  -O                                                                        (1 = 0.6%) {82.0%}
3280  ... 
3307  -O                                                                        (1 = 0.6%) {82.6%}
3308  -O                                                                        (1 = 0.6%) {83.1%}
3309  ... 
3349  -O                                                                        (1 = 0.6%) {83.7%}
3350  ... 
3359  -O                                                                        (1 = 0.6%) {84.3%}
3360  ... 
3409  -O                                                                        (1 = 0.6%) {84.9%}
3410  ... 
3444  -O                                                                        (1 = 0.6%) {85.5%}
3445  ... 
3698  -O                                                                        (1 = 0.6%) {86.0%}
3699  ... 
3789  -O                                                                        (1 = 0.6%) {86.6%}
3790  -O                                                                        (1 = 0.6%) {87.2%}
3791  ... 
3803  -O                                                                        (1 = 0.6%) {87.8%}
3804  ... 
3870  -O                                                                        (1 = 0.6%) {88.4%}
3871  ... 
3973  -O                                                                        (1 = 0.6%) {89.0%}
3974  ... 
4007  -O                                                                        (1 = 0.6%) {89.5%}
4008  ... 
4113  -O                                                                        (1 = 0.6%) {90.1%}
4114  ... 
4161  -O                                                                        (1 = 0.6%) {90.7%}
4162  ... 
4177  -O                                                                        (1 = 0.6%) {91.3%}
4178  ... 
4194  -O                                                                        (1 = 0.6%) {91.9%}
4195  O                                                                         (0 = 0.0%) {92.4%}
4196  -O                                                                        (1 = 0.6%) {92.4%}
4197  ... 
4240  -O                                                                        (1 = 0.6%) {93.0%}
4241  O                                                                         (0 = 0.0%) {93.6%}
4242  -O                                                                        (1 = 0.6%) {93.6%}
4243  ... 
4307  -O                                                                        (1 = 0.6%) {94.2%}
4308  ... 
4317  -O                                                                        (1 = 0.6%) {94.8%}
4318  ... 
4372  -O                                                                        (1 = 0.6%) {95.3%}
4373  ... 
4379  -O                                                                        (1 = 0.6%) {95.9%}
4380  ... 
4419  -O                                                                        (1 = 0.6%) {96.5%}
4420  ... 
4561  -O                                                                        (1 = 0.6%) {97.1%}
4562  ... 
4673  -O                                                                        (1 = 0.6%) {97.7%}
4674  ... 
4743  -O                                                                        (1 = 0.6%) {98.3%}
4744  ... 
4961  -O                                                                        (1 = 0.6%) {98.8%}
4962  ... 
4994  -O                                                                        (1 = 0.6%) {99.4%}
4995  ... 

Histogram: Blink.UseCounter.MainFrame.Features recorded 172 samples, mean = 2203.1 (flags = 0x41)
0     ... 
13    -O                                                                        (1 = 0.6%) {0.0%}
14    ... 
16    -O                                                                        (1 = 0.6%) {0.6%}
17    ... 
52    -O                                                                        (1 = 0.6%) {1.2%}
53    ... 
69    -O                                                                        (1 = 0.6%) {1.7%}
70    ... 
123   -O                                                                        (1 = 0.6%) {2.3%}
124   -O                                                                        (1 = 0.6%) {2.9%}
125   -O                                                                        (1 = 0.6%) {3.5%}
126   ... 
138   -O                                                                        (1 = 0.6%) {4.1%}
139   ... 
240   -O                                                                        (1 = 0.6%) {4.7%}
241   ... 
250   -O                                                                        (1 = 0.6%) {5.2%}
251   ... 
429   -O                                                                        (1 = 0.6%) {5.8%}
430   -O                                                                        (1 = 0.6%) {6.4%}
431   -O                                                                        (1 = 0.6%) {7.0%}
432   -O                                                                        (1 = 0.6%) {7.6%}
433   ... 
469   -O                                                                        (1 = 0.6%) {8.1%}
470   ... 
494   -O                                                                        (1 = 0.6%) {8.7%}
495   ... 
522   -O                                                                        (1 = 0.6%) {9.3%}
523   -O                                                                        (1 = 0.6%) {9.9%}
524   -O                                                                        (1 = 0.6%) {10.5%}
525   ... 
540   -O                                                                        (1 = 0.6%) {11.0%}
541   ... 
587   -O                                                                        (1 = 0.6%) {11.6%}
588   -O                                                                        (1 = 0.6%) {12.2%}
589   ... 
675   -O                                                                        (1 = 0.6%) {12.8%}
676   ... 
710   -O                                                                        (1 = 0.6%) {13.4%}
711   -O                                                                        (1 = 0.6%) {14.0%}
712   ... 
717   -O                                                                        (1 = 0.6%) {14.5%}
718   ... 
730   -O                                                                        (1 = 0.6%) {15.1%}
731   ... 
744   -O                                                                        (1 = 0.6%) {15.7%}
745   ... 
780   -O                                                                        (1 = 0.6%) {16.3%}
781   -O                                                                        (1 = 0.6%) {16.9%}
782   ... 
786   -O                                                                        (1 = 0.6%) {17.4%}
787   -O                                                                        (1 = 0.6%) {18.0%}
788   ... 
804   -O                                                                        (1 = 0.6%) {18.6%}
805   ... 
900   -O                                                                        (1 = 0.6%) {19.2%}
901   -O                                                                        (1 = 0.6%) {19.8%}
902   ... 
907   -O                                                                        (1 = 0.6%) {20.3%}
908   ... 
954   -O                                                                        (1 = 0.6%) {20.9%}
955   ... 
970   -O                                                                        (1 = 0.6%) {21.5%}
971   O                                                                         (0 = 0.0%) {22.1%}
972   -O                                                                        (1 = 0.6%) {22.1%}
973   -O                                                                        (1 = 0.6%) {22.7%}
974   ... 
976   -O                                                                        (1 = 0.6%) {23.3%}
977   ... 
1023  -O                                                                        (1 = 0.6%) {23.8%}
1024  ... 
1069  -O                                                                        (1 = 0.6%) {24.4%}
1070  -O                                                                        (1 = 0.6%) {25.0%}
1071  ... 
1075  -O                                                                        (1 = 0.6%) {25.6%}
1076  -O                                                                        (1 = 0.6%) {26.2%}
1077  ... 
1124  -O                                                                        (1 = 0.6%) {26.7%}
1125  ... 
1302  -O                                                                        (1 = 0.6%) {27.3%}
1303  ... 
1347  -O                                                                        (1 = 0.6%) {27.9%}
1348  ... 
1351  -O                                                                        (1 = 0.6%) {28.5%}
1352  ... 
1354  -O                                                                        (1 = 0.6%) {29.1%}
1355  ... 
1368  -O                                                                        (1 = 0.6%) {29.7%}
1369  ... 
1417  -O                                                                        (1 = 0.6%) {30.2%}
1418  ... 
1441  -O                                                                        (1 = 0.6%) {30.8%}
1442  ... 
1458  -O                                                                        (1 = 0.6%) {31.4%}
1459  -O                                                                        (1 = 0.6%) {32.0%}
1460  ... 
1462  -O                                                                        (1 = 0.6%) {32.6%}
1463  -O                                                                        (1 = 0.6%) {33.1%}
1464  ... 
1467  -O                                                                        (1 = 0.6%) {33.7%}
1468  ... 
1502  -O                                                                        (1 = 0.6%) {34.3%}
1503  ... 
1692  -O                                                                        (1 = 0.6%) {34.9%}
1693  -O                                                                        (1 = 0.6%) {35.5%}
1694  ... 
1827  -O                                                                        (1 = 0.6%) {36.0%}
1828  ... 
2013  -O                                                                        (1 = 0.6%) {36.6%}
2014  ... 
2077  -O                                                                        (1 = 0.6%) {37.2%}
2078  ... 
2094  -O                                                                        (1 = 0.6%) {37.8%}
2095  O                                                                         (0 = 0.0%) {38.4%}
2096  -O                                                                        (1 = 0.6%) {38.4%}
2097  ... 
2100  -O                                                                        (1 = 0.6%) {39.0%}
2101  ... 
2112  -O                                                                        (1 = 0.6%) {39.5%}
2113  ... 
2121  -O                                                                        (1 = 0.6%) {40.1%}
2122  ... 
2157  -O                                                                        (1 = 0.6%) {40.7%}
2158  ... 
2188  -O                                                                        (1 = 0.6%) {41.3%}
2189  O                                                                         (0 = 0.0%) {41.9%}
2190  -O                                                                        (1 = 0.6%) {41.9%}
2191  -O                                                                        (1 = 0.6%) {42.4%}
2192  ... 
2195  -O                                                                        (1 = 0.6%) {43.0%}
2196  ... 
2203  -O                                                                        (1 = 0.6%) {43.6%}
2204  -O                                                                        (1 = 0.6%) {44.2%}
2205  ... 
2217  -O                                                                        (1 = 0.6%) {44.8%}
2218  ... 
2226  -O                                                                        (1 = 0.6%) {45.3%}
2227  O                                                                         (0 = 0.0%) {45.9%}
2228  -O                                                                        (1 = 0.6%) {45.9%}
2229  -O                                                                        (1 = 0.6%) {46.5%}
2230  ... 
2236  -O                                                                        (1 = 0.6%) {47.1%}
2237  ... 
2298  -O                                                                        (1 = 0.6%) {47.7%}
2299  ... 
2314  -O                                                                        (1 = 0.6%) {48.3%}
2315  ... 
2319  -O                                                                        (1 = 0.6%) {48.8%}
2320  ... 
2322  -O                                                                        (1 = 0.6%) {49.4%}
2323  ... 
2347  -O                                                                        (1 = 0.6%) {50.0%}
2348  ... 
2355  -O                                                                        (1 = 0.6%) {50.6%}
2356  ... 
2361  -O                                                                        (1 = 0.6%) {51.2%}
2362  ... 
2387  -O                                                                        (1 = 0.6%) {51.7%}
2388  -O                                                                        (1 = 0.6%) {52.3%}
2389  ... 
2399  -O                                                                        (1 = 0.6%) {52.9%}
2400  ... 
2413  -O                                                                        (1 = 0.6%) {53.5%}
2414  ... 
2429  -O                                                                        (1 = 0.6%) {54.1%}
2430  O                                                                         (0 = 0.0%) {54.7%}
2431  -O                                                                        (1 = 0.6%) {54.7%}
2432  ... 
2487  -O                                                                        (1 = 0.6%) {55.2%}
2488  ... 
2518  -O                                                                        (1 = 0.6%) {55.8%}
2519  ... 
2598  -O                                                                        (1 = 0.6%) {56.4%}
2599  ... 
2618  -O                                                                        (1 = 0.6%) {57.0%}
2619  ... 
2654  -O                                                                        (1 = 0.6%) {57.6%}
2655  -O                                                                        (1 = 0.6%) {58.1%}
2656  -O                                                                        (1 = 0.6%) {58.7%}
2657  -O                                                                        (1 = 0.6%) {59.3%}
2658  -O                                                                        (1 = 0.6%) {59.9%}
2659  -O                                                                        (1 = 0.6%) {60.5%}
2660  -O                                                                        (1 = 0.6%) {61.0%}
2661  -O                                                                        (1 = 0.6%) {61.6%}
2662  -O                                                                        (1 = 0.6%) {62.2%}
2663  -O                                                                        (1 = 0.6%) {62.8%}
2664  ... 
2699  -O                                                                        (1 = 0.6%) {63.4%}
2700  -O                                                                        (1 = 0.6%) {64.0%}
2701  -O                                                                        (1 = 0.6%) {64.5%}
2702  -O                                                                        (1 = 0.6%) {65.1%}
2703  -O                                                                        (1 = 0.6%) {65.7%}
2704  -O                                                                        (1 = 0.6%) {66.3%}
2705  -O                                                                        (1 = 0.6%) {66.9%}
2706  -O                                                                        (1 = 0.6%) {67.4%}
2707  -O                                                                        (1 = 0.6%) {68.0%}
2708  ... 
2710  -O                                                                        (1 = 0.6%) {68.6%}
2711  -O                                                                        (1 = 0.6%) {69.2%}
2712  ... 
2714  -O                                                                        (1 = 0.6%) {69.8%}
2715  -O                                                                        (1 = 0.6%) {70.3%}
2716  -O                                                                        (1 = 0.6%) {70.9%}
2717  ... 
2723  -O                                                                        (1 = 0.6%) {71.5%}
2724  ... 
2738  -O                                                                        (1 = 0.6%) {72.1%}
2739  ... 
2769  -O                                                                        (1 = 0.6%) {72.7%}
2770  ... 
2841  -O                                                                        (1 = 0.6%) {73.3%}
2842  ... 
2903  -O                                                                        (1 = 0.6%) {73.8%}
2904  -O                                                                        (1 = 0.6%) {74.4%}
2905  ... 
2927  -O                                                                        (1 = 0.6%) {75.0%}
2928  ... 
2935  -O                                                                        (1 = 0.6%) {75.6%}
2936  ... 
3004  -O                                                                        (1 = 0.6%) {76.2%}
3005  ... 
3019  -O                                                                        (1 = 0.6%) {76.7%}
3020  -O                                                                        (1 = 0.6%) {77.3%}
3021  ... 
3028  -O                                                                        (1 = 0.6%) {77.9%}
3029  ... 
3066  -O                                                                        (1 = 0.6%) {78.5%}
3067  ... 
3157  -O                                                                        (1 = 0.6%) {79.1%}
3158  ... 
3198  -O                                                                        (1 = 0.6%) {79.7%}
3199  ... 
3254  -O                                                                        (1 = 0.6%) {80.2%}
3255  ... 
3258  -O                                                                        (1 = 0.6%) {80.8%}
3259  ... 
3275  -O                                                                        (1 = 0.6%) {81.4%}
3276  ... 
3279  -O                                                                        (1 = 0.6%) {82.0%}
3280  ... 
3307  -O                                                                        (1 = 0.6%) {82.6%}
3308  -O                                                                        (1 = 0.6%) {83.1%}
3309  ... 
3349  -O                                                                        (1 = 0.6%) {83.7%}
3350  ... 
3359  -O                                                                        (1 = 0.6%) {84.3%}
3360  ... 
3409  -O                                                                        (1 = 0.6%) {84.9%}
3410  ... 
3444  -O                                                                        (1 = 0.6%) {85.5%}
3445  ... 
3698  -O                                                                        (1 = 0.6%) {86.0%}
3699  ... 
3789  -O                                                                        (1 = 0.6%) {86.6%}
3790  -O                                                                        (1 = 0.6%) {87.2%}
3791  ... 
3803  -O                                                                        (1 = 0.6%) {87.8%}
3804  ... 
3870  -O                                                                        (1 = 0.6%) {88.4%}
3871  ... 
3973  -O                                                                        (1 = 0.6%) {89.0%}
3974  ... 
4007  -O                                                                        (1 = 0.6%) {89.5%}
4008  ... 
4113  -O                                                                        (1 = 0.6%) {90.1%}
4114  ... 
4161  -O                                                                        (1 = 0.6%) {90.7%}
4162  ... 
4177  -O                                                                        (1 = 0.6%) {91.3%}
4178  ... 
4194  -O                                                                        (1 = 0.6%) {91.9%}
4195  O                                                                         (0 = 0.0%) {92.4%}
4196  -O                                                                        (1 = 0.6%) {92.4%}
4197  ... 
4240  -O                                                                        (1 = 0.6%) {93.0%}
4241  O                                                                         (0 = 0.0%) {93.6%}
4242  -O                                                                        (1 = 0.6%) {93.6%}
4243  ... 
4307  -O                                                                        (1 = 0.6%) {94.2%}
4308  ... 
4317  -O                                                                        (1 = 0.6%) {94.8%}
4318  ... 
4372  -O                                                                        (1 = 0.6%) {95.3%}
4373  ... 
4379  -O                                                                        (1 = 0.6%) {95.9%}
4380  ... 
4419  -O                                                                        (1 = 0.6%) {96.5%}
4420  ... 
4561  -O                                                                        (1 = 0.6%) {97.1%}
4562  ... 
4673  -O                                                                        (1 = 0.6%) {97.7%}
4674  ... 
4743  -O                                                                        (1 = 0.6%) {98.3%}
4744  ... 
4961  -O                                                                        (1 = 0.6%) {98.8%}
4962  ... 
4994  -O                                                                        (1 = 0.6%) {99.4%}
4995  ... 

Histogram: Blink.UseCounter.PermissionsPolicy.Allow2 recorded 0 samples (flags = 0x41)
0 ... 

Histogram: Blink.UseCounter.PermissionsPolicy.Header2 recorded 0 samples (flags = 0x41)
0 ... 

Histogram: Blink.UseCounter.PermissionsPolicy.Violation.Enforce recorded 0 samples (flags = 0x41)
0 ... 

Histogram: Blink.UseCounter.WebDXFeatures recorded 15 samples, mean = 37.7 (flags = 0x41)
0   ... 
5   -O                                                                        (1 = 6.7%) {0.0%}
6   ... 
8   -O                                                                        (1 = 6.7%) {6.7%}
9   -O                                                                        (1 = 6.7%) {13.3%}
10  O                                                                         (0 = 0.0%) {20.0%}
11  -O                                                                        (1 = 6.7%) {20.0%}
12  ... 
27  -O                                                                        (1 = 6.7%) {26.7%}
28  -O                                                                        (1 = 6.7%) {33.3%}
29  -O                                                                        (1 = 6.7%) {40.0%}
30  ... 
38  -O                                                                        (1 = 6.7%) {46.7%}
39  -O                                                                        (1 = 6.7%) {53.3%}
40  ... 
45  -O                                                                        (1 = 6.7%) {60.0%}
46  -O                                                                        (1 = 6.7%) {66.7%}
47  ... 
58  -O                                                                        (1 = 6.7%) {73.3%}
59  ... 
68  -O                                                                        (1 = 6.7%) {80.0%}
69  ... 
71  -O                                                                        (1 = 6.7%) {86.7%}
72  ... 
83  -O                                                                        (1 = 6.7%) {93.3%}
84  ... 

Histogram: Blink.UserDrivenDocumentUpdate.UpdateTime.PreFCP recorded 1 samples, mean = 16.0 (flags = 0x41)
0   ... 
15  -O                                                                        (1 = 100.0%) {0.0%}
21  ... 

Histogram: Bookmarks.BookmarkBar.Shown recorded 1 samples, mean = 0.0 (flags = 0x41)
0  -O                                                                        (1 = 100.0%)
1  ... 

Histogram: Bookmarks.Count.OnProfileLoad3 recorded 1 samples, mean = 0.0 (flags = 0x41)
0  -O                                                                        (1 = 100.0%)
1  ... 

Histogram: Bookmarks.Storage.TimeToLoadAtStartup2 recorded 1 samples, mean = 2435.0 (flags = 0x41)
0     ... 
2117  -O                                                                        (1 = 100.0%) {0.0%}
2516  ... 

Histogram: Bookmarks.Times.OnProfileLoad.TimeSinceAdded3 recorded 1 samples, mean = 0.0 (flags = 0x41)
0  -O                                                                        (1 = 100.0%)
1  ... 

Histogram: Bookmarks.Utilization.OnProfileLoad.PercentageUsed recorded 1 samples, mean = 0.0 (flags = 0x41)
0  -O                                                                        (1 = 100.0%)
1  ... 

Histogram: Bookmarks.Utilization.OnProfileLoad.TotalUnused recorded 1 samples, mean = 0.0 (flags = 0x41)
0  -O                                                                        (1 = 100.0%)
1  ... 

Histogram: Bookmarks.Utilization.OnProfileLoad.TotalUsed recorded 1 samples, mean = 0.0 (flags = 0x41)
0  -O                                                                        (1 = 100.0%)
1  ... 

Histogram: BrotliFilter.CompressionPercent recorded 34 samples, mean = 35.4 (flags = 0x41)
0    ... 
10   -O                                                                        (1 = 2.9%) {0.0%}
11   --O                                                                       (2 = 5.9%) {2.9%}
12   -O                                                                        (1 = 2.9%) {8.8%}
13   O                                                                         (0 = 0.0%) {11.8%}
14   -O                                                                        (1 = 2.9%) {11.8%}
15   O                                                                         (0 = 0.0%) {14.7%}
16   --O                                                                       (2 = 5.9%) {14.7%}
17   -O                                                                        (1 = 2.9%) {20.6%}
18   -O                                                                        (1 = 2.9%) {23.5%}
19   ... 
22   -O                                                                        (1 = 2.9%) {26.5%}
23   -O                                                                        (1 = 2.9%) {29.4%}
24   -O                                                                        (1 = 2.9%) {32.4%}
25   -O                                                                        (1 = 2.9%) {35.3%}
26   -O                                                                        (1 = 2.9%) {38.2%}
27   O                                                                         (0 = 0.0%) {41.2%}
28   -O                                                                        (1 = 2.9%) {41.2%}
29   ---O                                                                      (3 = 8.8%) {44.1%}
30   --O                                                                       (2 = 5.9%) {52.9%}
31   O                                                                         (0 = 0.0%) {58.8%}
32   -O                                                                        (1 = 2.9%) {58.8%}
33   -O                                                                        (1 = 2.9%) {61.8%}
34   -O                                                                        (1 = 2.9%) {64.7%}
35   ... 
38   -O                                                                        (1 = 2.9%) {67.6%}
39   --O                                                                       (2 = 5.9%) {70.6%}
40   ... 
43   -O                                                                        (1 = 2.9%) {76.5%}
44   -O                                                                        (1 = 2.9%) {79.4%}
45   O                                                                         (0 = 0.0%) {82.4%}
46   -O                                                                        (1 = 2.9%) {82.4%}
47   --O                                                                       (2 = 5.9%) {85.3%}
48   ... 
84   -O                                                                        (1 = 2.9%) {91.2%}
85   ... 
101  --O                                                                       (2 = 5.9%) {94.1%}

Histogram: BrotliFilter.Status recorded 34 samples, mean = 1.0 (flags = 0x41)
0  O                                                                         (0 = 0.0%)
1  ----------------------------------O                                       (34 = 100.0%) {0.0%}
2  ... 

Histogram: BrotliFilter.UsedMemoryKB recorded 34 samples, mean = 216.4 (flags = 0x41)
0    ... 
16   --O                                                                       (2 = 5.9%) {0.0%}
20   O                                                                         (0 = 0.0%) {5.9%}
25   ---O                                                                      (3 = 8.8%) {5.9%}
31   -------O                                                                  (7 = 20.6%) {14.7%}
39   O                                                                         (0 = 0.0%) {35.3%}
49   --O                                                                       (2 = 5.9%) {35.3%}
61   -O                                                                        (1 = 2.9%) {41.2%}
76   ----O                                                                     (4 = 11.8%) {44.1%}
95   O                                                                         (0 = 0.0%) {55.9%}
119  ---O                                                                      (3 = 8.8%) {55.9%}
149  O                                                                         (0 = 0.0%) {64.7%}
187  -O                                                                        (1 = 2.9%) {64.7%}
234  ... 
367  -------O                                                                  (7 = 20.6%) {67.6%}
460  O                                                                         (0 = 0.0%) {88.2%}
576  -O                                                                        (1 = 2.9%) {88.2%}
722  ---O                                                                      (3 = 8.8%) {91.2%}
905  ... 

Histogram: Browser.ERP.RequestPayloadSizePerHour recorded 2 samples, mean = 0.0 (flags = 0x41)
0  --O                                                                       (2 = 100.0%)
1  ... 

Histogram: Browser.ERP.ResponsePayloadSizePerHour recorded 2 samples, mean = 0.0 (flags = 0x41)
0  --O                                                                       (2 = 100.0%)
1  ... 

Histogram: Browser.MainThreadsCongestion.RunningOnly recorded 334 samples, mean = 0.0 (flags = 0x41)
0  ------------------------------------------------------------------------O (334 = 100.0%)
1  ... 

Histogram: Browser.MainThreadsCongestion.RunningOnly.Initial recorded 1 samples, mean = 0.0 (flags = 0x41)
0  -O                                                                        (1 = 100.0%)
1  ... 

Histogram: Browser.Responsiveness.IOJanksTotalPerMinute recorded 167 samples, mean = 0.0 (flags = 0x41)
0  ------------------------------------------------------------------------O (167 = 100.0%)
1  ... 

Histogram: Browser.Responsiveness.IOJankyIntervalsPerMinute recorded 167 samples, mean = 0.0 (flags = 0x41)
0  ------------------------------------------------------------------------O (167 = 100.0%)
1  ... 

Histogram: BrowserRenderProcessHost.Cleanup.DelayReason recorded 12 samples, mean = 6.8 (flags = 0x41)
0  ---O                                                                      (3 = 25.0%)
1  ... 
9  ---------O                                                                (9 = 75.0%) {25.0%}
10 ... 

Histogram: BrowserRenderProcessHost.Cleanup.Total recorded 12 samples, mean = 1.0 (flags = 0x41)
0  O                                                                         (0 = 0.0%)
1  ------------O                                                             (12 = 100.0%) {0.0%}
2  O                                                                         (0 = 0.0%) {100.0%}

Histogram: BrowserRenderProcessHost.ExistingRendererIsInitializedAndNotDead recorded 1 samples, mean = 1.0 (flags = 0x41)
0  O                                                                         (0 = 0.0%)
1  -O                                                                        (1 = 100.0%) {0.0%}
2  O                                                                         (0 = 0.0%) {100.0%}

Histogram: BrowserRenderProcessHost.FastShutdownIfPossible.DelayReason recorded 1 samples, mean = 4.0 (flags = 0x41)
0  ... 
4  -O                                                                        (1 = 100.0%) {0.0%}
5  ... 

Histogram: BrowserRenderProcessHost.FastShutdownIfPossible.Total recorded 1 samples, mean = 1.0 (flags = 0x41)
0  O                                                                         (0 = 0.0%)
1  -O                                                                        (1 = 100.0%) {0.0%}
2  O                                                                         (0 = 0.0%) {100.0%}

Histogram: BrowserRenderProcessHost.SpareProcessEvictedOtherSpare recorded 2 samples, mean = 0.0 (flags = 0x41)
0  --O                                                                       (2 = 100.0%)
1  ... 

Histogram: BrowserRenderProcessHost.SpareProcessMaybeTakeAction recorded 2 samples, mean = 2.0 (flags = 0x41)
0  -O                                                                        (1 = 50.0%)
1  ... 
4  -O                                                                        (1 = 50.0%) {50.0%}
5  ... 

Histogram: BrowserRenderProcessHost.SpareProcessStartupTime recorded 2 samples, mean = 1359.0 (flags = 0x41)
0     ... 
81    -O                                                                        (1 = 50.0%) {0.0%}
96    ... 
2516  -O                                                                        (1 = 50.0%) {50.0%}
2990  ... 

Histogram: BrowserSwitcher.ExternalGreylistSize recorded 1 samples, mean = 0.0 (flags = 0x41)
0  -O                                                                        (1 = 100.0%)
1  ... 

Histogram: BrowserSwitcher.ExternalSitelistSize recorded 1 samples, mean = 0.0 (flags = 0x41)
0  -O                                                                        (1 = 100.0%)
1  ... 

Histogram: BrowserSwitcher.IeemSitelistSize recorded 1 samples, mean = 0.0 (flags = 0x41)
0  -O                                                                        (1 = 100.0%)
1  ... 

Histogram: BrowsingTopics.BrowsingTopicsState.LoadFinishStatus recorded 1 samples, mean = 1.0 (flags = 0x41)
0  O                                                                         (0 = 0.0%)
1  -O                                                                        (1 = 100.0%) {0.0%}
2  O                                                                         (0 = 0.0%) {100.0%}

Histogram: BrowsingTopics.EpochTopicsCalculation.FirstTry.CalculatorResultStatus recorded 1 samples, mean = 1.0 (flags = 0x41)
0  O                                                                         (0 = 0.0%)
1  -O                                                                        (1 = 100.0%) {0.0%}
2  ... 

Histogram: BrowsingTopics.EpochTopicsCalculation.Started.RetryNumber recorded 1 samples, mean = 0.0 (flags = 0x41)
0  -O                                                                        (1 = 100.0%)
1  ... 

Histogram: BrowsingTopics.SiteDataStorage.FileSize.KB recorded 1 samples, mean = 28.0 (flags = 0x41)
0   ... 
28  -O                                                                        (1 = 100.0%) {0.0%}
37  ... 

Histogram: BrowsingTopics.SiteDataStorage.InitStatus recorded 1 samples, mean = 1.0 (flags = 0x41)
0  O                                                                         (0 = 0.0%)
1  -O                                                                        (1 = 100.0%) {0.0%}
2  O                                                                         (0 = 0.0%) {100.0%}

Histogram: CPU.Experimental.CpuEstimationTaskMigrated recorded 33 samples, mean = 0.0 (flags = 0x41)
0  ---------------------------------O                                        (33 = 100.0%)
1  ... 

Histogram: CPU.Experimental.CpuEstimationTaskQueuedTime.Performance recorded 33 samples, mean = 14.4 (flags = 0x41)
0   ... 
9   ----------O                                                               (10 = 30.3%) {0.0%}
12  -------------------O                                                      (19 = 57.6%) {30.3%}
16  ---O                                                                      (3 = 9.1%) {87.9%}
21  ... 
65  -O                                                                        (1 = 3.0%) {97.0%}
86  ... 

Histogram: CPU.Experimental.CpuEstimationTaskThreadTime.Performance recorded 33 samples, mean = 98.7 (flags = 0x41)
0   ... 
86  ---------------------------------O                                        (33 = 100.0%) {0.0%}
113 ... 

Histogram: CPU.Experimental.CpuEstimationTaskTotalTime.Performance recorded 33 samples, mean = 115.8 (flags = 0x41)
0    ... 
86   -----------------O                                                        (17 = 51.5%) {0.0%}
113  ---------------O                                                          (15 = 45.5%) {51.5%}
149  O                                                                         (0 = 0.0%) {97.0%}
196  -O                                                                        (1 = 3.0%) {97.0%}
258  ... 

Histogram: CPU.Experimental.CpuEstimationTaskWallTime.Performance recorded 33 samples, mean = 101.5 (flags = 0x41)
0    ... 
86   -------------------------------O                                          (31 = 93.9%) {0.0%}
113  --O                                                                       (2 = 6.1%) {93.9%}
149  ... 

Histogram: CPU.Experimental.CpuEstimationThreadTimePercent.Performance recorded 33 samples, mean = 97.2 (flags = 0x41)
0    ... 
67   -O                                                                        (1 = 3.0%) {0.0%}
68   ... 
94   -O                                                                        (1 = 3.0%) {3.0%}
95   ... 
97   ---O                                                                      (3 = 9.1%) {6.1%}
98   -------------------O                                                      (19 = 57.6%) {15.2%}
99   -----O                                                                    (5 = 15.2%) {72.7%}
100  ----O                                                                     (4 = 12.1%) {87.9%}
101  O                                                                         (0 = 0.0%) {100.0%}

Histogram: CPU.Experimental.EstimatedFrequencyAsPercentOfLimit.Performance recorded 33 samples, mean = 104.9 (flags = 0x41)
0    ... 
72   -O                                                                        (1 = 3.0%) {0.0%}
73   ... 
94   -O                                                                        (1 = 3.0%) {3.0%}
95   ... 
100  -O                                                                        (1 = 3.0%) {6.1%}
101  ------------------------------O                                           (30 = 90.9%) {9.1%}

Histogram: CPU.Experimental.EstimatedFrequencyAsPercentOfMax.Performance recorded 33 samples, mean = 104.9 (flags = 0x41)
0    ... 
72   -O                                                                        (1 = 3.0%) {0.0%}
73   ... 
94   -O                                                                        (1 = 3.0%) {3.0%}
95   ... 
100  -O                                                                        (1 = 3.0%) {6.1%}
101  ------------------------------O                                           (30 = 90.9%) {9.1%}

Histogram: CertificateType2.BR.Intermediate.ECDSA recorded 18 samples, mean = 263.1 (flags = 0x41)
0    ... 
256  -----------------O                                                        (17 = 94.4%) {0.0%}
257  ... 
384  -O                                                                        (1 = 5.6%) {94.4%}
385  ... 

Histogram: CertificateType2.BR.Intermediate.RSA recorded 3 samples, mean = 2048.0 (flags = 0x41)
0     ... 
2048  ---O                                                                      (3 = 100.0%) {0.0%}
2049  ... 

Histogram: CertificateType2.BR.Leaf.ECDSA recorded 18 samples, mean = 256.0 (flags = 0x41)
0    ... 
256  ------------------O                                                       (18 = 100.0%) {0.0%}
257  ... 

Histogram: CertificateType2.BR.Leaf.RSA recorded 3 samples, mean = 2048.0 (flags = 0x41)
0     ... 
2048  ---O                                                                      (3 = 100.0%) {0.0%}
2049  ... 

Histogram: CertificateType2.BR.Root.ECDSA recorded 17 samples, mean = 384.0 (flags = 0x41)
0    ... 
384  -----------------O                                                        (17 = 100.0%) {0.0%}
385  ... 

Histogram: CertificateType2.BR.Root.RSA recorded 4 samples, mean = 2560.0 (flags = 0x41)
0     ... 
2048  ---O                                                                      (3 = 75.0%) {0.0%}
2049  ... 
4096  -O                                                                        (1 = 25.0%) {75.0%}
4097  ... 

Histogram: ChildProcess.Launched.UtilityProcessHash recorded 3 samples (flags = 0x41)
-2043041185 -O                                                                        (1 = 33.3%)
-1468742076 -O                                                                        (1 = 33.3%)
1411170475  -O                                                                        (1 = 33.3%)

Histogram: ChildProcess.ProcessLifetime.Utility recorded 3 samples, mean = 6695653.5 (flags = 0x41)
0        ... 
398      -O                                                                        (1 = 33.3%) {0.0%}
539      ... 
3600000  --O                                                                       (2 = 66.7%) {33.3%}

Histogram: Chrome.ProcessSingleton.NotifyResult recorded 1 samples, mean = 0.0 (flags = 0x41)
0  -O                                                                        (1 = 100.0%)
1  ... 

Histogram: Chrome.ProcessSingleton.TimeToCreate recorded 1 samples, mean = 0.0 (flags = 0x41)
0  -O                                                                        (1 = 100.0%)
10 ... 

Histogram: Chrome.SystemNetworkContextManager.NetworkSandboxState recorded 4 samples, mean = 0.0 (flags = 0x41)
0  ----O                                                                     (4 = 100.0%)
1  ... 

Histogram: ChromeElf.Beacon.RetryAttemptsBeforeSuccess recorded 1 samples, mean = 0.0 (flags = 0x41)
0  -O                                                                        (1 = 100.0%)
1  ... 

Histogram: ChromeElf.Beacon.SetupStatus recorded 1 samples, mean = 1.0 (flags = 0x41)
0  O                                                                         (0 = 0.0%)
1  -O                                                                        (1 = 100.0%) {0.0%}
2  ... 

Histogram: ChromeElf.ExtensionPoint.EnableState recorded 1 samples, mean = 1.0 (flags = 0x41)
0  O                                                                         (0 = 0.0%)
1  -O                                                                        (1 = 100.0%) {0.0%}
2  O                                                                         (0 = 0.0%) {100.0%}

Histogram: ClientHints.CriticalCHRestart recorded 1 samples, mean = 0.0 (flags = 0x41)
0  -O                                                                        (1 = 100.0%)
1  ... 

Histogram: ClientHints.FetchLatency_PrefRead recorded 5 samples, mean = 3.8 (flags = 0x41)
0  ... 
2  ---O                                                                      (3 = 60.0%) {0.0%}
3  -O                                                                        (1 = 20.0%) {60.0%}
4  ... 
8  -O                                                                        (1 = 20.0%) {80.0%}
11 ... 

Histogram: ClientHints.FetchLatency_PrerenderHost recorded 5 samples, mean = 0.2 (flags = 0x41)
0  ----O                                                                     (4 = 80.0%)
1  -O                                                                        (1 = 20.0%) {80.0%}
2  ... 

Histogram: ClientHints.FetchLatency_Total recorded 5 samples, mean = 4.0 (flags = 0x41)
0   ... 
2   ---O                                                                      (3 = 60.0%) {0.0%}
3   -O                                                                        (1 = 20.0%) {60.0%}
4   ... 
11  -O                                                                        (1 = 20.0%) {80.0%}
15  ... 

Histogram: ComponentUpdater.Calls recorded 1 samples, mean = 1.0 (flags = 0x41)
0  O                                                                         (0 = 0.0%)
1  -O                                                                        (1 = 100.0%) {0.0%}
2  O                                                                         (0 = 0.0%) {100.0%}

Histogram: ComponentUpdater.UpdateCompleteError recorded 1 samples, mean = 0.0 (flags = 0x41)
0  -O                                                                        (1 = 100.0%)
1  ... 

Histogram: ComponentUpdater.UpdateCompleteResult recorded 1 samples, mean = 0.0 (flags = 0x41)
0  -O                                                                        (1 = 100.0%)
1  ... 

Histogram: ComponentUpdater.UpdateCompleteTime recorded 1 samples, mean = 1334.0 (flags = 0x41)
0     ... 
1169  -O                                                                        (1 = 100.0%) {0.0%}
1349  ... 

Histogram: Compositing.Browser.CompositorFrame.Quads recorded 4 samples, mean = 1.0 (flags = 0x41)
0  O                                                                         (0 = 0.0%)
1  ----O                                                                     (4 = 100.0%) {0.0%}
2  ... 

Histogram: Compositing.Browser.LayerTreeImpl.CalculateDrawPropertiesUs recorded 5 samples, mean = 11.8 (flags = 0x41)
0   ... 
2   -O                                                                        (1 = 20.0%) {0.0%}
3   ... 
9   ---O                                                                      (3 = 60.0%) {20.0%}
12  ... 
21  -O                                                                        (1 = 20.0%) {80.0%}
28  ... 

Histogram: Compositing.Browser.LayersUpdateTime recorded 5 samples, mean = 18.6 (flags = 0x41)
0   ... 
6   --O                                                                       (2 = 40.0%) {0.0%}
8   O                                                                         (0 = 0.0%) {40.0%}
11  -O                                                                        (1 = 20.0%) {40.0%}
15  -O                                                                        (1 = 20.0%) {60.0%}
21  ... 
40  -O                                                                        (1 = 20.0%) {80.0%}
55  ... 

Histogram: Compositing.ColorGamut recorded 5 samples, mean = 0.0 (flags = 0x41)
0  -----O                                                                    (5 = 100.0%)
1  ... 

Histogram: Compositing.DidMainThreadBlockDuringCommit recorded 3 samples, mean = 0.0 (flags = 0x41)
0  ---O                                                                      (3 = 100.0%)
1  ... 

Histogram: Compositing.DirectRenderer.OverlayProcessingUs recorded 5 samples, mean = 0.4 (flags = 0x41)
0  -----O                                                                    (5 = 100.0%)
5  ... 

Histogram: Compositing.DirectRenderer.PartialSwap.ExtraDamage recorded 5 samples, mean = 0.0 (flags = 0x41)
0  -----O                                                                    (5 = 100.0%)
1  ... 

Histogram: Compositing.DirectRenderer.PartialSwap.FrameBufferDamage recorded 5 samples, mean = 0.0 (flags = 0x41)
0  -----O                                                                    (5 = 100.0%)
1  ... 

Histogram: Compositing.DirectRenderer.PartialSwap.RootDamage recorded 5 samples, mean = 100.0 (flags = 0x41)
0    ... 
100  -----O                                                                    (5 = 100.0%) {0.0%}
101  O                                                                         (0 = 0.0%) {100.0%}

Histogram: Compositing.DirectRenderer.PartialSwap.TotalDamage recorded 5 samples, mean = 100.0 (flags = 0x41)
0    ... 
100  -----O                                                                    (5 = 100.0%) {0.0%}
101  O                                                                         (0 = 0.0%) {100.0%}

Histogram: Compositing.DirectRenderer.SkipAllNonRootRenderPassesPerFrame recorded 2 samples, mean = 0.0 (flags = 0x41)
0  --O                                                                       (2 = 100.0%)
1  ... 

Histogram: Compositing.DirectRenderer.SkipNonRootRenderPass recorded 2 samples, mean = 0.0 (flags = 0x41)
0  --O                                                                       (2 = 100.0%)
1  ... 

Histogram: Compositing.DirectRenderer.TotalPixelsRendered recorded 5 samples, mean = 5.6 (flags = 0x41)
0  ... 
4  ---O                                                                      (3 = 60.0%) {0.0%}
6  --O                                                                       (2 = 40.0%) {60.0%}
9  ... 

Histogram: Compositing.Display.Draw.Occlusion.Calculation.Time recorded 5 samples, mean = 4.4 (flags = 0x41)
0   -O                                                                        (1 = 20.0%)
1   -O                                                                        (1 = 20.0%) {20.0%}
2   ... 
5   --O                                                                       (2 = 40.0%) {40.0%}
6   ... 
11  -O                                                                        (1 = 20.0%) {80.0%}
12  ... 

Histogram: Compositing.Display.Draw.Quads recorded 5 samples, mean = 1.8 (flags = 0x41)
0  O                                                                         (0 = 0.0%)
1  ---O                                                                      (3 = 60.0%) {0.0%}
2  O                                                                         (0 = 0.0%) {60.0%}
3  --O                                                                       (2 = 40.0%) {60.0%}
4  ... 

Histogram: Compositing.Display.DrawToSwapUs recorded 5 samples, mean = 4563.4 (flags = 0x41)
0      ... 
490    --O                                                                       (2 = 40.0%) {0.0%}
594    -O                                                                        (1 = 20.0%) {40.0%}
720    ... 
4949   -O                                                                        (1 = 20.0%) {60.0%}
6001   ... 
15732  -O                                                                        (1 = 20.0%) {80.0%}
19076  ... 

Histogram: Compositing.Display.FlattenedRenderPassCount recorded 5 samples, mean = 1.4 (flags = 0x41)
0  O                                                                         (0 = 0.0%)
1  ---O                                                                      (3 = 60.0%) {0.0%}
2  --O                                                                       (2 = 40.0%) {60.0%}
3  ... 

Histogram: Compositing.Display.PendingSwaps recorded 5 samples, mean = 1.0 (flags = 0x41)
0  O                                                                         (0 = 0.0%)
1  -----O                                                                    (5 = 100.0%) {0.0%}
2  ... 

Histogram: Compositing.Display.VizDependencyResolvedToGpuStartedDrawUs recorded 5 samples, mean = 25.8 (flags = 0x41)
0   ... 
15  -O                                                                        (1 = 20.0%) {0.0%}
18  O                                                                         (0 = 0.0%) {20.0%}
22  --O                                                                       (2 = 40.0%) {20.0%}
27  -O                                                                        (1 = 20.0%) {60.0%}
33  -O                                                                        (1 = 20.0%) {80.0%}
40  ... 

Histogram: Compositing.Display.VizScheduledDrawToDependencyResolvedUs recorded 5 samples, mean = 2.4 (flags = 0x41)
0  -----O                                                                    (5 = 100.0%)
5  ... 

Histogram: Compositing.Display.VizScheduledDrawToGpuStartedDrawUs recorded 5 samples, mean = 28.2 (flags = 0x41)
0   ... 
18  -O                                                                        (1 = 20.0%) {0.0%}
22  -O                                                                        (1 = 20.0%) {20.0%}
27  --O                                                                       (2 = 40.0%) {40.0%}
33  O                                                                         (0 = 0.0%) {80.0%}
40  -O                                                                        (1 = 20.0%) {80.0%}
49  ... 

Histogram: Compositing.Renderer.CompositorFrame.Quads recorded 1 samples, mean = 2.0 (flags = 0x41)
0  ... 
2  -O                                                                        (1 = 100.0%) {0.0%}
3  ... 

Histogram: Compositing.Renderer.LayersUpdateTime recorded 2 samples, mean = 41.5 (flags = 0x41)
0   ... 
15  -O                                                                        (1 = 50.0%) {0.0%}
21  ... 
55  -O                                                                        (1 = 50.0%) {50.0%}
76  ... 

Histogram: Compositing.Renderer.NumRenderSurfaces recorded 3 samples, mean = 1.0 (flags = 0x41)
0  O                                                                         (0 = 0.0%)
1  ---O                                                                      (3 = 100.0%) {0.0%}
2  ... 

Histogram: Compositing.SurfaceAggregator.AggregateUs recorded 5 samples, mean = 6140.4 (flags = 0x41)
0      ... 
28     ---O                                                                      (3 = 60.0%) {0.0%}
37     ... 
149    -O                                                                        (1 = 20.0%) {60.0%}
196    ... 
27864  -O                                                                        (1 = 20.0%) {80.0%}
36699  ... 

Histogram: Compositing.SurfaceAggregator.CopiedSurfaceCount recorded 5 samples, mean = 1.4 (flags = 0x41)
0  O                                                                         (0 = 0.0%)
1  ---O                                                                      (3 = 60.0%) {0.0%}
2  --O                                                                       (2 = 40.0%) {60.0%}
3  ... 

Histogram: Compositing.SurfaceAggregator.CopyUs recorded 5 samples, mean = 10.8 (flags = 0x41)
0   ... 
6   -O                                                                        (1 = 20.0%) {0.0%}
7   ... 
9   --O                                                                       (2 = 40.0%) {20.0%}
11  ... 
15  --O                                                                       (2 = 40.0%) {60.0%}
18  ... 

Histogram: Compositing.SurfaceAggregator.HasCopyRequestsPerFrame recorded 5 samples, mean = 0.2 (flags = 0x41)
0  ----O                                                                     (4 = 80.0%)
1  -O                                                                        (1 = 20.0%) {80.0%}
2  O                                                                         (0 = 0.0%) {100.0%}

Histogram: Compositing.SurfaceAggregator.HasPixelMovingBackdropFiltersPerFrame recorded 5 samples, mean = 0.0 (flags = 0x41)
0  -----O                                                                    (5 = 100.0%)
1  ... 

Histogram: Compositing.SurfaceAggregator.HasPixelMovingFiltersPerFrame recorded 5 samples, mean = 0.0 (flags = 0x41)
0  -----O                                                                    (5 = 100.0%)
1  ... 

Histogram: Compositing.SurfaceAggregator.HasUnembeddedRenderPassesPerFrame recorded 5 samples, mean = 0.0 (flags = 0x41)
0  -----O                                                                    (5 = 100.0%)
1  ... 

Histogram: Compositing.SurfaceAggregator.PrewalkUs recorded 5 samples, mean = 6110.4 (flags = 0x41)
0      ... 
15     --O                                                                       (2 = 40.0%) {0.0%}
18     -O                                                                        (1 = 20.0%) {40.0%}
21     ... 
103    -O                                                                        (1 = 20.0%) {60.0%}
121    ... 
10000  -O                                                                        (1 = 20.0%) {80.0%}

Histogram: Compositing.SurfaceAggregator.PrewalkedSurfaceCount recorded 5 samples, mean = 1.4 (flags = 0x41)
0  O                                                                         (0 = 0.0%)
1  ---O                                                                      (3 = 60.0%) {0.0%}
2  --O                                                                       (2 = 40.0%) {60.0%}
3  ... 

Histogram: Compositing.SurfaceManager.MarkForDestructionToDestroy recorded 1 samples, mean = 63.0 (flags = 0x41)
0   ... 
57  -O                                                                        (1 = 100.0%) {0.0%}
68  ... 

Histogram: Content.Classification.OpenGraph recorded 1 samples, mean = 4.0 (flags = 0x41)
0  ... 
4  -O                                                                        (1 = 100.0%) {0.0%}
5  ... 

Histogram: ContentSettings.AllowStorageAccessSync recorded 4 samples, mean = 0.0 (flags = 0x41)
0  ----O                                                                     (4 = 100.0%)
1  ... 

Histogram: ContentSettings.GetContentSetting.Network.Duration recorded 470 samples, mean = 0.8 (flags = 0x41)
0  ------------------------------------------------------------------------O (255 = 54.3%)
1  ------------------------------------O                                     (127 = 27.0%) {54.3%}
2  -----------O                                                              (40 = 8.5%) {81.3%}
3  -------------O                                                            (45 = 9.6%) {89.8%}
4  -O                                                                        (2 = 0.4%) {99.4%}
5  O                                                                         (1 = 0.2%) {99.8%}
7  ... 

Histogram: ContentSettings.GetCookieSettingInternal.Duration recorded 258 samples, mean = 4.8 (flags = 0x41)
0   -------------O                                                            (13 = 5.0%)
1   -----------------------------------------------------------------------O  (71 = 27.5%) {5.0%}
2   -----------------------------------------------O                          (47 = 18.2%) {32.6%}
3   --------------O                                                           (14 = 5.4%) {50.8%}
4   ------O                                                                   (6 = 2.3%) {56.2%}
5   ------------O                                                             (12 = 4.7%) {58.5%}
7   ---------------------------------O                                        (33 = 12.8%) {63.2%}
9   --------------------------------------------------O                       (50 = 19.4%) {76.0%}
12  -----O                                                                    (5 = 1.9%) {95.3%}
16  ------O                                                                   (6 = 2.3%) {97.3%}
21  -O                                                                        (1 = 0.4%) {99.6%}
28  ... 

Histogram: ContentSettings.NumberOfExceptions recorded 1 samples, mean = 0.0 (flags = 0x41)
0  -O                                                                        (1 = 100.0%)
1  ... 

Histogram: ContentSettings.Popups.StrongBlockerActions recorded 1 samples, mean = 0.0 (flags = 0x41)
0  -O                                                                        (1 = 100.0%)
1  ... 

Histogram: ContentSettings.RegularProfile.DefaultAutoVerifySetting recorded 1 samples, mean = 1.0 (flags = 0x41)
0  O                                                                         (0 = 0.0%)
1  -O                                                                        (1 = 100.0%) {0.0%}
2  ... 

Histogram: ContentSettings.RegularProfile.DefaultAutoplaySetting recorded 1 samples, mean = 1.0 (flags = 0x41)
0  O                                                                         (0 = 0.0%)
1  -O                                                                        (1 = 100.0%) {0.0%}
2  ... 

Histogram: ContentSettings.RegularProfile.DefaultBackgroundSyncSetting recorded 1 samples, mean = 1.0 (flags = 0x41)
0  O                                                                         (0 = 0.0%)
1  -O                                                                        (1 = 100.0%) {0.0%}
2  ... 

Histogram: ContentSettings.RegularProfile.DefaultCookiesSetting recorded 1 samples, mean = 1.0 (flags = 0x41)
0  O                                                                         (0 = 0.0%)
1  -O                                                                        (1 = 100.0%) {0.0%}
2  ... 

Histogram: ContentSettings.RegularProfile.DefaultIdleDetectionSetting recorded 1 samples, mean = 3.0 (flags = 0x41)
0  ... 
3  -O                                                                        (1 = 100.0%) {0.0%}
4  ... 

Histogram: ContentSettings.RegularProfile.DefaultImagesSetting recorded 1 samples, mean = 1.0 (flags = 0x41)
0  O                                                                         (0 = 0.0%)
1  -O                                                                        (1 = 100.0%) {0.0%}
2  ... 

Histogram: ContentSettings.RegularProfile.DefaultJavaScriptSetting recorded 1 samples, mean = 1.0 (flags = 0x41)
0  O                                                                         (0 = 0.0%)
1  -O                                                                        (1 = 100.0%) {0.0%}
2  ... 

Histogram: ContentSettings.RegularProfile.DefaultLocationSetting recorded 1 samples, mean = 3.0 (flags = 0x41)
0  ... 
3  -O                                                                        (1 = 100.0%) {0.0%}
4  ... 

Histogram: ContentSettings.RegularProfile.DefaultMIDISysExSetting recorded 1 samples, mean = 3.0 (flags = 0x41)
0  ... 
3  -O                                                                        (1 = 100.0%) {0.0%}
4  ... 

Histogram: ContentSettings.RegularProfile.DefaultMediaStreamCameraSetting recorded 1 samples, mean = 3.0 (flags = 0x41)
0  ... 
3  -O                                                                        (1 = 100.0%) {0.0%}
4  ... 

Histogram: ContentSettings.RegularProfile.DefaultMediaStreamMicSetting recorded 1 samples, mean = 3.0 (flags = 0x41)
0  ... 
3  -O                                                                        (1 = 100.0%) {0.0%}
4  ... 

Histogram: ContentSettings.RegularProfile.DefaultNotificationsSetting recorded 1 samples, mean = 3.0 (flags = 0x41)
0  ... 
3  -O                                                                        (1 = 100.0%) {0.0%}
4  ... 

Histogram: ContentSettings.RegularProfile.DefaultPopupsSetting recorded 1 samples, mean = 2.0 (flags = 0x41)
0  ... 
2  -O                                                                        (1 = 100.0%) {0.0%}
3  ... 

Histogram: ContentSettings.RegularProfile.DefaultSoundSetting recorded 1 samples, mean = 1.0 (flags = 0x41)
0  O                                                                         (0 = 0.0%)
1  -O                                                                        (1 = 100.0%) {0.0%}
2  ... 

Histogram: ContentSettings.RegularProfile.DefaultStorageAccessSetting recorded 1 samples, mean = 3.0 (flags = 0x41)
0  ... 
3  -O                                                                        (1 = 100.0%) {0.0%}
4  ... 

Histogram: ContentSettings.RegularProfile.DefaultSubresourceFilterSetting recorded 1 samples, mean = 2.0 (flags = 0x41)
0  ... 
2  -O                                                                        (1 = 100.0%) {0.0%}
3  ... 

Histogram: ContentSettings.RegularProfile.DefaultUsbGuardSetting recorded 1 samples, mean = 3.0 (flags = 0x41)
0  ... 
3  -O                                                                        (1 = 100.0%) {0.0%}
4  ... 

Histogram: ContentSettings.RegularProfile.DefaultWebBluetoothGuardSetting recorded 1 samples, mean = 3.0 (flags = 0x41)
0  ... 
3  -O                                                                        (1 = 100.0%) {0.0%}
4  ... 

Histogram: ContentSettings.RegularProfile.Exceptions.3pcd-heuristics-grants recorded 1 samples, mean = 0.0 (flags = 0x41)
0  -O                                                                        (1 = 100.0%)
1  ... 

Histogram: ContentSettings.RegularProfile.Exceptions.3pcd-support recorded 1 samples, mean = 0.0 (flags = 0x41)
0  -O                                                                        (1 = 100.0%)
1  ... 

Histogram: ContentSettings.RegularProfile.Exceptions.abusive-notification-permissions recorded 1 samples, mean = 0.0 (flags = 0x41)
0  -O                                                                        (1 = 100.0%)
1  ... 

Histogram: ContentSettings.RegularProfile.Exceptions.access-to-get-all-screens-media-in-session recorded 1 samples, mean = 0.0 (flags = 0x41)
0  -O                                                                        (1 = 100.0%)
1  ... 

Histogram: ContentSettings.RegularProfile.Exceptions.accessibility-events recorded 1 samples, mean = 0.0 (flags = 0x41)
0  -O                                                                        (1 = 100.0%)
1  ... 

Histogram: ContentSettings.RegularProfile.Exceptions.anti-abuse recorded 1 samples, mean = 0.0 (flags = 0x41)
0  -O                                                                        (1 = 100.0%)
1  ... 

Histogram: ContentSettings.RegularProfile.Exceptions.app-banner recorded 1 samples, mean = 0.0 (flags = 0x41)
0  -O                                                                        (1 = 100.0%)
1  ... 

Histogram: ContentSettings.RegularProfile.Exceptions.ar recorded 1 samples, mean = 0.0 (flags = 0x41)
0  -O                                                                        (1 = 100.0%)
1  ... 

Histogram: ContentSettings.RegularProfile.Exceptions.auto-picture-in-picture recorded 1 samples, mean = 0.0 (flags = 0x41)
0  -O                                                                        (1 = 100.0%)
1  ... 

Histogram: ContentSettings.RegularProfile.Exceptions.auto-select-certificate recorded 1 samples, mean = 0.0 (flags = 0x41)
0  -O                                                                        (1 = 100.0%)
1  ... 

Histogram: ContentSettings.RegularProfile.Exceptions.automatic-downloads recorded 1 samples, mean = 0.0 (flags = 0x41)
0  -O                                                                        (1 = 100.0%)
1  ... 

Histogram: ContentSettings.RegularProfile.Exceptions.automatic-fullscreen recorded 1 samples, mean = 0.0 (flags = 0x41)
0  -O                                                                        (1 = 100.0%)
1  ... 

Histogram: ContentSettings.RegularProfile.Exceptions.autoplay recorded 1 samples, mean = 0.0 (flags = 0x41)
0  -O                                                                        (1 = 100.0%)
1  ... 

Histogram: ContentSettings.RegularProfile.Exceptions.background-sync recorded 1 samples, mean = 0.0 (flags = 0x41)
0  -O                                                                        (1 = 100.0%)
1  ... 

Histogram: ContentSettings.RegularProfile.Exceptions.bluetooth-chooser-data recorded 1 samples, mean = 0.0 (flags = 0x41)
0  -O                                                                        (1 = 100.0%)
1  ... 

Histogram: ContentSettings.RegularProfile.Exceptions.bluetooth-guard recorded 1 samples, mean = 0.0 (flags = 0x41)
0  -O                                                                        (1 = 100.0%)
1  ... 

Histogram: ContentSettings.RegularProfile.Exceptions.bluetooth-scanning recorded 1 samples, mean = 0.0 (flags = 0x41)
0  -O                                                                        (1 = 100.0%)
1  ... 

Histogram: ContentSettings.RegularProfile.Exceptions.camera-pan-tilt-zoom recorded 1 samples, mean = 0.0 (flags = 0x41)
0  -O                                                                        (1 = 100.0%)
1  ... 

Histogram: ContentSettings.RegularProfile.Exceptions.captured-surface-control recorded 1 samples, mean = 0.0 (flags = 0x41)
0  -O                                                                        (1 = 100.0%)
1  ... 

Histogram: ContentSettings.RegularProfile.Exceptions.client-hints recorded 1 samples, mean = 0.0 (flags = 0x41)
0  -O                                                                        (1 = 100.0%)
1  ... 

Histogram: ContentSettings.RegularProfile.Exceptions.clipboard recorded 1 samples, mean = 0.0 (flags = 0x41)
0  -O                                                                        (1 = 100.0%)
1  ... 

Histogram: ContentSettings.RegularProfile.Exceptions.cookie-controls-metadata recorded 1 samples, mean = 0.0 (flags = 0x41)
0  -O                                                                        (1 = 100.0%)
1  ... 

Histogram: ContentSettings.RegularProfile.Exceptions.cookies recorded 1 samples, mean = 0.0 (flags = 0x41)
0  -O                                                                        (1 = 100.0%)
1  ... 

Histogram: ContentSettings.RegularProfile.Exceptions.cookies.Allow recorded 1 samples, mean = 0.0 (flags = 0x41)
0  -O                                                                        (1 = 100.0%)
1  ... 

Histogram: ContentSettings.RegularProfile.Exceptions.cookies.AllowThirdParty recorded 1 samples, mean = 0.0 (flags = 0x41)
0  -O                                                                        (1 = 100.0%)
1  ... 

Histogram: ContentSettings.RegularProfile.Exceptions.cookies.Block recorded 1 samples, mean = 0.0 (flags = 0x41)
0  -O                                                                        (1 = 100.0%)
1  ... 

Histogram: ContentSettings.RegularProfile.Exceptions.cookies.DomainWildcardAllowThirdParty recorded 1 samples, mean = 0.0 (flags = 0x41)
0  -O                                                                        (1 = 100.0%)
1  ... 

Histogram: ContentSettings.RegularProfile.Exceptions.cookies.SessionOnly recorded 1 samples, mean = 0.0 (flags = 0x41)
0  -O                                                                        (1 = 100.0%)
1  ... 

Histogram: ContentSettings.RegularProfile.Exceptions.cookies.TemporaryAllowThirdParty recorded 1 samples, mean = 0.0 (flags = 0x41)
0  -O                                                                        (1 = 100.0%)
1  ... 

Histogram: ContentSettings.RegularProfile.Exceptions.direct-sockets recorded 1 samples, mean = 0.0 (flags = 0x41)
0  -O                                                                        (1 = 100.0%)
1  ... 

Histogram: ContentSettings.RegularProfile.Exceptions.display-media-system-audio recorded 1 samples, mean = 0.0 (flags = 0x41)
0  -O                                                                        (1 = 100.0%)
1  ... 

Histogram: ContentSettings.RegularProfile.Exceptions.durable-storage recorded 1 samples, mean = 0.0 (flags = 0x41)
0  -O                                                                        (1 = 100.0%)
1  ... 

Histogram: ContentSettings.RegularProfile.Exceptions.fedcm-idp-registration recorded 1 samples, mean = 0.0 (flags = 0x41)
0  -O                                                                        (1 = 100.0%)
1  ... 

Histogram: ContentSettings.RegularProfile.Exceptions.fedcm-idp-signin recorded 1 samples, mean = 0.0 (flags = 0x41)
0  -O                                                                        (1 = 100.0%)
1  ... 

Histogram: ContentSettings.RegularProfile.Exceptions.fedcm-share recorded 1 samples, mean = 0.0 (flags = 0x41)
0  -O                                                                        (1 = 100.0%)
1  ... 

Histogram: ContentSettings.RegularProfile.Exceptions.file-system-access-chooser-data recorded 1 samples, mean = 0.0 (flags = 0x41)
0  -O                                                                        (1 = 100.0%)
1  ... 

Histogram: ContentSettings.RegularProfile.Exceptions.file-system-access-extended-permission recorded 1 samples, mean = 0.0 (flags = 0x41)
0  -O                                                                        (1 = 100.0%)
1  ... 

Histogram: ContentSettings.RegularProfile.Exceptions.file-system-access-restore-permission recorded 1 samples, mean = 0.0 (flags = 0x41)
0  -O                                                                        (1 = 100.0%)
1  ... 

Histogram: ContentSettings.RegularProfile.Exceptions.file-system-last-picked-directory recorded 1 samples, mean = 0.0 (flags = 0x41)
0  -O                                                                        (1 = 100.0%)
1  ... 

Histogram: ContentSettings.RegularProfile.Exceptions.file-system-read-guard recorded 1 samples, mean = 0.0 (flags = 0x41)
0  -O                                                                        (1 = 100.0%)
1  ... 

Histogram: ContentSettings.RegularProfile.Exceptions.file-system-write-guard recorded 1 samples, mean = 0.0 (flags = 0x41)
0  -O                                                                        (1 = 100.0%)
1  ... 

Histogram: ContentSettings.RegularProfile.Exceptions.formfill-metadata recorded 1 samples, mean = 0.0 (flags = 0x41)
0  -O                                                                        (1 = 100.0%)
1  ... 

Histogram: ContentSettings.RegularProfile.Exceptions.geolocation recorded 1 samples, mean = 0.0 (flags = 0x41)
0  -O                                                                        (1 = 100.0%)
1  ... 

Histogram: ContentSettings.RegularProfile.Exceptions.hid-chooser-data recorded 1 samples, mean = 0.0 (flags = 0x41)
0  -O                                                                        (1 = 100.0%)
1  ... 

Histogram: ContentSettings.RegularProfile.Exceptions.hid-guard recorded 1 samples, mean = 0.0 (flags = 0x41)
0  -O                                                                        (1 = 100.0%)
1  ... 

Histogram: ContentSettings.RegularProfile.Exceptions.http-allowed recorded 1 samples, mean = 0.0 (flags = 0x41)
0  -O                                                                        (1 = 100.0%)
1  ... 

Histogram: ContentSettings.RegularProfile.Exceptions.https-enforced recorded 1 samples, mean = 0.0 (flags = 0x41)
0  -O                                                                        (1 = 100.0%)
1  ... 

Histogram: ContentSettings.RegularProfile.Exceptions.idle-detection recorded 1 samples, mean = 0.0 (flags = 0x41)
0  -O                                                                        (1 = 100.0%)
1  ... 

Histogram: ContentSettings.RegularProfile.Exceptions.images recorded 1 samples, mean = 0.0 (flags = 0x41)
0  -O                                                                        (1 = 100.0%)
1  ... 

Histogram: ContentSettings.RegularProfile.Exceptions.important-site-info recorded 1 samples, mean = 0.0 (flags = 0x41)
0  -O                                                                        (1 = 100.0%)
1  ... 

Histogram: ContentSettings.RegularProfile.Exceptions.insecure-private-network recorded 1 samples, mean = 0.0 (flags = 0x41)
0  -O                                                                        (1 = 100.0%)
1  ... 

Histogram: ContentSettings.RegularProfile.Exceptions.intent-picker-auto-display recorded 1 samples, mean = 0.0 (flags = 0x41)
0  -O                                                                        (1 = 100.0%)
1  ... 

Histogram: ContentSettings.RegularProfile.Exceptions.javascript recorded 1 samples, mean = 0.0 (flags = 0x41)
0  -O                                                                        (1 = 100.0%)
1  ... 

Histogram: ContentSettings.RegularProfile.Exceptions.javascript-jit recorded 1 samples, mean = 0.0 (flags = 0x41)
0  -O                                                                        (1 = 100.0%)
1  ... 

Histogram: ContentSettings.RegularProfile.Exceptions.javascript-optimizer recorded 1 samples, mean = 0.0 (flags = 0x41)
0  -O                                                                        (1 = 100.0%)
1  ... 

Histogram: ContentSettings.RegularProfile.Exceptions.keyboard-lock recorded 1 samples, mean = 0.0 (flags = 0x41)
0  -O                                                                        (1 = 100.0%)
1  ... 

Histogram: ContentSettings.RegularProfile.Exceptions.legacy-cookie-access recorded 1 samples, mean = 0.0 (flags = 0x41)
0  -O                                                                        (1 = 100.0%)
1  ... 

Histogram: ContentSettings.RegularProfile.Exceptions.local-fonts recorded 1 samples, mean = 0.0 (flags = 0x41)
0  -O                                                                        (1 = 100.0%)
1  ... 

Histogram: ContentSettings.RegularProfile.Exceptions.media-engagement recorded 1 samples, mean = 0.0 (flags = 0x41)
0  -O                                                                        (1 = 100.0%)
1  ... 

Histogram: ContentSettings.RegularProfile.Exceptions.media-stream-camera recorded 1 samples, mean = 0.0 (flags = 0x41)
0  -O                                                                        (1 = 100.0%)
1  ... 

Histogram: ContentSettings.RegularProfile.Exceptions.media-stream-mic recorded 1 samples, mean = 0.0 (flags = 0x41)
0  -O                                                                        (1 = 100.0%)
1  ... 

Histogram: ContentSettings.RegularProfile.Exceptions.midi-sysex recorded 1 samples, mean = 0.0 (flags = 0x41)
0  -O                                                                        (1 = 100.0%)
1  ... 

Histogram: ContentSettings.RegularProfile.Exceptions.mixed-script recorded 1 samples, mean = 0.0 (flags = 0x41)
0  -O                                                                        (1 = 100.0%)
1  ... 

Histogram: ContentSettings.RegularProfile.Exceptions.nfc-devices recorded 1 samples, mean = 0.0 (flags = 0x41)
0  -O                                                                        (1 = 100.0%)
1  ... 

Histogram: ContentSettings.RegularProfile.Exceptions.notification-interactions recorded 1 samples, mean = 0.0 (flags = 0x41)
0  -O                                                                        (1 = 100.0%)
1  ... 

Histogram: ContentSettings.RegularProfile.Exceptions.notification-permission-review recorded 1 samples, mean = 0.0 (flags = 0x41)
0  -O                                                                        (1 = 100.0%)
1  ... 

Histogram: ContentSettings.RegularProfile.Exceptions.notifications recorded 1 samples, mean = 0.0 (flags = 0x41)
0  -O                                                                        (1 = 100.0%)
1  ... 

Histogram: ContentSettings.RegularProfile.Exceptions.password-protection recorded 1 samples, mean = 0.0 (flags = 0x41)
0  -O                                                                        (1 = 100.0%)
1  ... 

Histogram: ContentSettings.RegularProfile.Exceptions.payment-handler recorded 1 samples, mean = 0.0 (flags = 0x41)
0  -O                                                                        (1 = 100.0%)
1  ... 

Histogram: ContentSettings.RegularProfile.Exceptions.permission-autoblocking-data recorded 1 samples, mean = 0.0 (flags = 0x41)
0  -O                                                                        (1 = 100.0%)
1  ... 

Histogram: ContentSettings.RegularProfile.Exceptions.permission-autorevocation-data recorded 1 samples, mean = 0.0 (flags = 0x41)
0  -O                                                                        (1 = 100.0%)
1  ... 

Histogram: ContentSettings.RegularProfile.Exceptions.pointer-lock recorded 1 samples, mean = 0.0 (flags = 0x41)
0  -O                                                                        (1 = 100.0%)
1  ... 

Histogram: ContentSettings.RegularProfile.Exceptions.popups recorded 1 samples, mean = 0.0 (flags = 0x41)
0  -O                                                                        (1 = 100.0%)
1  ... 

Histogram: ContentSettings.RegularProfile.Exceptions.popups.Allow recorded 1 samples, mean = 0.0 (flags = 0x41)
0  -O                                                                        (1 = 100.0%)
1  ... 

Histogram: ContentSettings.RegularProfile.Exceptions.popups.Block recorded 1 samples, mean = 0.0 (flags = 0x41)
0  -O                                                                        (1 = 100.0%)
1  ... 

Histogram: ContentSettings.RegularProfile.Exceptions.private-network-chooser-data recorded 1 samples, mean = 0.0 (flags = 0x41)
0  -O                                                                        (1 = 100.0%)
1  ... 

Histogram: ContentSettings.RegularProfile.Exceptions.private-network-guard recorded 1 samples, mean = 0.0 (flags = 0x41)
0  -O                                                                        (1 = 100.0%)
1  ... 

Histogram: ContentSettings.RegularProfile.Exceptions.protected-media-identifier recorded 1 samples, mean = 0.0 (flags = 0x41)
0  -O                                                                        (1 = 100.0%)
1  ... 

Histogram: ContentSettings.RegularProfile.Exceptions.protocol-handler recorded 1 samples, mean = 0.0 (flags = 0x41)
0  -O                                                                        (1 = 100.0%)
1  ... 

Histogram: ContentSettings.RegularProfile.Exceptions.reduced-accept-language recorded 1 samples, mean = 0.0 (flags = 0x41)
0  -O                                                                        (1 = 100.0%)
1  ... 

Histogram: ContentSettings.RegularProfile.Exceptions.safe-browsing-url-check-data recorded 1 samples, mean = 0.0 (flags = 0x41)
0  -O                                                                        (1 = 100.0%)
1  ... 

Histogram: ContentSettings.RegularProfile.Exceptions.sensors recorded 1 samples, mean = 0.0 (flags = 0x41)
0  -O                                                                        (1 = 100.0%)
1  ... 

Histogram: ContentSettings.RegularProfile.Exceptions.serial-chooser-data recorded 1 samples, mean = 0.0 (flags = 0x41)
0  -O                                                                        (1 = 100.0%)
1  ... 

Histogram: ContentSettings.RegularProfile.Exceptions.serial-guard recorded 1 samples, mean = 0.0 (flags = 0x41)
0  -O                                                                        (1 = 100.0%)
1  ... 

Histogram: ContentSettings.RegularProfile.Exceptions.site-engagement recorded 1 samples, mean = 0.0 (flags = 0x41)
0  -O                                                                        (1 = 100.0%)
1  ... 

Histogram: ContentSettings.RegularProfile.Exceptions.sound recorded 1 samples, mean = 0.0 (flags = 0x41)
0  -O                                                                        (1 = 100.0%)
1  ... 

Histogram: ContentSettings.RegularProfile.Exceptions.speaker-selection recorded 1 samples, mean = 0.0 (flags = 0x41)
0  -O                                                                        (1 = 100.0%)
1  ... 

Histogram: ContentSettings.RegularProfile.Exceptions.ssl-cert-decisions recorded 1 samples, mean = 0.0 (flags = 0x41)
0  -O                                                                        (1 = 100.0%)
1  ... 

Histogram: ContentSettings.RegularProfile.Exceptions.storage-access recorded 1 samples, mean = 0.0 (flags = 0x41)
0  -O                                                                        (1 = 100.0%)
1  ... 

Histogram: ContentSettings.RegularProfile.Exceptions.storage-access-header-origin-trial recorded 1 samples, mean = 0.0 (flags = 0x41)
0  -O                                                                        (1 = 100.0%)
1  ... 

Histogram: ContentSettings.RegularProfile.Exceptions.storage-access.Allow recorded 1 samples, mean = 0.0 (flags = 0x41)
0  -O                                                                        (1 = 100.0%)
1  ... 

Histogram: ContentSettings.RegularProfile.Exceptions.storage-access.Ask recorded 1 samples, mean = 0.0 (flags = 0x41)
0  -O                                                                        (1 = 100.0%)
1  ... 

Histogram: ContentSettings.RegularProfile.Exceptions.storage-access.Block recorded 1 samples, mean = 0.0 (flags = 0x41)
0  -O                                                                        (1 = 100.0%)
1  ... 

Histogram: ContentSettings.RegularProfile.Exceptions.storage-access.MaxRequester recorded 1 samples, mean = 0.0 (flags = 0x41)
0  -O                                                                        (1 = 100.0%)
1  ... 

Histogram: ContentSettings.RegularProfile.Exceptions.storage-access.MaxTopLevel recorded 1 samples, mean = 0.0 (flags = 0x41)
0  -O                                                                        (1 = 100.0%)
1  ... 

Histogram: ContentSettings.RegularProfile.Exceptions.subresource-filter recorded 1 samples, mean = 0.0 (flags = 0x41)
0  -O                                                                        (1 = 100.0%)
1  ... 

Histogram: ContentSettings.RegularProfile.Exceptions.subresource-filter-data recorded 1 samples, mean = 0.0 (flags = 0x41)
0  -O                                                                        (1 = 100.0%)
1  ... 

Histogram: ContentSettings.RegularProfile.Exceptions.subresource-filter.Allow recorded 1 samples, mean = 0.0 (flags = 0x41)
0  -O                                                                        (1 = 100.0%)
1  ... 

Histogram: ContentSettings.RegularProfile.Exceptions.subresource-filter.Block recorded 1 samples, mean = 0.0 (flags = 0x41)
0  -O                                                                        (1 = 100.0%)
1  ... 

Histogram: ContentSettings.RegularProfile.Exceptions.third-party-storage-partitioning recorded 1 samples, mean = 0.0 (flags = 0x41)
0  -O                                                                        (1 = 100.0%)
1  ... 

Histogram: ContentSettings.RegularProfile.Exceptions.top-level-3pcd-origin-trial recorded 1 samples, mean = 0.0 (flags = 0x41)
0  -O                                                                        (1 = 100.0%)
1  ... 

Histogram: ContentSettings.RegularProfile.Exceptions.top-level-3pcd-support recorded 1 samples, mean = 0.0 (flags = 0x41)
0  -O                                                                        (1 = 100.0%)
1  ... 

Histogram: ContentSettings.RegularProfile.Exceptions.top-level-storage-access recorded 1 samples, mean = 0.0 (flags = 0x41)
0  -O                                                                        (1 = 100.0%)
1  ... 

Histogram: ContentSettings.RegularProfile.Exceptions.tracking-protection recorded 1 samples, mean = 0.0 (flags = 0x41)
0  -O                                                                        (1 = 100.0%)
1  ... 

Histogram: ContentSettings.RegularProfile.Exceptions.tracking-protection.Allow recorded 1 samples, mean = 0.0 (flags = 0x41)
0  -O                                                                        (1 = 100.0%)
1  ... 

Histogram: ContentSettings.RegularProfile.Exceptions.tracking-protection.Block recorded 1 samples, mean = 0.0 (flags = 0x41)
0  -O                                                                        (1 = 100.0%)
1  ... 

Histogram: ContentSettings.RegularProfile.Exceptions.unused-site-permissions recorded 1 samples, mean = 0.0 (flags = 0x41)
0  -O                                                                        (1 = 100.0%)
1  ... 

Histogram: ContentSettings.RegularProfile.Exceptions.usb-chooser-data recorded 1 samples, mean = 0.0 (flags = 0x41)
0  -O                                                                        (1 = 100.0%)
1  ... 

Histogram: ContentSettings.RegularProfile.Exceptions.usb-guard recorded 1 samples, mean = 0.0 (flags = 0x41)
0  -O                                                                        (1 = 100.0%)
1  ... 

Histogram: ContentSettings.RegularProfile.Exceptions.vr recorded 1 samples, mean = 0.0 (flags = 0x41)
0  -O                                                                        (1 = 100.0%)
1  ... 

Histogram: ContentSettings.RegularProfile.Exceptions.webid-api recorded 1 samples, mean = 0.0 (flags = 0x41)
0  -O                                                                        (1 = 100.0%)
1  ... 

Histogram: ContentSettings.RegularProfile.Exceptions.webid-auto-reauthn recorded 1 samples, mean = 0.0 (flags = 0x41)
0  -O                                                                        (1 = 100.0%)
1  ... 

Histogram: ContentSettings.RegularProfile.Exceptions.window-placement recorded 1 samples, mean = 0.0 (flags = 0x41)
0  -O                                                                        (1 = 100.0%)
1  ... 

Histogram: Conversions.DelayOnAttestationsLoaded recorded 1 samples, mean = 300119.0 (flags = 0x41)
0       ... 
300000  -O                                                                        (1 = 100.0%) {0.0%}

Histogram: Cookie.ClockSkew.AddMinutes recorded 4 samples, mean = 0.0 (flags = 0x41)
0  ----O                                                                     (4 = 100.0%)
1  ... 

Histogram: Cookie.ClockSkew.AddMinutes12To24Hours recorded 4 samples, mean = 0.0 (flags = 0x41)
0  ----O                                                                     (4 = 100.0%)
720... 

Histogram: Cookie.ClockSkew.ExpiredWithoutSkew recorded 6 samples, mean = 0.0 (flags = 0x41)
0  ------O                                                                   (6 = 100.0%)
1  ... 

Histogram: Cookie.ClockSkew.SubtractMinutes recorded 2 samples, mean = 0.0 (flags = 0x41)
0  --O                                                                       (2 = 100.0%)
1  ... 

Histogram: Cookie.ClockSkew.SubtractMinutes12To24Hours recorded 2 samples, mean = 0.0 (flags = 0x41)
0  --O                                                                       (2 = 100.0%)
720... 

Histogram: Cookie.CookiePrefix recorded 7 samples, mean = 0.0 (flags = 0x41)
0  -------O                                                                  (7 = 100.0%)
1  ... 

Histogram: Cookie.CookieSchemeRequestScheme recorded 42 samples, mean = 2.0 (flags = 0x41)
0  ... 
2  ------------------------------------------O                               (42 = 100.0%) {0.0%}
3  ... 

Histogram: Cookie.CookieSourceScheme recorded 7 samples, mean = 0.0 (flags = 0x41)
0  -------O                                                                  (7 = 100.0%)
1  ... 

Histogram: Cookie.CookieSourceSchemeName recorded 7 samples, mean = 14.0 (flags = 0x41)
0   ... 
14  -------O                                                                  (7 = 100.0%) {0.0%}
15  ... 

Histogram: Cookie.CrossSiteRedirectType.Read recorded 86 samples, mean = 1.0 (flags = 0x41)
0  O                                                                         (0 = 0.0%)
1  ------------------------------------------------------------------------O (86 = 100.0%) {0.0%}
2  ... 

Histogram: Cookie.CrossSiteRedirectType.Write recorded 7 samples, mean = 1.0 (flags = 0x41)
0  O                                                                         (0 = 0.0%)
1  -------O                                                                  (7 = 100.0%) {0.0%}
2  ... 

Histogram: Cookie.DomainHasNonASCII recorded 7 samples, mean = 0.0 (flags = 0x41)
0  -------O                                                                  (7 = 100.0%)
1  ... 

Histogram: Cookie.DomainSet recorded 7 samples, mean = 1.0 (flags = 0x41)
0  O                                                                         (0 = 0.0%)
1  -------O                                                                  (7 = 100.0%) {0.0%}
2  O                                                                         (0 = 0.0%) {100.0%}

Histogram: Cookie.DoubleUnderscorePrefixedName recorded 7 samples, mean = 0.7 (flags = 0x41)
0  --O                                                                       (2 = 28.6%)
1  -----O                                                                    (5 = 71.4%) {28.6%}
2  O                                                                         (0 = 0.0%) {100.0%}

Histogram: Cookie.ExpirationDuration400DaysLTE recorded 6 samples, mean = 60.8 (flags = 0x41)
0    -----O                                                                    (5 = 83.3%)
1    ... 
364  -O                                                                        (1 = 16.7%) {83.3%}
400  O                                                                         (0 = 0.0%) {100.0%}

Histogram: Cookie.ExpirationDurationMinutesSecure recorded 6 samples, mean = 87624.8 (flags = 0x41)
0       ... 
26      -----O                                                                    (5 = 83.3%) {0.0%}
36      ... 
429766  -O                                                                        (1 = 16.7%) {83.3%}
587706  ... 

Histogram: Cookie.FirstPartyPartitioned.HasCrossSiteAncestor recorded 4 samples, mean = 0.0 (flags = 0x41)
0  ----O                                                                     (4 = 100.0%)
1  ... 

Histogram: Cookie.FirstPartySets.Browser.DelayedQueriesCount recorded 1 samples, mean = 2.0 (flags = 0x41)
0  ... 
2  -O                                                                        (1 = 100.0%) {0.0%}
3  ... 

Histogram: Cookie.FirstPartySets.Browser.MostDelayedQueryDelta recorded 1 samples, mean = 6405.0 (flags = 0x41)
0     ... 
5961  -O                                                                        (1 = 100.0%) {0.0%}
7083  ... 

Histogram: Cookie.FirstPartySets.ComponentSetsNonfatalErrors recorded 1 samples, mean = 0.0 (flags = 0x41)
0  -O                                                                        (1 = 100.0%)
1  ... 

Histogram: Cookie.FirstPartySets.ComponentSetsParsedSuccessfully recorded 1 samples, mean = 0.0 (flags = 0x41)
0  -O                                                                        (1 = 100.0%)
1  ... 

Histogram: Cookie.FirstPartySets.ContextDelayedQueriesCount recorded 1 samples, mean = 0.0 (flags = 0x41)
0  -O                                                                        (1 = 100.0%)
1  ... 

Histogram: Cookie.FirstPartySets.ContextMostDelayedQueryDelta recorded 1 samples, mean = 0.0 (flags = 0x41)
0  -O                                                                        (1 = 100.0%)
1  ... 

Histogram: Cookie.FirstPartySets.EnqueueingDelay.ContextConfig2 recorded 1 samples, mean = 6356.0 (flags = 0x41)
0     ... 
5961  -O                                                                        (1 = 100.0%) {0.0%}
7083  ... 

Histogram: Cookie.FirstPartySets.InitializationDuration.ContextReadyToServeQueries2 recorded 1 samples, mean = 4344.0 (flags = 0x41)
0     ... 
4222  -O                                                                        (1 = 100.0%) {0.0%}
5017  ... 

Histogram: Cookie.FirstPartySets.InitializationDuration.ReadCommandLineSet2 recorded 1 samples, mean = 89.0 (flags = 0x41)
0   ... 
81  -O                                                                        (1 = 100.0%) {0.0%}
96  ... 

Histogram: Cookie.FirstPartySets.InitializationDuration.ReadComponentSets2 recorded 1 samples, mean = 6405.0 (flags = 0x41)
0     ... 
5961  -O                                                                        (1 = 100.0%) {0.0%}
7083  ... 

Histogram: Cookie.FirstPartySets.InitializationDuration.ReadyToServeQueries2 recorded 1 samples, mean = 6308.0 (flags = 0x41)
0     ... 
5961  -O                                                                        (1 = 100.0%) {0.0%}
7083  ... 

Histogram: Cookie.FirstPartySets.Network.DelayedQueriesCount recorded 1 samples, mean = 0.0 (flags = 0x41)
0  -O                                                                        (1 = 100.0%)
1  ... 

Histogram: Cookie.FirstPartySets.Network.MostDelayedQueryDelta recorded 1 samples, mean = 0.0 (flags = 0x41)
0  -O                                                                        (1 = 100.0%)
1  ... 

Histogram: Cookie.FirstPartySets.ProcessedEntireComponent recorded 1 samples, mean = 1.0 (flags = 0x41)
0  O                                                                         (0 = 0.0%)
1  -O                                                                        (1 = 100.0%) {0.0%}
2  O                                                                         (0 = 0.0%) {100.0%}

Histogram: Cookie.FromStorageWithValidLength recorded 101 samples, mean = 1.0 (flags = 0x41)
0  O                                                                         (0 = 0.0%)
1  ------------------------------------------------------------------------O (101 = 100.0%) {0.0%}
2  O                                                                         (0 = 0.0%) {100.0%}

Histogram: Cookie.HasNonASCII.Name recorded 7 samples, mean = 0.0 (flags = 0x41)
0  -------O                                                                  (7 = 100.0%)
1  ... 

Histogram: Cookie.HasNonASCII.Value recorded 7 samples, mean = 0.0 (flags = 0x41)
0  -------O                                                                  (7 = 100.0%)
1  ... 

Histogram: Cookie.IncludedRequestEffectiveSameSite recorded 84 samples, mean = 0.0 (flags = 0x41)
0  ------------------------------------------------------------------------O (84 = 100.0%)
1  ... 

Histogram: Cookie.IncludedResponseEffectiveSameSite recorded 7 samples, mean = 0.0 (flags = 0x41)
0  -------O                                                                  (7 = 100.0%)
1  ... 

Histogram: Cookie.IsPartitionedValid recorded 1 samples, mean = 1.0 (flags = 0x41)
0  O                                                                         (0 = 0.0%)
1  -O                                                                        (1 = 100.0%) {0.0%}
2  O                                                                         (0 = 0.0%) {100.0%}

Histogram: Cookie.NameOrValueHtab recorded 7 samples, mean = 0.0 (flags = 0x41)
0  -------O                                                                  (7 = 100.0%)
1  ... 

Histogram: Cookie.OnCookiesAccessed.BatchSize recorded 39 samples, mean = 1.1 (flags = 0x41)
0  O                                                                         (0 = 0.0%)
1  ------------------------------------O                                     (36 = 92.3%) {0.0%}
2  ---O                                                                      (3 = 7.7%) {92.3%}
3  ... 

Histogram: Cookie.OnCookiesAccessed.TotalAccesses recorded 39 samples, mean = 1.2 (flags = 0x41)
0  O                                                                         (0 = 0.0%)
1  ---------------------------------O                                        (33 = 84.6%) {0.0%}
2  -----O                                                                    (5 = 12.8%) {84.6%}
3  -O                                                                        (1 = 2.6%) {97.4%}
4  ... 

Histogram: Cookie.PartitionedCookiesInRequest recorded 39 samples, mean = 0.1 (flags = 0x41)
0  ------------------------------------O                                     (36 = 92.3%)
1  ---O                                                                      (3 = 7.7%) {92.3%}
2  ... 

Histogram: Cookie.Port.Read.RemoteHost recorded 84 samples, mean = 7.0 (flags = 0x41)
0  ... 
7  ------------------------------------------------------------------------O (84 = 100.0%) {0.0%}
8  ... 

Histogram: Cookie.Port.ReadDiffersFromSet.DomainSet recorded 84 samples, mean = 4.0 (flags = 0x41)
0  ... 
4  ------------------------------------------------------------------------O (84 = 100.0%) {0.0%}
5  O                                                                         (0 = 0.0%) {100.0%}

Histogram: Cookie.Port.ReadDiffersFromSet.RemoteHost recorded 84 samples, mean = 4.0 (flags = 0x41)
0  ... 
4  ------------------------------------------------------------------------O (84 = 100.0%) {0.0%}
5  O                                                                         (0 = 0.0%) {100.0%}

Histogram: Cookie.Port.Set.RemoteHost recorded 7 samples, mean = 7.0 (flags = 0x41)
0  ... 
7  -------O                                                                  (7 = 100.0%) {0.0%}
8  ... 

Histogram: Cookie.RequestSameSiteContext recorded 87 samples, mean = 2.9 (flags = 0x41)
0  --O                                                                       (2 = 2.3%)
1  ... 
3  ------------------------------------------------------------------------O (85 = 97.7%) {2.3%}
4  O                                                                         (0 = 0.0%) {100.0%}

Histogram: Cookie.SameSiteAttributeValue recorded 7 samples, mean = 5.0 (flags = 0x41)
0  ... 
5  -------O                                                                  (7 = 100.0%) {0.0%}
6  ... 

Histogram: Cookie.SameSiteNoneSizeBytes recorded 7 samples, mean = 212.1 (flags = 0x41)
0    ... 
40   -O                                                                        (1 = 14.3%) {0.0%}
48   ... 
190  -----O                                                                    (5 = 71.4%) {14.3%}
226  ... 
378  -O                                                                        (1 = 14.3%) {85.7%}
449  ... 

Histogram: Cookie.SameSiteNoneSizeBytes.Partitioned recorded 1 samples, mean = 417.0 (flags = 0x41)
0    ... 
378  -O                                                                        (1 = 100.0%) {0.0%}
449  ... 

Histogram: Cookie.SameSiteNoneSizeBytes.Unpartitioned recorded 6 samples, mean = 178.0 (flags = 0x41)
0    ... 
40   -O                                                                        (1 = 16.7%) {0.0%}
48   ... 
190  -----O                                                                    (5 = 83.3%) {16.7%}
226  ... 

Histogram: Cookie.SourceType recorded 7 samples, mean = 1.0 (flags = 0x41)
0  O                                                                         (0 = 0.0%)
1  -------O                                                                  (7 = 100.0%) {0.0%}
2  ... 

Histogram: Cookie.TimeBlockedOnLoad recorded 2 samples, mean = 170.0 (flags = 0x41)
0    ... 
50   -O                                                                        (1 = 50.0%) {0.0%}
62   ... 
278  -O                                                                        (1 = 50.0%) {50.0%}
345  ... 

Histogram: Cookie.TimeInitializeDB recorded 2 samples, mean = 41.0 (flags = 0x41)
0   ... 
26  -O                                                                        (1 = 50.0%) {0.0%}
32  ... 
50  -O                                                                        (1 = 50.0%) {50.0%}
62  ... 

Histogram: Cookie.TimeOpsBlockedDueToGlobalOp recorded 2 samples, mean = 27.0 (flags = 0x41)
0   -O                                                                        (1 = 50.0%)
1   ... 
50  -O                                                                        (1 = 50.0%) {50.0%}
62  ... 

Histogram: Cookie.Type2 recorded 7 samples, mean = 12.6 (flags = 0x41)
0   ... 
4   -O                                                                        (1 = 14.3%) {0.0%}
5   ... 
14  ------O                                                                   (6 = 85.7%) {14.3%}
15  ... 

Histogram: Crypto.TPMDuration.MessageSigningECDSA recorded 1 samples, mean = 25.0 (flags = 0x41)
0   ... 
25  -O                                                                        (1 = 100.0%) {0.0%}
32  ... 

Histogram: Crypto.TPMDuration.NewKeyCreationECDSA recorded 1 samples, mean = 90.0 (flags = 0x41)
0   ... 
84  -O                                                                        (1 = 100.0%) {0.0%}
107 ... 

Histogram: Crypto.TPMDuration.Virtual.MessageSigningECDSA recorded 1 samples, mean = 0.0 (flags = 0x41)
0  -O                                                                        (1 = 100.0%)
1  ... 

Histogram: Crypto.TPMDuration.Virtual.NewKeyCreationECDSA recorded 1 samples, mean = 8.0 (flags = 0x41)
0  ... 
8  -O                                                                        (1 = 100.0%) {0.0%}
10 ... 

Histogram: Crypto.TPMDuration.Virtual.WrappedKeyCreationECDSA recorded 1 samples, mean = 2.0 (flags = 0x41)
0  ... 
2  -O                                                                        (1 = 100.0%) {0.0%}
3  ... 

Histogram: Crypto.TPMDuration.WrappedKeyCreationECDSA recorded 1 samples, mean = 16.0 (flags = 0x41)
0   ... 
16  -O                                                                        (1 = 100.0%) {0.0%}
20  ... 

Histogram: Crypto.TPMOperation.MessageSigningECDSA recorded 1 samples, mean = 1.0 (flags = 0x41)
0  O                                                                         (0 = 0.0%)
1  -O                                                                        (1 = 100.0%) {0.0%}
2  O                                                                         (0 = 0.0%) {100.0%}

Histogram: Crypto.TPMOperation.MessageVerifyECDSA recorded 1 samples, mean = 1.0 (flags = 0x41)
0  O                                                                         (0 = 0.0%)
1  -O                                                                        (1 = 100.0%) {0.0%}
2  O                                                                         (0 = 0.0%) {100.0%}

Histogram: Crypto.TPMOperation.NewKeyCreationECDSA recorded 1 samples, mean = 1.0 (flags = 0x41)
0  O                                                                         (0 = 0.0%)
1  -O                                                                        (1 = 100.0%) {0.0%}
2  O                                                                         (0 = 0.0%) {100.0%}

Histogram: Crypto.TPMOperation.Virtual.MessageSigningECDSA recorded 1 samples, mean = 1.0 (flags = 0x41)
0  O                                                                         (0 = 0.0%)
1  -O                                                                        (1 = 100.0%) {0.0%}
2  O                                                                         (0 = 0.0%) {100.0%}

Histogram: Crypto.TPMOperation.Virtual.MessageVerifyECDSA recorded 1 samples, mean = 1.0 (flags = 0x41)
0  O                                                                         (0 = 0.0%)
1  -O                                                                        (1 = 100.0%) {0.0%}
2  O                                                                         (0 = 0.0%) {100.0%}

Histogram: Crypto.TPMOperation.Virtual.NewKeyCreationECDSA recorded 1 samples, mean = 1.0 (flags = 0x41)
0  O                                                                         (0 = 0.0%)
1  -O                                                                        (1 = 100.0%) {0.0%}
2  O                                                                         (0 = 0.0%) {100.0%}

Histogram: Crypto.TPMOperation.Virtual.WrappedKeyCreationECDSA recorded 1 samples, mean = 1.0 (flags = 0x41)
0  O                                                                         (0 = 0.0%)
1  -O                                                                        (1 = 100.0%) {0.0%}
2  O                                                                         (0 = 0.0%) {100.0%}

Histogram: Crypto.TPMOperation.WrappedKeyCreationECDSA recorded 1 samples, mean = 1.0 (flags = 0x41)
0  O                                                                         (0 = 0.0%)
1  -O                                                                        (1 = 100.0%) {0.0%}
2  O                                                                         (0 = 0.0%) {100.0%}

Histogram: Crypto.TPMSupport2 recorded 1 samples, mean = 2.0 (flags = 0x41)
0  ... 
2  -O                                                                        (1 = 100.0%) {0.0%}
3  O                                                                         (0 = 0.0%) {100.0%}

Histogram: Crypto.TPMSupportType recorded 1 samples, mean = 3.0 (flags = 0x41)
0  ... 
3  -O                                                                        (1 = 100.0%) {0.0%}
4  O                                                                         (0 = 0.0%) {100.0%}

Histogram: Crypto.VirtualKeySupport recorded 1 samples, mean = 2.0 (flags = 0x41)
0  ... 
2  -O                                                                        (1 = 100.0%) {0.0%}
3  O                                                                         (0 = 0.0%) {100.0%}

Histogram: DOMStorage.CommitMeasuredDelay recorded 4 samples, mean = 3661.8 (flags = 0x41)
0     ... 
2     -O                                                                        (1 = 25.0%) {0.0%}
3     ... 
4249  -O                                                                        (1 = 25.0%) {25.0%}
4904  --O                                                                       (2 = 50.0%) {50.0%}
5660  ... 

Histogram: DOMStorage.CommitSizeBytes recorded 2 samples, mean = 238.5 (flags = 0x41)
0    ... 
182  -O                                                                        (1 = 50.0%) {0.0%}
205  ... 
260  -O                                                                        (1 = 50.0%) {50.0%}
293  ... 

Histogram: DataUse.BytesReceived3.Delegate recorded 119 samples, mean = 12515.8 (flags = 0x41)
0       ... 
297     ---O                                                                      (3 = 2.5%) {0.0%}
383     -O                                                                        (1 = 0.8%) {2.5%}
494     ---O                                                                      (3 = 2.5%) {3.4%}
637     --O                                                                       (2 = 1.7%) {5.9%}
821     -----O                                                                    (5 = 4.2%) {7.6%}
1059    ----------------------------------------------------------------O         (64 = 53.8%) {11.8%}
1366    ----O                                                                     (4 = 3.4%) {65.5%}
1761    --O                                                                       (2 = 1.7%) {68.9%}
2271    -O                                                                        (1 = 0.8%) {70.6%}
2928    -----O                                                                    (5 = 4.2%) {71.4%}
3776    ---O                                                                      (3 = 2.5%) {75.6%}
4869    --O                                                                       (2 = 1.7%) {78.2%}
6279    -O                                                                        (1 = 0.8%) {79.8%}
8097    -O                                                                        (1 = 0.8%) {80.7%}
10441   --O                                                                       (2 = 1.7%) {81.5%}
13464   O                                                                         (0 = 0.0%) {83.2%}
17362   ---O                                                                      (3 = 2.5%) {83.2%}
22388   ---O                                                                      (3 = 2.5%) {85.7%}
28869   --O                                                                       (2 = 1.7%) {88.2%}
37226   --O                                                                       (2 = 1.7%) {89.9%}
48002   --O                                                                       (2 = 1.7%) {91.6%}
61898   O                                                                         (0 = 0.0%) {93.3%}
79817   ---O                                                                      (3 = 2.5%) {93.3%}
102923  ---O                                                                      (3 = 2.5%) {95.8%}
132718  --O                                                                       (2 = 1.7%) {98.3%}
171138  ... 

Histogram: DataUse.BytesSent3.Delegate recorded 119 samples, mean = 865.8 (flags = 0x41)
0      ... 
12     ---O                                                                      (3 = 2.5%) {0.0%}
16     ... 
65     --------------------------O                                               (26 = 21.8%) {2.5%}
86     ------O                                                                   (6 = 5.0%) {24.4%}
113    O                                                                         (0 = 0.0%) {29.4%}
149    -O                                                                        (1 = 0.8%) {29.4%}
196    ---O                                                                      (3 = 2.5%) {30.3%}
258    O                                                                         (0 = 0.0%) {32.8%}
340    --O                                                                       (2 = 1.7%) {32.8%}
448    --------O                                                                 (8 = 6.7%) {34.5%}
590    ----O                                                                     (4 = 3.4%) {41.2%}
777    --O                                                                       (2 = 1.7%) {44.5%}
1023   -------------------------------------------------------------O            (61 = 51.3%) {46.2%}
1347   -O                                                                        (1 = 0.8%) {97.5%}
1774   ... 
3077   -O                                                                        (1 = 0.8%) {98.3%}
4053   ... 
16063  -O                                                                        (1 = 0.8%) {99.2%}
21156  ... 

Histogram: DefaultBrowser.State recorded 1 samples, mean = 0.0 (flags = 0x41)
0  -O                                                                        (1 = 100.0%)
1  ... 

Histogram: DiskCache.0.Error recorded 2 samples, mean = 7.5 (flags = 0x41)
0   -O                                                                        (1 = 50.0%)
1   ... 
15  -O                                                                        (1 = 50.0%) {50.0%}
16  ... 

Histogram: DiskCache.0.TotalIOTimeWrite recorded 172 samples, mean = 0.3 (flags = 0x41)
0  ------------------------------------------------------------------------O (131 = 76.2%)
1  ----------------O                                                         (30 = 17.4%) {76.2%}
2  ------O                                                                   (11 = 6.4%) {93.6%}
3  ... 

Histogram: Download.Database.IsAvailable recorded 1 samples, mean = 1.0 (flags = 0x41)
0  O                                                                         (0 = 0.0%)
1  -O                                                                        (1 = 100.0%) {0.0%}
2  O                                                                         (0 = 0.0%) {100.0%}

Histogram: Download.Service.Db.Operation.Success recorded 1 samples, mean = 0.0 (flags = 0x41)
0  -O                                                                        (1 = 100.0%)
1  ... 

Histogram: Download.Service.Db.Records recorded 1 samples, mean = 0.0 (flags = 0x41)
0  -O                                                                        (1 = 100.0%)
1  ... 

Histogram: Download.Service.Db.Records.Active recorded 1 samples, mean = 0.0 (flags = 0x41)
0  -O                                                                        (1 = 100.0%)
1  ... 

Histogram: Download.Service.Db.Records.Available recorded 1 samples, mean = 0.0 (flags = 0x41)
0  -O                                                                        (1 = 100.0%)
1  ... 

Histogram: Download.Service.Db.Records.Complete recorded 1 samples, mean = 0.0 (flags = 0x41)
0  -O                                                                        (1 = 100.0%)
1  ... 

Histogram: Download.Service.Db.Records.New recorded 1 samples, mean = 0.0 (flags = 0x41)
0  -O                                                                        (1 = 100.0%)
1  ... 

Histogram: Download.Service.Db.Records.Paused recorded 1 samples, mean = 0.0 (flags = 0x41)
0  -O                                                                        (1 = 100.0%)
1  ... 

Histogram: Download.Service.Files.CleanUp.External recorded 3 samples, mean = 0.0 (flags = 0x41)
0  ---O                                                                      (3 = 100.0%)
1  ... 

Histogram: Download.Service.Files.CleanUp.External.Orphaned recorded 1 samples, mean = 0.0 (flags = 0x41)
0  -O                                                                        (1 = 100.0%)
1  ... 

Histogram: Download.Service.Files.CleanUp.External.Timeout recorded 1 samples, mean = 0.0 (flags = 0x41)
0  -O                                                                        (1 = 100.0%)
1  ... 

Histogram: Download.Service.Files.CleanUp.External.Unknown recorded 1 samples, mean = 0.0 (flags = 0x41)
0  -O                                                                        (1 = 100.0%)
1  ... 

Histogram: Download.Service.Files.CleanUp.Failure recorded 3 samples, mean = 0.0 (flags = 0x41)
0  ---O                                                                      (3 = 100.0%)
1  ... 

Histogram: Download.Service.Files.CleanUp.Failure.Orphaned recorded 1 samples, mean = 0.0 (flags = 0x41)
0  -O                                                                        (1 = 100.0%)
1  ... 

Histogram: Download.Service.Files.CleanUp.Failure.Timeout recorded 1 samples, mean = 0.0 (flags = 0x41)
0  -O                                                                        (1 = 100.0%)
1  ... 

Histogram: Download.Service.Files.CleanUp.Failure.Unknown recorded 1 samples, mean = 0.0 (flags = 0x41)
0  -O                                                                        (1 = 100.0%)
1  ... 

Histogram: Download.Service.Files.CleanUp.Success recorded 3 samples, mean = 0.0 (flags = 0x41)
0  ---O                                                                      (3 = 100.0%)
1  ... 

Histogram: Download.Service.Files.CleanUp.Success.Orphaned recorded 1 samples, mean = 0.0 (flags = 0x41)
0  -O                                                                        (1 = 100.0%)
1  ... 

Histogram: Download.Service.Files.CleanUp.Success.Timeout recorded 1 samples, mean = 0.0 (flags = 0x41)
0  -O                                                                        (1 = 100.0%)
1  ... 

Histogram: Download.Service.Files.CleanUp.Success.Unknown recorded 1 samples, mean = 0.0 (flags = 0x41)
0  -O                                                                        (1 = 100.0%)
1  ... 

Histogram: Download.Service.StartUpStatus.Initialization recorded 1 samples, mean = 0.0 (flags = 0x41)
0  -O                                                                        (1 = 100.0%)
1  ... 

Histogram: Enterprise.TimeToFirstPolicyLoad.Profile.Unmanaged recorded 1 samples, mean = 0.0 (flags = 0x41)
0  -O                                                                        (1 = 100.0%)
1  ... 

Histogram: EnterpriseCheck.AzureADJoinStatusCheckTime recorded 1 samples, mean = 4.0 (flags = 0x41)
0  ... 
4  -O                                                                        (1 = 100.0%) {0.0%}
5  ... 

Histogram: Event.GestureCreated recorded 1 samples, mean = 12.0 (flags = 0x41)
0   ... 
12  -O                                                                        (1 = 100.0%) {0.0%}
13  ... 

Histogram: Extension.Toolbar.BrowserActionsCount2 recorded 1 samples, mean = 0.0 (flags = 0x41)
0  -O                                                                        (1 = 100.0%)
1  ... 

Histogram: ExtensionToolbarModel.BrowserActionsCount recorded 1 samples, mean = 0.0 (flags = 0x41)
0  -O                                                                        (1 = 100.0%)
1  ... 

Histogram: Extensions.AppLocation2 recorded 1 samples, mean = 5.0 (flags = 0x41)
0  ... 
5  -O                                                                        (1 = 100.0%) {0.0%}
6  ... 

Histogram: Extensions.CorruptExtensionTotalDisables recorded 1 samples, mean = 0.0 (flags = 0x41)
0  -O                                                                        (1 = 100.0%)
1  ... 

Histogram: Extensions.CorruptExtensionTotalDisables2 recorded 1 samples, mean = 0.0 (flags = 0x41)
0  -O                                                                        (1 = 100.0%)
1  ... 

Histogram: Extensions.Database.Open.Rules recorded 1 samples, mean = 0.0 (flags = 0x41)
0  -O                                                                        (1 = 100.0%)
1  ... 

Histogram: Extensions.Database.Open.Scripts recorded 1 samples, mean = 0.0 (flags = 0x41)
0  -O                                                                        (1 = 100.0%)
1  ... 

Histogram: Extensions.Database.Open.State recorded 1 samples, mean = 0.0 (flags = 0x41)
0  -O                                                                        (1 = 100.0%)
1  ... 

Histogram: Extensions.DeveloperModeEnabled recorded 2 samples, mean = 0.0 (flags = 0x41)
0  --O                                                                       (2 = 100.0%)
1  ... 

Histogram: Extensions.DidCreateScriptContext_Unspecified recorded 1 samples, mean = 0.0 (flags = 0x41)
0  -O                                                                        (1 = 100.0%)
1  ... 

Histogram: Extensions.DidCreateScriptContext_WebPage recorded 3 samples, mean = 0.0 (flags = 0x41)
0  ---O                                                                      (3 = 100.0%)
1  ... 

Histogram: Extensions.Disabled recorded 1 samples, mean = 0.0 (flags = 0x41)
0  -O                                                                        (1 = 100.0%)
1  ... 

Histogram: Extensions.Disabled2 recorded 1 samples, mean = 0.0 (flags = 0x41)
0  -O                                                                        (1 = 100.0%)
1  ... 

Histogram: Extensions.DisabledForPermissions recorded 1 samples, mean = 0.0 (flags = 0x41)
0  -O                                                                        (1 = 100.0%)
1  ... 

Histogram: Extensions.DisabledForPermissions2 recorded 1 samples, mean = 0.0 (flags = 0x41)
0  -O                                                                        (1 = 100.0%)
1  ... 

Histogram: Extensions.EventlessEventPages2 recorded 1 samples, mean = 0.0 (flags = 0x41)
0  -O                                                                        (1 = 100.0%)
1  ... 

Histogram: Extensions.ExtensionLocation recorded 1 samples, mean = 5.0 (flags = 0x41)
0  ... 
5  -O                                                                        (1 = 100.0%) {0.0%}
6  ... 

Histogram: Extensions.ExtensionLocation2 recorded 1 samples, mean = 5.0 (flags = 0x41)
0  ... 
5  -O                                                                        (1 = 100.0%) {0.0%}
6  ... 

Histogram: Extensions.ExtensionsWithPageActions recorded 1 samples, mean = 0.0 (flags = 0x41)
0  -O                                                                        (1 = 100.0%)
1  ... 

Histogram: Extensions.ExternalRegistryLoaderWin recorded 1 samples, mean = 0.0 (flags = 0x40)
0  -O                                                                        (1 = 100.0%)
1  ... 

Histogram: Extensions.HomepageOverrides recorded 1 samples, mean = 0.0 (flags = 0x41)
0  -O                                                                        (1 = 100.0%)
1  ... 

Histogram: Extensions.HomepageOverrides2 recorded 1 samples, mean = 0.0 (flags = 0x41)
0  -O                                                                        (1 = 100.0%)
1  ... 

Histogram: Extensions.InjectEnd_ScriptCount recorded 3 samples, mean = 0.0 (flags = 0x41)
0  ---O                                                                      (3 = 100.0%)
1  ... 

Histogram: Extensions.InjectIdle_ScriptCount recorded 3 samples, mean = 0.0 (flags = 0x41)
0  ---O                                                                      (3 = 100.0%)
1  ... 

Histogram: Extensions.InjectStart_CssCount recorded 5 samples, mean = 0.0 (flags = 0x41)
0  -----O                                                                    (5 = 100.0%)
1  ... 

Histogram: Extensions.InjectStart_ScriptCount recorded 5 samples, mean = 0.0 (flags = 0x41)
0  -----O                                                                    (5 = 100.0%)
1  ... 

Histogram: Extensions.LoadAll recorded 1 samples, mean = 2.0 (flags = 0x41)
0  ... 
2  -O                                                                        (1 = 100.0%) {0.0%}
3  ... 

Histogram: Extensions.LoadAll2 recorded 1 samples, mean = 2.0 (flags = 0x41)
0  ... 
2  -O                                                                        (1 = 100.0%) {0.0%}
3  ... 

Histogram: Extensions.LoadAllComponentTime recorded 1 samples, mean = 3.0 (flags = 0x41)
0  ... 
3  -O                                                                        (1 = 100.0%) {0.0%}
4  ... 

Histogram: Extensions.LoadAllComponentTime.User recorded 1 samples, mean = 3.0 (flags = 0x41)
0  ... 
3  -O                                                                        (1 = 100.0%) {0.0%}
4  ... 

Histogram: Extensions.LoadAllTime2 recorded 1 samples, mean = 0.0 (flags = 0x41)
0  -O                                                                        (1 = 100.0%)
1  ... 

Histogram: Extensions.LoadAllTime2.User recorded 1 samples, mean = 0.0 (flags = 0x41)
0  -O                                                                        (1 = 100.0%)
1  ... 

Histogram: Extensions.LoadApp recorded 1 samples, mean = 0.0 (flags = 0x41)
0  -O                                                                        (1 = 100.0%)
1  ... 

Histogram: Extensions.LoadApp2 recorded 1 samples, mean = 0.0 (flags = 0x41)
0  -O                                                                        (1 = 100.0%)
1  ... 

Histogram: Extensions.LoadAppExternal recorded 1 samples, mean = 0.0 (flags = 0x41)
0  -O                                                                        (1 = 100.0%)
1  ... 

Histogram: Extensions.LoadAppExternal2 recorded 1 samples, mean = 0.0 (flags = 0x41)
0  -O                                                                        (1 = 100.0%)
1  ... 

Histogram: Extensions.LoadAppUser recorded 1 samples, mean = 0.0 (flags = 0x41)
0  -O                                                                        (1 = 100.0%)
1  ... 

Histogram: Extensions.LoadAppUser2 recorded 1 samples, mean = 0.0 (flags = 0x41)
0  -O                                                                        (1 = 100.0%)
1  ... 

Histogram: Extensions.LoadBrowserAction recorded 1 samples, mean = 0.0 (flags = 0x41)
0  -O                                                                        (1 = 100.0%)
1  ... 

Histogram: Extensions.LoadBrowserAction2 recorded 1 samples, mean = 0.0 (flags = 0x41)
0  -O                                                                        (1 = 100.0%)
1  ... 

Histogram: Extensions.LoadExtension recorded 1 samples, mean = 0.0 (flags = 0x41)
0  -O                                                                        (1 = 100.0%)
1  ... 

Histogram: Extensions.LoadExtension2 recorded 1 samples, mean = 0.0 (flags = 0x41)
0  -O                                                                        (1 = 100.0%)
1  ... 

Histogram: Extensions.LoadExtensionExternal recorded 1 samples, mean = 0.0 (flags = 0x41)
0  -O                                                                        (1 = 100.0%)
1  ... 

Histogram: Extensions.LoadExtensionExternal2 recorded 1 samples, mean = 0.0 (flags = 0x41)
0  -O                                                                        (1 = 100.0%)
1  ... 

Histogram: Extensions.LoadExtensionUser2 recorded 1 samples, mean = 0.0 (flags = 0x41)
0  -O                                                                        (1 = 100.0%)
1  ... 

Histogram: Extensions.LoadHostedApp recorded 1 samples, mean = 0.0 (flags = 0x41)
0  -O                                                                        (1 = 100.0%)
1  ... 

Histogram: Extensions.LoadHostedApp2 recorded 1 samples, mean = 0.0 (flags = 0x41)
0  -O                                                                        (1 = 100.0%)
1  ... 

Histogram: Extensions.LoadNoExtensionAction recorded 1 samples, mean = 0.0 (flags = 0x41)
0  -O                                                                        (1 = 100.0%)
1  ... 

Histogram: Extensions.LoadNoExtensionAction2 recorded 1 samples, mean = 0.0 (flags = 0x41)
0  -O                                                                        (1 = 100.0%)
1  ... 

Histogram: Extensions.LoadOffStoreItems recorded 1 samples, mean = 0.0 (flags = 0x41)
0  -O                                                                        (1 = 100.0%)
1  ... 

Histogram: Extensions.LoadOffStoreItems2 recorded 1 samples, mean = 0.0 (flags = 0x41)
0  -O                                                                        (1 = 100.0%)
1  ... 

Histogram: Extensions.LoadPackagedApp recorded 1 samples, mean = 0.0 (flags = 0x41)
0  -O                                                                        (1 = 100.0%)
1  ... 

Histogram: Extensions.LoadPackagedApp2 recorded 1 samples, mean = 0.0 (flags = 0x41)
0  -O                                                                        (1 = 100.0%)
1  ... 

Histogram: Extensions.LoadPlatformApp recorded 1 samples, mean = 0.0 (flags = 0x41)
0  -O                                                                        (1 = 100.0%)
1  ... 

Histogram: Extensions.LoadPlatformApp2 recorded 1 samples, mean = 0.0 (flags = 0x41)
0  -O                                                                        (1 = 100.0%)
1  ... 

Histogram: Extensions.LoadTheme recorded 1 samples, mean = 0.0 (flags = 0x41)
0  -O                                                                        (1 = 100.0%)
1  ... 

Histogram: Extensions.LoadTheme2 recorded 1 samples, mean = 0.0 (flags = 0x41)
0  -O                                                                        (1 = 100.0%)
1  ... 

Histogram: Extensions.LoadUserScript recorded 1 samples, mean = 0.0 (flags = 0x41)
0  -O                                                                        (1 = 100.0%)
1  ... 

Histogram: Extensions.LoadUserScript2 recorded 1 samples, mean = 0.0 (flags = 0x41)
0  -O                                                                        (1 = 100.0%)
1  ... 

Histogram: Extensions.Management_Refresh recorded 1 samples, mean = 0.0 (flags = 0x41)
0  -O                                                                        (1 = 100.0%)
1  ... 

Histogram: Extensions.ManifestVersion2Count.Component recorded 1 samples, mean = 1.0 (flags = 0x41)
0  O                                                                         (0 = 0.0%)
1  -O                                                                        (1 = 100.0%) {0.0%}
2  ... 

Histogram: Extensions.ManifestVersion2Count.External recorded 1 samples, mean = 0.0 (flags = 0x41)
0  -O                                                                        (1 = 100.0%)
1  ... 

Histogram: Extensions.ManifestVersion2Count.Internal recorded 1 samples, mean = 0.0 (flags = 0x41)
0  -O                                                                        (1 = 100.0%)
1  ... 

Histogram: Extensions.ManifestVersion2Count.Policy recorded 1 samples, mean = 0.0 (flags = 0x41)
0  -O                                                                        (1 = 100.0%)
1  ... 

Histogram: Extensions.ManifestVersion2Count.Unpacked recorded 1 samples, mean = 0.0 (flags = 0x41)
0  -O                                                                        (1 = 100.0%)
1  ... 

Histogram: Extensions.ManifestVersion3Count.Component recorded 1 samples, mean = 0.0 (flags = 0x41)
0  -O                                                                        (1 = 100.0%)
1  ... 

Histogram: Extensions.ManifestVersion3Count.External recorded 1 samples, mean = 0.0 (flags = 0x41)
0  -O                                                                        (1 = 100.0%)
1  ... 

Histogram: Extensions.ManifestVersion3Count.Internal recorded 1 samples, mean = 0.0 (flags = 0x41)
0  -O                                                                        (1 = 100.0%)
1  ... 

Histogram: Extensions.ManifestVersion3Count.Policy recorded 1 samples, mean = 0.0 (flags = 0x41)
0  -O                                                                        (1 = 100.0%)
1  ... 

Histogram: Extensions.ManifestVersion3Count.Unpacked recorded 1 samples, mean = 0.0 (flags = 0x41)
0  -O                                                                        (1 = 100.0%)
1  ... 

Histogram: Extensions.ManifestVersionByLocation.Component recorded 1 samples, mean = 2.0 (flags = 0x41)
0  ... 
2  -O                                                                        (1 = 100.0%) {0.0%}
3  ... 

Histogram: Extensions.ManifestVersionPopulationSplit.Component recorded 1 samples, mean = 1.0 (flags = 0x41)
0  O                                                                         (0 = 0.0%)
1  -O                                                                        (1 = 100.0%) {0.0%}
2  ... 

Histogram: Extensions.ManifestVersionPopulationSplit.External recorded 1 samples, mean = 0.0 (flags = 0x41)
0  -O                                                                        (1 = 100.0%)
1  ... 

Histogram: Extensions.ManifestVersionPopulationSplit.Internal recorded 1 samples, mean = 0.0 (flags = 0x41)
0  -O                                                                        (1 = 100.0%)
1  ... 

Histogram: Extensions.ManifestVersionPopulationSplit.InternalAndExternal recorded 1 samples, mean = 0.0 (flags = 0x41)
0  -O                                                                        (1 = 100.0%)
1  ... 

Histogram: Extensions.ManifestVersionPopulationSplit.Unpacked recorded 1 samples, mean = 0.0 (flags = 0x41)
0  -O                                                                        (1 = 100.0%)
1  ... 

Histogram: Extensions.NewTabPageOverrides recorded 1 samples, mean = 0.0 (flags = 0x41)
0  -O                                                                        (1 = 100.0%)
1  ... 

Histogram: Extensions.NewTabPageOverrides2 recorded 1 samples, mean = 0.0 (flags = 0x41)
0  -O                                                                        (1 = 100.0%)
1  ... 

Histogram: Extensions.NonWebStoreNewTabPageOverrides recorded 1 samples, mean = 0.0 (flags = 0x41)
0  -O                                                                        (1 = 100.0%)
1  ... 

Histogram: Extensions.NonWebStoreNewTabPageOverrides2 recorded 1 samples, mean = 0.0 (flags = 0x41)
0  -O                                                                        (1 = 100.0%)
1  ... 

Histogram: Extensions.NonWebstoreLocation recorded 2 samples, mean = 5.0 (flags = 0x41)
0  ... 
5  --O                                                                       (2 = 100.0%) {0.0%}
6  ... 

Histogram: Extensions.NonWebstoreLocation2 recorded 2 samples, mean = 5.0 (flags = 0x41)
0  ... 
5  --O                                                                       (2 = 100.0%) {0.0%}
6  ... 

Histogram: Extensions.NonWebstoreLocationWithDeveloperModeOff.Enabled3 recorded 2 samples, mean = 5.0 (flags = 0x41)
0  ... 
5  --O                                                                       (2 = 100.0%) {0.0%}
6  ... 

Histogram: Extensions.NotAllowlistedDisabled recorded 1 samples, mean = 0.0 (flags = 0x41)
0  -O                                                                        (1 = 100.0%)
1  ... 

Histogram: Extensions.NotAllowlistedDisabled2 recorded 1 samples, mean = 0.0 (flags = 0x41)
0  -O                                                                        (1 = 100.0%)
1  ... 

Histogram: Extensions.NotAllowlistedEnabled recorded 1 samples, mean = 0.0 (flags = 0x41)
0  -O                                                                        (1 = 100.0%)
1  ... 

Histogram: Extensions.NotAllowlistedEnabled2 recorded 1 samples, mean = 0.0 (flags = 0x41)
0  -O                                                                        (1 = 100.0%)
1  ... 

Histogram: Extensions.ProcessManagerStartupHostsTime2 recorded 1 samples, mean = 0.0 (flags = 0x41)
0  -O                                                                        (1 = 100.0%)
1  ... 

Histogram: Extensions.SearchEngineOverrides recorded 1 samples, mean = 0.0 (flags = 0x41)
0  -O                                                                        (1 = 100.0%)
1  ... 

Histogram: Extensions.SearchEngineOverrides2 recorded 1 samples, mean = 0.0 (flags = 0x41)
0  -O                                                                        (1 = 100.0%)
1  ... 

Histogram: Extensions.StartupPagesOverrides recorded 1 samples, mean = 0.0 (flags = 0x41)
0  -O                                                                        (1 = 100.0%)
1  ... 

Histogram: Extensions.StartupPagesOverrides2 recorded 1 samples, mean = 0.0 (flags = 0x41)
0  -O                                                                        (1 = 100.0%)
1  ... 

Histogram: Extensions.WebRequestBlockingCount recorded 1 samples, mean = 0.0 (flags = 0x41)
0  -O                                                                        (1 = 100.0%)
1  ... 

Histogram: Extensions.WebRequestBlockingCount2 recorded 1 samples, mean = 0.0 (flags = 0x41)
0  -O                                                                        (1 = 100.0%)
1  ... 

Histogram: Extensions.WebRequestCount recorded 1 samples, mean = 0.0 (flags = 0x41)
0  -O                                                                        (1 = 100.0%)
1  ... 

Histogram: Extensions.WebRequestCount2 recorded 1 samples, mean = 0.0 (flags = 0x41)
0  -O                                                                        (1 = 100.0%)
1  ... 

Histogram: FetchKeepAlive.Renderer.Total.ReceivedResponse recorded 1 samples, mean = 1.0 (flags = 0x41)
0  O                                                                         (0 = 0.0%)
1  -O                                                                        (1 = 100.0%) {0.0%}
2  O                                                                         (0 = 0.0%) {100.0%}

Histogram: FetchKeepAlive.Renderer.Total.Started recorded 1 samples, mean = 1.0 (flags = 0x41)
0  O                                                                         (0 = 0.0%)
1  -O                                                                        (1 = 100.0%) {0.0%}
2  O                                                                         (0 = 0.0%) {100.0%}

Histogram: FetchKeepAlive.Requests2.Network recorded 2 samples, mean = 0.5 (flags = 0x41)
0  -O                                                                        (1 = 50.0%)
1  -O                                                                        (1 = 50.0%) {50.0%}
2  O                                                                         (0 = 0.0%) {100.0%}

Histogram: FetchKeepAlive.Requests2.SentToService.Renderer recorded 1 samples, mean = 2.0 (flags = 0x41)
0  ... 
2  -O                                                                        (1 = 100.0%) {0.0%}
3  ... 

Histogram: FetchKeepAlive.Requests2.Started.IsContextDetached.Renderer recorded 1 samples, mean = 0.0 (flags = 0x41)
0  -O                                                                        (1 = 100.0%)
1  ... 

Histogram: FetchKeepAlive.Requests2.Started.Renderer recorded 1 samples, mean = 1.0 (flags = 0x41)
0  O                                                                         (0 = 0.0%)
1  -O                                                                        (1 = 100.0%) {0.0%}
2  ... 

Histogram: FetchKeepAlive.Requests2.Succeeded.IsContextDetached.Renderer recorded 1 samples, mean = 0.0 (flags = 0x41)
0  -O                                                                        (1 = 100.0%)
1  ... 

Histogram: FetchKeepAlive.Requests2.Succeeded.Renderer recorded 1 samples, mean = 1.0 (flags = 0x41)
0  O                                                                         (0 = 0.0%)
1  -O                                                                        (1 = 100.0%) {0.0%}
2  ... 

Histogram: FetchKeepAlive.Requests2.Total.Renderer recorded 1 samples, mean = 1.0 (flags = 0x41)
0  O                                                                         (0 = 0.0%)
1  -O                                                                        (1 = 100.0%) {0.0%}
2  ... 

Histogram: FirstPartySets.Database.InitStatus recorded 1 samples, mean = 1.0 (flags = 0x41)
0  O                                                                         (0 = 0.0%)
1  -O                                                                        (1 = 100.0%) {0.0%}
2  ... 

Histogram: FirstPartySets.Database.TransactionFailed recorded 7 samples, mean = 0.0 (flags = 0x41)
0  -------O                                                                  (7 = 100.0%)
1  ... 

Histogram: FirstPartySets.Initialization.ClearSiteDataOutcome recorded 1 samples, mean = 1.0 (flags = 0x41)
0  O                                                                         (0 = 0.0%)
1  -O                                                                        (1 = 100.0%) {0.0%}
2  O                                                                         (0 = 0.0%) {100.0%}

Histogram: FirstPartySets.Initialization.SitesToClear.Count recorded 1 samples, mean = 0.0 (flags = 0x41)
0  -O                                                                        (1 = 100.0%)
1  ... 

Histogram: FirstRun.Sentinel.Created recorded 1 samples, mean = 0.0 (flags = 0x41)
0  -O                                                                        (1 = 100.0%)
1  ... 

Histogram: GCM.DelayedTaskControlledReadyTime recorded 1 samples, mean = 6808.0 (flags = 0x41)
0     ... 
6296  -O                                                                        (1 = 100.0%) {0.0%}
8000  ... 

Histogram: GPU.ANGLE.D3DShaderBlobSizeKB recorded 4 samples, mean = 0.5 (flags = 0x41)
0  ----O                                                                     (4 = 100.0%)
1000... 

Histogram: GPU.ANGLE.D3DShaderCompilationTimeUs recorded 4 samples, mean = 2063.0 (flags = 0x41)
0     ... 
1347  -O                                                                        (1 = 25.0%) {0.0%}
1774  --O                                                                       (2 = 50.0%) {25.0%}
2336  -O                                                                        (1 = 25.0%) {75.0%}
3077  ... 

Histogram: GPU.BlocklistFeatureTestResults.Accelerated2dCanvas recorded 1 samples, mean = 0.0 (flags = 0x41)
0  -O                                                                        (1 = 100.0%)
1  ... 

Histogram: GPU.BlocklistFeatureTestResults.GpuCompositing recorded 1 samples, mean = 0.0 (flags = 0x41)
0  -O                                                                        (1 = 100.0%)
1  ... 

Histogram: GPU.BlocklistFeatureTestResults.GpuRasterization recorded 1 samples, mean = 0.0 (flags = 0x41)
0  -O                                                                        (1 = 100.0%)
1  ... 

Histogram: GPU.BlocklistFeatureTestResults.Webgl recorded 1 samples, mean = 0.0 (flags = 0x41)
0  -O                                                                        (1 = 100.0%)
1  ... 

Histogram: GPU.BlocklistFeatureTestResults.Webgl2 recorded 1 samples, mean = 0.0 (flags = 0x41)
0  -O                                                                        (1 = 100.0%)
1  ... 

Histogram: GPU.BlocklistFeatureTestResults.Webgpu recorded 1 samples, mean = 2.0 (flags = 0x41)
0  ... 
2  -O                                                                        (1 = 100.0%) {0.0%}
3  ... 

Histogram: GPU.BlocklistTestResultsPerEntry recorded 1 samples, mean = 0.0 (flags = 0x41)
0  -O                                                                        (1 = 100.0%)
1  ... 

Histogram: GPU.CanvasOopRaster.OopRasterAndGpuAcceleration recorded 1 samples, mean = 0.0 (flags = 0x41)
0  -O                                                                        (1 = 100.0%)
1  ... 

Histogram: GPU.CompositingMode recorded 33 samples, mean = 1.0 (flags = 0x41)
0  O                                                                         (0 = 0.0%)
1  ---------------------------------O                                        (33 = 100.0%) {0.0%}
2  ... 

Histogram: GPU.D3D12FeatureLevel recorded 1 samples, mean = 5.0 (flags = 0x41)
0  ... 
5  -O                                                                        (1 = 100.0%) {0.0%}
6  O                                                                         (0 = 0.0%) {100.0%}

Histogram: GPU.D3D12HighestShaderModel2 recorded 1 samples, mean = 9.0 (flags = 0x41)
0  ... 
9  -O                                                                        (1 = 100.0%) {0.0%}
10 O                                                                         (0 = 0.0%) {100.0%}

Histogram: GPU.DriverBugTestResultsPerEntry recorded 10 samples (flags = 0x41)
0    -O                                                                        (1 = 10.0%)
17   -O                                                                        (1 = 10.0%)
165  -O                                                                        (1 = 10.0%)
206  -O                                                                        (1 = 10.0%)
256  -O                                                                        (1 = 10.0%)
315  -O                                                                        (1 = 10.0%)
364  -O                                                                        (1 = 10.0%)
403  -O                                                                        (1 = 10.0%)
426  -O                                                                        (1 = 10.0%)
430  -O                                                                        (1 = 10.0%)

Histogram: GPU.EstablishGpuChannelSyncTime recorded 2 samples, mean = 178.0 (flags = 0x41)
0    ... 
57   -O                                                                        (1 = 50.0%) {0.0%}
68   ... 
268  -O                                                                        (1 = 50.0%) {50.0%}
318  ... 

Histogram: GPU.EstablishGpuChannelSyncTime.FirstRun recorded 2 samples, mean = 178.0 (flags = 0x41)
0    ... 
57   -O                                                                        (1 = 50.0%) {0.0%}
68   ... 
268  -O                                                                        (1 = 50.0%) {50.0%}
318  ... 

Histogram: GPU.GPUProcessLaunchTime recorded 2 samples, mean = 1410.0 (flags = 0x41)
0     ... 
318   -O                                                                        (1 = 50.0%) {0.0%}
378   ... 
2117  -O                                                                        (1 = 50.0%) {50.0%}
2516  ... 

Histogram: GPU.GPUProcessTerminationStatus2 recorded 1 samples, mean = 4.0 (flags = 0x41)
0  ... 
4  -O                                                                        (1 = 100.0%) {0.0%}
5  ... 

Histogram: GPU.HardwareAccelerationModeEnabled recorded 1 samples, mean = 1.0 (flags = 0x41)
0  O                                                                         (0 = 0.0%)
1  -O                                                                        (1 = 100.0%) {0.0%}
2  O                                                                         (0 = 0.0%) {100.0%}

Histogram: GPU.MultiGpu.AMD recorded 1 samples (flags = 0x41)
5056  -O                                                                        (1 = 100.0%)

Histogram: GPU.MultiGpu.Nvidia recorded 1 samples (flags = 0x41)
11266  -O                                                                        (1 = 100.0%)

Histogram: GPU.ProcessLifetimeEvents.HardwareAccelerated recorded 1 samples, mean = 0.0 (flags = 0x41)
0  -O                                                                        (1 = 100.0%)
1  ... 

Histogram: GPU.RasterDecoder.TimeToFlush recorded 1 samples, mean = 329.0 (flags = 0x41)
0    ... 
320  -O                                                                        (1 = 100.0%) {0.0%}
364  ... 

Histogram: GPU.SharedImage.BackingType recorded 3 samples, mean = 8.7 (flags = 0x41)
0   ... 
2   -O                                                                        (1 = 33.3%) {0.0%}
3   ... 
12  --O                                                                       (2 = 66.7%) {33.3%}
13  ... 

Histogram: GPU.SharedImage.ContentConsumed recorded 6 samples, mean = 0.5 (flags = 0x41)
0  ---O                                                                      (3 = 50.0%)
1  ---O                                                                      (3 = 50.0%) {50.0%}
2  O                                                                         (0 = 0.0%) {100.0%}

Histogram: GPU.SkiaBackendType recorded 1 samples, mean = 2.0 (flags = 0x41)
0  ... 
2  -O                                                                        (1 = 100.0%) {0.0%}
3  ... 

Histogram: GPU.SupportsDX12 recorded 1 samples, mean = 1.0 (flags = 0x41)
0  O                                                                         (0 = 0.0%)
1  -O                                                                        (1 = 100.0%) {0.0%}
2  O                                                                         (0 = 0.0%) {100.0%}

Histogram: GPU.WatchdogThread.Event recorded 1 samples, mean = 0.0 (flags = 0x41)
0  -O                                                                        (1 = 100.0%)
1  ... 

Histogram: GPU.WatchdogThread.Event.main recorded 1 samples, mean = 0.0 (flags = 0x41)
0  -O                                                                        (1 = 100.0%)
1  ... 

Histogram: GPU.WatchdogThread.Timeout recorded 501 samples, mean = 0.0 (flags = 0x41)
0  ------------------------------------------------------------------------O (501 = 100.0%)
1  ... 

Histogram: GPU.WatchdogThread.Timeout.Normal recorded 501 samples, mean = 0.0 (flags = 0x41)
0  ------------------------------------------------------------------------O (501 = 100.0%)
1  ... 

Histogram: GPU.WatchdogThread.Timeout.Normal.main recorded 501 samples, mean = 0.0 (flags = 0x41)
0  ------------------------------------------------------------------------O (501 = 100.0%)
1  ... 

Histogram: GPU.WatchdogThread.Timeout.main recorded 501 samples, mean = 0.0 (flags = 0x41)
0  ------------------------------------------------------------------------O (501 = 100.0%)
1  ... 

Histogram: Gaia.AuthFetcher.ListAccounts.NetErrorCodes recorded 1 samples (flags = 0x41)
0  -O                                                                        (1 = 100.0%)

Histogram: Gpu.FenceHandle.CloneCountsPerSubmit recorded 5 samples, mean = 0.0 (flags = 0x41)
0  -----O                                                                    (5 = 100.0%)
1  ... 

Histogram: Gpu.GrCompileShaderUs recorded 4 samples, mean = 394.0 (flags = 0x41)
0    ... 
196  -O                                                                        (1 = 25.0%) {0.0%}
258  -O                                                                        (1 = 25.0%) {25.0%}
340  -O                                                                        (1 = 25.0%) {50.0%}
448  O                                                                         (0 = 0.0%) {75.0%}
590  -O                                                                        (1 = 25.0%) {75.0%}
777  ... 

Histogram: Gpu.GrLinkProgramUs recorded 2 samples, mean = 6893.0 (flags = 0x41)
0     ... 
2336  -O                                                                        (1 = 50.0%) {0.0%}
3077  ... 
9260  -O                                                                        (1 = 50.0%) {50.0%}
12196 ... 

Histogram: Gpu.PassthroughProgramCacheLoadHitInCache recorded 2 samples, mean = 0.0 (flags = 0x41)
0  --O                                                                       (2 = 100.0%)
1  ... 

Histogram: Gpu.Rasterization.Raster.MSAASampleCountLog2 recorded 1 samples, mean = 0.0 (flags = 0x41)
0  -O                                                                        (1 = 100.0%)
1  ... 

Histogram: HangWatcher.IsThreadHung.BrowserProcess.IOThread.Normal recorded 1004 samples, mean = 0.0 (flags = 0x41)
0  ------------------------------------------------------------------------O (1004 = 100.0%)
1  ... 

Histogram: HangWatcher.IsThreadHung.BrowserProcess.UIThread.Normal recorded 1004 samples, mean = 0.0 (flags = 0x41)
0  ------------------------------------------------------------------------O (1004 = 100.0%)
1  ... 

Histogram: HangWatcher.IsThreadHung.RendererProcess.IOThread recorded 1002 samples, mean = 0.0 (flags = 0x41)
0  ------------------------------------------------------------------------O (1002 = 100.0%)
1  ... 

Histogram: HangWatcher.IsThreadHung.RendererProcess.IOThread.BestEffort recorded 1004 samples, mean = 0.0 (flags = 0x41)
0  ------------------------------------------------------------------------O (1004 = 100.0%)
1  ... 

Histogram: HangWatcher.IsThreadHung.RendererProcess.MainThread recorded 1002 samples, mean = 0.0 (flags = 0x41)
0  ------------------------------------------------------------------------O (1002 = 100.0%)
1  ... 

Histogram: HangWatcher.IsThreadHung.RendererProcess.MainThread.BestEffort recorded 1004 samples, mean = 0.0 (flags = 0x41)
0  ------------------------------------------------------------------------O (1004 = 100.0%)
1  ... 

Histogram: HangWatcher.IsThreadHung.UtilityProcess.IOThread recorded 2006 samples, mean = 0.0 (flags = 0x41)
0  ------------------------------------------------------------------------O (2006 = 100.0%)
1  ... 

Histogram: HangWatcher.IsThreadHung.UtilityProcess.MainThread recorded 2006 samples, mean = 0.0 (flags = 0x41)
0  ------------------------------------------------------------------------O (2006 = 100.0%)
1  ... 

Histogram: HangWatcher.SleepDrift.BrowserProcess recorded 5016 samples, mean = 6.0 (flags = 0x41)
0   ------------------------------------------------------------------------O (1169 = 23.3%)
1   --------------------O                                                     (324 = 6.5%) {23.3%}
2   ----------------O                                                         (254 = 5.1%) {29.8%}
3   ---------------O                                                          (247 = 4.9%) {34.8%}
4   -------------O                                                            (208 = 4.1%) {39.8%}
5   ---------------O                                                          (242 = 4.8%) {43.9%}
6   ---------------O                                                          (249 = 5.0%) {48.7%}
7   ------------------O                                                       (290 = 5.8%) {53.7%}
8   -----------------------------------O                                      (569 = 11.3%) {59.5%}
10  -----------------------------O                                            (474 = 9.4%) {70.8%}
12  --------------------------------O                                         (516 = 10.3%) {80.3%}
14  -----------------------------O                                            (474 = 9.4%) {90.6%}
17  ... 

Histogram: Hardware.Display.Count.OnStartup recorded 1 samples, mean = 2.0 (flags = 0x41)
0  ... 
2  -O                                                                        (1 = 100.0%) {0.0%}
3  ... 

Histogram: Hardware.Display.SupportsHDR recorded 2 samples, mean = 0.0 (flags = 0x41)
0  --O                                                                       (2 = 100.0%)
1  ... 

Histogram: HeapProfiling.InProcess.Enabled recorded 1 samples, mean = 0.0 (flags = 0x41)
0  -O                                                                        (1 = 100.0%)
1  ... 

Histogram: HeapProfiling.InProcess.Enabled.Browser recorded 1 samples, mean = 0.0 (flags = 0x41)
0  -O                                                                        (1 = 100.0%)
1  ... 

Histogram: Histogram.TooManyBuckets.1000 recorded 4 samples (flags = 0x41)
-2140283801 --O                                                                       (2 = 50.0%)
1721222685  --O                                                                       (2 = 50.0%)

Histogram: History.Backend.TransactionCommitSuccess recorded 2 samples, mean = 1.0 (flags = 0x41)
0  O                                                                         (0 = 0.0%)
1  --O                                                                       (2 = 100.0%) {0.0%}
2  O                                                                         (0 = 0.0%) {100.0%}

Histogram: History.ClearBrowsingData.TaskQueueAtShutdown recorded 1 samples, mean = 0.0 (flags = 0x41)
0  -O                                                                        (1 = 100.0%)
1  ... 

Histogram: History.Clusters.ContextClusterer.VisitProcessingLatency.CleanUpTimer recorded 16 samples, mean = 0.0 (flags = 0x41)
0  ----------------O                                                         (16 = 100.0%)
1  ... 

Histogram: History.Clusters.ContextClusterer.VisitProcessingLatency.UrlVisited recorded 4 samples, mean = 0.0 (flags = 0x41)
0  ----O                                                                     (4 = 100.0%)
1  ... 

Histogram: History.Clusters.JourneysEligibleAndEnabledAtSessionStart recorded 1 samples, mean = 1.0 (flags = 0x41)
0  O                                                                         (0 = 0.0%)
1  -O                                                                        (1 = 100.0%) {0.0%}
2  O                                                                         (0 = 0.0%) {100.0%}

Histogram: History.Clusters.KeywordCache.LoadCachesFromPrefs.Latency recorded 1 samples, mean = 0.0 (flags = 0x41)
0  -O                                                                        (1 = 100.0%)
1  ... 

Histogram: History.DomainCount1Day_V2 recorded 7 samples, mean = 0.0 (flags = 0x41)
0  -------O                                                                  (7 = 100.0%)
1  ... 

Histogram: History.DomainCount1Day_V3 recorded 7 samples, mean = 0.0 (flags = 0x41)
0  -------O                                                                  (7 = 100.0%)
1  ... 

Histogram: History.DomainCount28Day_V2 recorded 7 samples, mean = 0.0 (flags = 0x41)
0  -------O                                                                  (7 = 100.0%)
1  ... 

Histogram: History.DomainCount28Day_V3 recorded 7 samples, mean = 0.0 (flags = 0x41)
0  -------O                                                                  (7 = 100.0%)
1  ... 

Histogram: History.DomainCount7Day_V2 recorded 7 samples, mean = 0.0 (flags = 0x41)
0  -------O                                                                  (7 = 100.0%)
1  ... 

Histogram: History.DomainCount7Day_V3 recorded 7 samples, mean = 0.0 (flags = 0x41)
0  -------O                                                                  (7 = 100.0%)
1  ... 

Histogram: History.InMemoryDBItemCount recorded 1 samples, mean = 0.0 (flags = 0x41)
0  -O                                                                        (1 = 100.0%)
1  ... 

Histogram: History.TopSites.QueryFromHistoryTime recorded 1 samples, mean = 333.0 (flags = 0x41)
0    ... 
318  -O                                                                        (1 = 100.0%) {0.0%}
378  ... 

Histogram: History.VisitedLinks.HashTableLengthOnReaderInit recorded 5 samples, mean = 16381.0 (flags = 0x41)
0      ... 
14319  -----O                                                                    (5 = 100.0%) {0.0%}
19866  ... 

Histogram: History.VisitedLinks.HashTableSizeOnTableCreate recorded 2 samples, mean = 0.0 (flags = 0x41)
0  --O                                                                       (2 = 100.0%)
1  ... 

Histogram: History.VisitedLinks.HashTableUsageOnLinkAdded recorded 4 samples, mean = 1.5 (flags = 0x41)
0  -O                                                                        (1 = 25.0%)
1  -O                                                                        (1 = 25.0%) {25.0%}
2  -O                                                                        (1 = 25.0%) {50.0%}
3  -O                                                                        (1 = 25.0%) {75.0%}
4  ... 

Histogram: History.VisitedLinks.TryToAddFingerprint recorded 6 samples, mean = 0.3 (flags = 0x41)
0  ----O                                                                     (4 = 66.7%)
1  --O                                                                       (2 = 33.3%) {66.7%}
2  ... 

Histogram: History.VisitedLinks.VisitLoggedFromMainFrame recorded 3 samples, mean = 1.0 (flags = 0x41)
0  O                                                                         (0 = 0.0%)
1  ---O                                                                      (3 = 100.0%) {0.0%}
2  O                                                                         (0 = 0.0%) {100.0%}

Histogram: History.VisitedLinks.VisitLoggedFromTransition recorded 3 samples, mean = 1.7 (flags = 0x41)
0  O                                                                         (0 = 0.0%)
1  -O                                                                        (1 = 33.3%) {0.0%}
2  --O                                                                       (2 = 66.7%) {33.3%}
3  ... 

Histogram: HttpCache.AccessToDone2 recorded 50 samples, mean = 102.1 (flags = 0x41)
0    ... 
6    -O                                                                        (1 = 2.0%) {0.0%}
7    ... 
9    -O                                                                        (1 = 2.0%) {2.0%}
10   -O                                                                        (1 = 2.0%) {4.0%}
11   O                                                                         (0 = 0.0%) {6.0%}
12   -O                                                                        (1 = 2.0%) {6.0%}
13   -O                                                                        (1 = 2.0%) {8.0%}
14   O                                                                         (0 = 0.0%) {10.0%}
15   -O                                                                        (1 = 2.0%) {10.0%}
16   -O                                                                        (1 = 2.0%) {12.0%}
18   -O                                                                        (1 = 2.0%) {14.0%}
20   ... 
24   -O                                                                        (1 = 2.0%) {16.0%}
26   ... 
34   -------O                                                                  (7 = 14.0%) {18.0%}
37   --O                                                                       (2 = 4.0%) {32.0%}
41   --O                                                                       (2 = 4.0%) {36.0%}
45   -----O                                                                    (5 = 10.0%) {40.0%}
49   -------O                                                                  (7 = 14.0%) {50.0%}
54   ---O                                                                      (3 = 6.0%) {64.0%}
59   --O                                                                       (2 = 4.0%) {70.0%}
65   -O                                                                        (1 = 2.0%) {74.0%}
71   -O                                                                        (1 = 2.0%) {76.0%}
78   -O                                                                        (1 = 2.0%) {78.0%}
85   ... 
194  -O                                                                        (1 = 2.0%) {80.0%}
212  ----O                                                                     (4 = 8.0%) {82.0%}
232  -O                                                                        (1 = 2.0%) {90.0%}
254  ... 
398  --O                                                                       (2 = 4.0%) {92.0%}
436  ... 
571  -O                                                                        (1 = 2.0%) {96.0%}
625  -O                                                                        (1 = 2.0%) {98.0%}
684  ... 

Histogram: HttpCache.AccessToDone2.SentRequest recorded 50 samples, mean = 102.1 (flags = 0x41)
0    ... 
6    -O                                                                        (1 = 2.0%) {0.0%}
7    ... 
9    -O                                                                        (1 = 2.0%) {2.0%}
10   -O                                                                        (1 = 2.0%) {4.0%}
11   O                                                                         (0 = 0.0%) {6.0%}
12   -O                                                                        (1 = 2.0%) {6.0%}
13   -O                                                                        (1 = 2.0%) {8.0%}
14   O                                                                         (0 = 0.0%) {10.0%}
15   -O                                                                        (1 = 2.0%) {10.0%}
16   -O                                                                        (1 = 2.0%) {12.0%}
18   -O                                                                        (1 = 2.0%) {14.0%}
20   ... 
24   -O                                                                        (1 = 2.0%) {16.0%}
26   ... 
34   -------O                                                                  (7 = 14.0%) {18.0%}
37   --O                                                                       (2 = 4.0%) {32.0%}
41   --O                                                                       (2 = 4.0%) {36.0%}
45   -----O                                                                    (5 = 10.0%) {40.0%}
49   -------O                                                                  (7 = 14.0%) {50.0%}
54   ---O                                                                      (3 = 6.0%) {64.0%}
59   --O                                                                       (2 = 4.0%) {70.0%}
65   -O                                                                        (1 = 2.0%) {74.0%}
71   -O                                                                        (1 = 2.0%) {76.0%}
78   -O                                                                        (1 = 2.0%) {78.0%}
85   ... 
194  -O                                                                        (1 = 2.0%) {80.0%}
212  ----O                                                                     (4 = 8.0%) {82.0%}
232  -O                                                                        (1 = 2.0%) {90.0%}
254  ... 
398  --O                                                                       (2 = 4.0%) {92.0%}
436  ... 
571  -O                                                                        (1 = 2.0%) {96.0%}
625  -O                                                                        (1 = 2.0%) {98.0%}
684  ... 

Histogram: HttpCache.AddTransactionToEntry recorded 50 samples, mean = 0.0 (flags = 0x41)
0  --------------------------------------------------O                       (50 = 100.0%)
1  ... 

Histogram: HttpCache.BeforeSend recorded 50 samples, mean = 0.0 (flags = 0x41)
0  --------------------------------------------------O                       (50 = 100.0%)
1  ... 

Histogram: HttpCache.BeforeSend.NotCached recorded 50 samples, mean = 0.0 (flags = 0x41)
0  --------------------------------------------------O                       (50 = 100.0%)
1  ... 

Histogram: HttpCache.CreateDiskEntry recorded 50 samples, mean = 0.0 (flags = 0x41)
0  --------------------------------------------------O                       (50 = 100.0%)
1  ... 

Histogram: HttpCache.HardReset recorded 1 samples, mean = 0.0 (flags = 0x40)
0  -O                                                                        (1 = 100.0%)
1  ... 

Histogram: HttpCache.IsNoStore recorded 50 samples, mean = 0.1 (flags = 0x41)
0  ---------------------------------------------O                            (45 = 90.0%)
1  -----O                                                                    (5 = 10.0%) {90.0%}
2  O                                                                         (0 = 0.0%) {100.0%}

Histogram: HttpCache.IsNoStore.MainFrameHTML recorded 1 samples, mean = 1.0 (flags = 0x41)
0  O                                                                         (0 = 0.0%)
1  -O                                                                        (1 = 100.0%) {0.0%}
2  O                                                                         (0 = 0.0%) {100.0%}

Histogram: HttpCache.MaxFileSizeOnInit recorded 1 samples, mean = 40960.0 (flags = 0x41)
0      ... 
37526  -O                                                                        (1 = 100.0%) {0.0%}
42713  ... 

Histogram: HttpCache.Pattern recorded 50 samples, mean = 2.0 (flags = 0x41)
0  ... 
2  --------------------------------------------------O                       (50 = 100.0%) {0.0%}
3  ... 

Histogram: HttpCache.Pattern.CSS recorded 8 samples, mean = 2.0 (flags = 0x41)
0  ... 
2  --------O                                                                 (8 = 100.0%) {0.0%}
3  ... 

Histogram: HttpCache.Pattern.CSSThirdParty recorded 8 samples, mean = 2.0 (flags = 0x41)
0  ... 
2  --------O                                                                 (8 = 100.0%) {0.0%}
3  ... 

Histogram: HttpCache.Pattern.Font recorded 5 samples, mean = 2.0 (flags = 0x41)
0  ... 
2  -----O                                                                    (5 = 100.0%) {0.0%}
3  ... 

Histogram: HttpCache.Pattern.FontThirdParty recorded 5 samples, mean = 2.0 (flags = 0x41)
0  ... 
2  -----O                                                                    (5 = 100.0%) {0.0%}
3  ... 

Histogram: HttpCache.Pattern.Image recorded 2 samples, mean = 2.0 (flags = 0x41)
0  ... 
2  --O                                                                       (2 = 100.0%) {0.0%}
3  ... 

Histogram: HttpCache.Pattern.JavaScript recorded 26 samples, mean = 2.0 (flags = 0x41)
0  ... 
2  --------------------------O                                               (26 = 100.0%) {0.0%}
3  ... 

Histogram: HttpCache.Pattern.JavaScriptThirdParty recorded 25 samples, mean = 2.0 (flags = 0x41)
0  ... 
2  -------------------------O                                                (25 = 100.0%) {0.0%}
3  ... 

Histogram: HttpCache.Pattern.MainFrameHTML recorded 1 samples, mean = 2.0 (flags = 0x41)
0  ... 
2  -O                                                                        (1 = 100.0%) {0.0%}
3  ... 

Histogram: HttpCache.Pattern.NonTinyImage recorded 1 samples, mean = 2.0 (flags = 0x41)
0  ... 
2  -O                                                                        (1 = 100.0%) {0.0%}
3  ... 

Histogram: HttpCache.TotalDiskCacheTimePerTransaction.Write recorded 45 samples, mean = 2.0 (flags = 0x41)
0  ----------------O                                                         (16 = 35.6%)
1  -------O                                                                  (7 = 15.6%) {35.6%}
2  ------O                                                                   (6 = 13.3%) {51.1%}
3  ----O                                                                     (4 = 8.9%) {64.4%}
4  -----O                                                                    (5 = 11.1%) {73.3%}
5  ----O                                                                     (4 = 8.9%) {84.4%}
6  -O                                                                        (1 = 2.2%) {93.3%}
7  --O                                                                       (2 = 4.4%) {95.6%}
8  ... 

Histogram: ImageDecoder.Png.UiGfxIntoSkBitmap recorded 1 samples, mean = 122.0 (flags = 0x41)
0    ... 
113  -O                                                                        (1 = 100.0%) {0.0%}
149  ... 

Histogram: ImportantFile.FileReplaceRetryCount recorded 80 samples, mean = 0.0 (flags = 0x41)
0  ------------------------------------------------------------------------O (80 = 100.0%)
1  ... 

Histogram: ImportantFile.SerializationDuration recorded 63 samples, mean = 0.0 (flags = 0x41)
0  ---------------------------------------------------------------O          (63 = 100.0%)
1  ... 

Histogram: ImportantFile.SerializationDuration.BrowsingTopicsState recorded 1 samples, mean = 0.0 (flags = 0x41)
0  -O                                                                        (1 = 100.0%)
1  ... 

Histogram: ImportantFile.SerializationDuration.Local_State recorded 6 samples, mean = 0.0 (flags = 0x41)
0  ------O                                                                   (6 = 100.0%)
1  ... 

Histogram: ImportantFile.SerializationDuration.Preferences recorded 5 samples, mean = 0.0 (flags = 0x41)
0  -----O                                                                    (5 = 100.0%)
1  ... 

Histogram: ImportantFile.SerializationDuration.Secure_Preferences recorded 1 samples, mean = 0.0 (flags = 0x41)
0  -O                                                                        (1 = 100.0%)
1  ... 

Histogram: ImportantFile.SerializationDuration.TransportSecurityPersister recorded 1 samples, mean = 0.0 (flags = 0x41)
0  -O                                                                        (1 = 100.0%)
1  ... 

Histogram: ImportantFile.WriteDuration recorded 63 samples, mean = 13.3 (flags = 0x41)
0   ... 
4   -O                                                                        (1 = 1.6%) {0.0%}
5   ... 
10  ------O                                                                   (6 = 9.5%) {1.6%}
12  ----------------------------------O                                       (34 = 54.0%) {11.1%}
14  --------------------O                                                     (20 = 31.7%) {65.1%}
17  -O                                                                        (1 = 1.6%) {96.8%}
20  ... 
34  -O                                                                        (1 = 1.6%) {98.4%}
40  ... 

Histogram: ImportantFile.WriteDuration.BrowsingTopicsState recorded 1 samples, mean = 4.0 (flags = 0x41)
0  ... 
4  -O                                                                        (1 = 100.0%) {0.0%}
5  ... 

Histogram: ImportantFile.WriteDuration.Local_State recorded 6 samples, mean = 9.3 (flags = 0x41)
0   ... 
3   -O                                                                        (1 = 16.7%) {0.0%}
4   ... 
7   -O                                                                        (1 = 16.7%) {16.7%}
8   O                                                                         (0 = 0.0%) {33.3%}
10  ---O                                                                      (3 = 50.0%) {33.3%}
12  O                                                                         (0 = 0.0%) {83.3%}
14  -O                                                                        (1 = 16.7%) {83.3%}
17  ... 

Histogram: ImportantFile.WriteDuration.Preferences recorded 5 samples, mean = 11.4 (flags = 0x41)
0   ... 
2   -O                                                                        (1 = 20.0%) {0.0%}
3   ... 
12  --O                                                                       (2 = 40.0%) {20.0%}
14  --O                                                                       (2 = 40.0%) {60.0%}
17  ... 

Histogram: ImportantFile.WriteDuration.SCTAuditing recorded 2 samples, mean = 65.0 (flags = 0x41)
0    ... 
6    -O                                                                        (1 = 50.0%) {0.0%}
7    ... 
114  -O                                                                        (1 = 50.0%) {50.0%}
135  ... 

Histogram: ImportantFile.WriteDuration.Secure_Preferences recorded 1 samples, mean = 3.0 (flags = 0x41)
0  ... 
3  -O                                                                        (1 = 100.0%) {0.0%}
4  ... 

Histogram: ImportantFile.WriteDuration.TransportSecurityPersister recorded 1 samples, mean = 3.0 (flags = 0x41)
0  ... 
3  -O                                                                        (1 = 100.0%) {0.0%}
4  ... 

Histogram: ImportantFile.WriteDuration.TrustedVault recorded 1 samples, mean = 4.0 (flags = 0x41)
0  ... 
4  -O                                                                        (1 = 100.0%) {0.0%}
5  ... 

Histogram: InProductHelp.Config.ParsingEvent recorded 68 samples, mean = 6.4 (flags = 0x41)
0   -----------------------------O                                            (29 = 42.6%)
1   O                                                                         (0 = 0.0%) {42.6%}
2   ---------O                                                                (9 = 13.2%) {42.6%}
3   ... 
14  ------------------------------O                                           (30 = 44.1%) {55.9%}
15  ... 

Histogram: InProductHelp.Db.Init.AvailabilityStore recorded 1 samples, mean = 1.0 (flags = 0x41)
0  O                                                                         (0 = 0.0%)
1  -O                                                                        (1 = 100.0%) {0.0%}
2  O                                                                         (0 = 0.0%) {100.0%}

Histogram: InProductHelp.Db.Init.EventStore recorded 1 samples, mean = 1.0 (flags = 0x41)
0  O                                                                         (0 = 0.0%)
1  -O                                                                        (1 = 100.0%) {0.0%}
2  O                                                                         (0 = 0.0%) {100.0%}

Histogram: InProductHelp.Db.Load.AvailabilityStore recorded 1 samples, mean = 1.0 (flags = 0x41)
0  O                                                                         (0 = 0.0%)
1  -O                                                                        (1 = 100.0%) {0.0%}
2  O                                                                         (0 = 0.0%) {100.0%}

Histogram: InProductHelp.Db.Load.EventStore recorded 1 samples, mean = 1.0 (flags = 0x41)
0  O                                                                         (0 = 0.0%)
1  -O                                                                        (1 = 100.0%) {0.0%}
2  O                                                                         (0 = 0.0%) {100.0%}

Histogram: InProductHelp.Db.TotalEvents recorded 1 samples, mean = 0.0 (flags = 0x41)
0  -O                                                                        (1 = 100.0%)
1  ... 

Histogram: InProductHelp.Db.Update.AvailabilityStore recorded 1 samples, mean = 1.0 (flags = 0x41)
0  O                                                                         (0 = 0.0%)
1  -O                                                                        (1 = 100.0%) {0.0%}
2  O                                                                         (0 = 0.0%) {100.0%}

Histogram: IndexedDB.ContextShutdownDuration recorded 1 samples, mean = 0.0 (flags = 0x41)
0  -O                                                                        (1 = 100.0%)
1  ... 

Histogram: Input.Digitizer.MaxTouchPoints.IndirectPen recorded 2 samples, mean = 1.0 (flags = 0x41)
0  O                                                                         (0 = 0.0%)
1  --O                                                                       (2 = 100.0%) {0.0%}
2  ... 

Histogram: Input.Digitizer.MaxTouchPointsSupportedBySystemAtStartup recorded 1 samples, mean = 0.0 (flags = 0x41)
0  -O                                                                        (1 = 100.0%)
1  ... 

Histogram: Input.Digitizer.OnStartup recorded 2 samples, mean = 2.0 (flags = 0x41)
0  ... 
2  --O                                                                       (2 = 100.0%) {0.0%}
3  ... 

Histogram: Input.PointerTypePrimary recorded 1 samples, mean = 2.0 (flags = 0x41)
0  ... 
2  -O                                                                        (1 = 100.0%) {0.0%}
3  O                                                                         (0 = 0.0%) {100.0%}

Histogram: Input.PointerTypesAll recorded 1 samples, mean = 2.0 (flags = 0x41)
0  ... 
2  -O                                                                        (1 = 100.0%) {0.0%}
3  ... 

Histogram: LanguageDetection.TFLiteModel.WasModelRequestDeferred recorded 2 samples, mean = 1.0 (flags = 0x41)
0  O                                                                         (0 = 0.0%)
1  --O                                                                       (2 = 100.0%) {0.0%}
2  O                                                                         (0 = 0.0%) {100.0%}

Histogram: LanguageUsage.AcceptLanguage recorded 1 samples (flags = 0x41)
25966  -O                                                                        (1 = 100.0%)

Histogram: LanguageUsage.AcceptLanguage.Count recorded 1 samples, mean = 1.0 (flags = 0x41)
0  O                                                                         (0 = 0.0%)
1  -O                                                                        (1 = 100.0%) {0.0%}
2  ... 

Histogram: LanguageUsage.AcceptLanguageAndContentLanguageUsage recorded 1 samples, mean = 0.0 (flags = 0x41)
0  -O                                                                        (1 = 100.0%)
1  ... 

Histogram: LanguageUsage.AcceptLanguageAndXmlHtmlLangUsage recorded 1 samples, mean = 7.0 (flags = 0x41)
0  ... 
7  -O                                                                        (1 = 100.0%) {0.0%}
8  O                                                                         (0 = 0.0%) {100.0%}

Histogram: LevelDB.ApproximateMemTableMemoryUse.BudgetManager recorded 0 samples (flags = 0x41)
0 ... 

Histogram: LevelDB.ApproximateMemTableMemoryUse.CartDatabase recorded 0 samples (flags = 0x41)
0 ... 

Histogram: LevelDB.ApproximateMemTableMemoryUse.ClientCertificatesDatabase recorded 0 samples (flags = 0x41)
0 ... 

Histogram: LevelDB.ApproximateMemTableMemoryUse.CommerceParcelTrackingDatabase recorded 0 samples (flags = 0x41)
0 ... 

Histogram: LevelDB.ApproximateMemTableMemoryUse.CommerceSubscriptionDatabase recorded 0 samples (flags = 0x41)
0 ... 

Histogram: LevelDB.ApproximateMemTableMemoryUse.CouponDatabase recorded 0 samples (flags = 0x41)
0 ... 

Histogram: LevelDB.ApproximateMemTableMemoryUse.DiscountsDatabase recorded 0 samples (flags = 0x41)
0 ... 

Histogram: LevelDB.ApproximateMemTableMemoryUse.DownloadDB recorded 0 samples (flags = 0x41)
0 ... 

Histogram: LevelDB.ApproximateMemTableMemoryUse.DownloadService recorded 0 samples (flags = 0x41)
0 ... 

Histogram: LevelDB.ApproximateMemTableMemoryUse.FeatureEngagementTrackerAvailabilityStore recorded 0 samples (flags = 0x41)
0 ... 

Histogram: LevelDB.ApproximateMemTableMemoryUse.FeatureEngagementTrackerEventStore recorded 0 samples (flags = 0x41)
0 ... 

Histogram: LevelDB.ApproximateMemTableMemoryUse.GCMKeyStore recorded 1 samples, mean = 4104.0 (flags = 0x41)
0  O                                                                         (0 = 0.0%)
1  -O                                                                        (1 = 100.0%) {0.0%}
270601... 

Histogram: LevelDB.ApproximateMemTableMemoryUse.Metadata recorded 1 samples, mean = 4104.0 (flags = 0x41)
0  O                                                                         (0 = 0.0%)
1  -O                                                                        (1 = 100.0%) {0.0%}
270601... 

Histogram: LevelDB.ApproximateMemTableMemoryUse.PersistentOriginTrials recorded 0 samples (flags = 0x41)
0 ... 

Histogram: LevelDB.ApproximateMemTableMemoryUse.PreviewsHintCacheStore recorded 0 samples (flags = 0x41)
0 ... 

Histogram: LevelDB.ApproximateMemTableMemoryUse.SegmentInfoDatabase recorded 0 samples (flags = 0x41)
0 ... 

Histogram: LevelDB.ApproximateMemTableMemoryUse.SharedProtoDB recorded 1 samples, mean = 4104.0 (flags = 0x41)
0  O                                                                         (0 = 0.0%)
1  -O                                                                        (1 = 100.0%) {0.0%}
270601... 

Histogram: LevelDB.ApproximateMemTableMemoryUse.SignalDatabase recorded 0 samples (flags = 0x41)
0 ... 

Histogram: LevelDB.ApproximateMemTableMemoryUse.SignalStorageConfigDatabase recorded 0 samples (flags = 0x41)
0 ... 

Histogram: LevelDB.ApproximateMemTableMemoryUse.StrikeService recorded 0 samples (flags = 0x41)
0 ... 

Histogram: LevelDBEnv.DeleteTableBackupFile recorded 0 samples (flags = 0x41)
0 ... 

Histogram: LevelDBEnv.SyncResult recorded 86 samples, mean = 0.0 (flags = 0x41)
0  ------------------------------------------------------------------------O (86 = 100.0%)
1  ... 

Histogram: LevelDBWrapper.CommitDelay recorded 2 samples, mean = 5000.0 (flags = 0x41)
0     ... 
4516  --O                                                                       (2 = 100.0%) {0.0%}
6118  ... 

Histogram: LoadingPredictor.PreconnectCount recorded 1 samples, mean = 1.0 (flags = 0x41)
0  O                                                                         (0 = 0.0%)
1  -O                                                                        (1 = 100.0%) {0.0%}
2  ... 

Histogram: LoadingPredictor.PreconnectHitsPercentage recorded 1 samples, mean = 100.0 (flags = 0x41)
0    ... 
100  -O                                                                        (1 = 100.0%) {0.0%}
101  O                                                                         (0 = 0.0%) {100.0%}

Histogram: LoadingPredictor.PredictorDatabaseFileSize recorded 1 samples, mean = 44.0 (flags = 0x41)
0   ... 
37  -O                                                                        (1 = 100.0%) {0.0%}
49  ... 

Histogram: LoadingPredictor.PreresolveCount recorded 1 samples, mean = 1.0 (flags = 0x41)
0  O                                                                         (0 = 0.0%)
1  -O                                                                        (1 = 100.0%) {0.0%}
2  ... 

Histogram: LoadingPredictor.PreresolveHitsPercentage recorded 1 samples, mean = 100.0 (flags = 0x41)
0    ... 
100  -O                                                                        (1 = 100.0%) {0.0%}
101  O                                                                         (0 = 0.0%) {100.0%}

Histogram: LocalStorage.MojoSizeInKB recorded 1 samples, mean = 0.0 (flags = 0x41)
0  -O                                                                        (1 = 100.0%)
1  ... 

Histogram: LocalStorage.MojoTimeToPrime recorded 1 samples, mean = 0.0 (flags = 0x41)
0  -O                                                                        (1 = 100.0%)
1  ... 

Histogram: LocalStorage.MojoTimeToPrimeForUnder100KB recorded 1 samples, mean = 0.0 (flags = 0x41)
0  -O                                                                        (1 = 100.0%)
1  ... 

Histogram: LocalStorage.RendererAreaCacheHit recorded 2 samples, mean = 1.0 (flags = 0x41)
0  -O                                                                        (1 = 50.0%)
1  O                                                                         (0 = 0.0%) {50.0%}
2  -O                                                                        (1 = 50.0%) {50.0%}
3  O                                                                         (0 = 0.0%) {100.0%}

Histogram: LocalStorageContext.ShutDown.MaybeDroppedChanges recorded 1 samples, mean = 0.0 (flags = 0x40)
0  -O                                                                        (1 = 100.0%)
1  ... 

Histogram: MPArch.ChildProcessLaunchFirst recorded 1 samples, mean = 7.0 (flags = 0x41)
0  ... 
7  -O                                                                        (1 = 100.0%) {0.0%}
8  ... 

Histogram: MPArch.ChildProcessLaunchSubsequent recorded 7 samples, mean = 7.4 (flags = 0x41)
0   ... 
6   ---O                                                                      (3 = 42.9%) {0.0%}
7   -O                                                                        (1 = 14.3%) {42.9%}
8   --O                                                                       (2 = 28.6%) {57.1%}
10  -O                                                                        (1 = 14.3%) {85.7%}
12  ... 

Histogram: ManagedUsers.BlockedIframeCount recorded 1 samples, mean = 0.0 (flags = 0x41)
0  -O                                                                        (1 = 100.0%)
1  ... 

Histogram: Manifest.HasProperty.description recorded 1 samples, mean = 0.0 (flags = 0x41)
0  -O                                                                        (1 = 100.0%)
1  ... 

Histogram: Manifest.HasProperty.display recorded 1 samples, mean = 1.0 (flags = 0x41)
0  O                                                                         (0 = 0.0%)
1  -O                                                                        (1 = 100.0%) {0.0%}
2  O                                                                         (0 = 0.0%) {100.0%}

Histogram: Manifest.HasProperty.gcm_sender_id recorded 1 samples, mean = 0.0 (flags = 0x41)
0  -O                                                                        (1 = 100.0%)
1  ... 

Histogram: Manifest.HasProperty.icons recorded 1 samples, mean = 1.0 (flags = 0x41)
0  O                                                                         (0 = 0.0%)
1  -O                                                                        (1 = 100.0%) {0.0%}
2  O                                                                         (0 = 0.0%) {100.0%}

Histogram: Manifest.HasProperty.name recorded 1 samples, mean = 1.0 (flags = 0x41)
0  O                                                                         (0 = 0.0%)
1  -O                                                                        (1 = 100.0%) {0.0%}
2  O                                                                         (0 = 0.0%) {100.0%}

Histogram: Manifest.HasProperty.orientation recorded 1 samples, mean = 0.0 (flags = 0x41)
0  -O                                                                        (1 = 100.0%)
1  ... 

Histogram: Manifest.HasProperty.protocol_handlers recorded 1 samples, mean = 0.0 (flags = 0x41)
0  -O                                                                        (1 = 100.0%)
1  ... 

Histogram: Manifest.HasProperty.screenshots recorded 1 samples, mean = 0.0 (flags = 0x41)
0  -O                                                                        (1 = 100.0%)
1  ... 

Histogram: Manifest.HasProperty.share_target recorded 1 samples, mean = 0.0 (flags = 0x41)
0  -O                                                                        (1 = 100.0%)
1  ... 

Histogram: Manifest.HasProperty.short_name recorded 1 samples, mean = 1.0 (flags = 0x41)
0  O                                                                         (0 = 0.0%)
1  -O                                                                        (1 = 100.0%) {0.0%}
2  O                                                                         (0 = 0.0%) {100.0%}

Histogram: Manifest.HasProperty.start_url recorded 1 samples, mean = 1.0 (flags = 0x41)
0  O                                                                         (0 = 0.0%)
1  -O                                                                        (1 = 100.0%) {0.0%}
2  O                                                                         (0 = 0.0%) {100.0%}

Histogram: Manifest.ParseIdResult recorded 1 samples, mean = 1.0 (flags = 0x41)
0  O                                                                         (0 = 0.0%)
1  -O                                                                        (1 = 100.0%) {0.0%}
2  ... 

Histogram: Media.GPU.VideoDecoderType recorded 1 samples, mean = 11.0 (flags = 0x41)
0   ... 
11  -O                                                                        (1 = 100.0%) {0.0%}
12  ... 

Histogram: Media.MediaHistory.DatabaseExists recorded 1 samples, mean = 0.0 (flags = 0x41)
0  -O                                                                        (1 = 100.0%)
1  ... 

Histogram: MediaRouter.Cast.Discovery.ConnectedDevicesCount recorded 1 samples, mean = 0.0 (flags = 0x41)
0  -O                                                                        (1 = 100.0%)
1  ... 

Histogram: MediaRouter.Cast.Discovery.KnownDevicesCount recorded 1 samples, mean = 0.0 (flags = 0x41)
0  -O                                                                        (1 = 100.0%)
1  ... 

Histogram: MediaRouter.Dial.AvailableDevicesCount recorded 1 samples, mean = 0.0 (flags = 0x41)
0  -O                                                                        (1 = 100.0%)
1  ... 

Histogram: MediaRouter.Dial.KnownDevicesCount recorded 1 samples, mean = 0.0 (flags = 0x41)
0  -O                                                                        (1 = 100.0%)
1  ... 

Histogram: Memory.Discardable.FreelistSize.Foreground recorded 4 samples, mean = 1023.0 (flags = 0x41)
0     ---O                                                                      (3 = 75.0%)
1     ... 
4053  -O                                                                        (1 = 25.0%) {75.0%}
5338  ... 

Histogram: Memory.Discardable.Size.Foreground recorded 4 samples, mean = 1.0 (flags = 0x41)
0  ---O                                                                      (3 = 75.0%)
1  ... 
4  -O                                                                        (1 = 25.0%) {75.0%}
5  ... 

Histogram: Memory.Discardable.VirtualSize.Foreground recorded 4 samples, mean = 1024.0 (flags = 0x41)
0     ---O                                                                      (3 = 75.0%)
1     ... 
4053  -O                                                                        (1 = 25.0%) {75.0%}
5338  ... 

Histogram: Memory.DiscardableAllocationSize recorded 1 samples, mean = 4.0 (flags = 0x41)
0  ... 
4  -O                                                                        (1 = 100.0%) {0.0%}
5  ... 

Histogram: Memory.Experimental.AvailableMemoryMB recorded 83 samples, mean = 36726.3 (flags = 0x41)
0      ... 
28971  --------O                                                                 (8 = 9.6%) {0.0%}
31988  -------------------------------O                                          (31 = 37.3%) {9.6%}
35320  --------------------O                                                     (20 = 24.1%) {47.0%}
38998  ------------------------O                                                 (24 = 28.9%) {71.1%}
43060  ... 

Histogram: Memory.Experimental.AvailableMemoryPercent recorded 83 samples, mean = 57.7 (flags = 0x41)
0   ... 
47  -O                                                                        (1 = 1.2%) {0.0%}
48  -O                                                                        (1 = 1.2%) {1.2%}
49  -----O                                                                    (5 = 6.0%) {2.4%}
50  -O                                                                        (1 = 1.2%) {8.4%}
51  ----O                                                                     (4 = 4.8%) {9.6%}
52  ----------O                                                               (10 = 12.0%) {14.5%}
53  -------O                                                                  (7 = 8.4%) {26.5%}
54  ------O                                                                   (6 = 7.2%) {34.9%}
55  ----O                                                                     (4 = 4.8%) {42.2%}
56  -O                                                                        (1 = 1.2%) {47.0%}
57  -O                                                                        (1 = 1.2%) {48.2%}
58  -O                                                                        (1 = 1.2%) {49.4%}
59  -----O                                                                    (5 = 6.0%) {50.6%}
60  -----O                                                                    (5 = 6.0%) {56.6%}
61  -------O                                                                  (7 = 8.4%) {62.7%}
62  -O                                                                        (1 = 1.2%) {71.1%}
63  -O                                                                        (1 = 1.2%) {72.3%}
64  ------O                                                                   (6 = 7.2%) {73.5%}
65  ----O                                                                     (4 = 4.8%) {80.7%}
66  -----O                                                                    (5 = 6.0%) {85.5%}
67  ----O                                                                     (4 = 4.8%) {91.6%}
68  ---O                                                                      (3 = 3.6%) {96.4%}
69  ... 

Histogram: Memory.Experimental.Renderer.HighestPrivateMemoryFootprint.0to2min recorded 1 samples, mean = 82.0 (flags = 0x41)
0   ... 
75  -O                                                                        (1 = 100.0%) {0.0%}
84  ... 

Histogram: Memory.Experimental.Renderer.HighestPrivateMemoryFootprint.2to4min recorded 1 samples, mean = 62.0 (flags = 0x41)
0   ... 
60  -O                                                                        (1 = 100.0%) {0.0%}
67  ... 

Histogram: Memory.Experimental.Renderer.HighestPrivateMemoryFootprint.4to8min recorded 1 samples, mean = 63.0 (flags = 0x41)
0   ... 
60  -O                                                                        (1 = 100.0%) {0.0%}
67  ... 

Histogram: Memory.Experimental.Renderer.HighestPrivateMemoryFootprint.8to16min recorded 1 samples, mean = 62.0 (flags = 0x41)
0   ... 
60  -O                                                                        (1 = 100.0%) {0.0%}
67  ... 

Histogram: Memory.GPU.PeakMemoryAllocationSource2.PageLoad.SharedContextState recorded 1 samples, mean = 0.0 (flags = 0x41)
0  -O                                                                        (1 = 100.0%)
1  ... 

Histogram: Memory.GPU.PeakMemoryAllocationSource2.PageLoad.SharedImageStub recorded 1 samples, mean = 0.0 (flags = 0x41)
0  -O                                                                        (1 = 100.0%)
1  ... 

Histogram: Memory.GPU.PeakMemoryAllocationSource2.PageLoad.Skia recorded 1 samples, mean = 0.0 (flags = 0x41)
0  -O                                                                        (1 = 100.0%)
1  ... 

Histogram: Memory.GPU.PeakMemoryUsage2.PageLoad recorded 1 samples, mean = 0.0 (flags = 0x41)
0  -O                                                                        (1 = 100.0%)
1  ... 

Histogram: Memory.ParkableString.Compression.Latency recorded 18 samples, mean = 4200.9 (flags = 0x41)
0      ----O                                                                     (4 = 22.2%)
500    ... 
796    -O                                                                        (1 = 5.6%) {22.2%}
860    ... 
1085   -O                                                                        (1 = 5.6%) {27.8%}
1173   ... 
1728   -O                                                                        (1 = 5.6%) {33.3%}
1867   O                                                                         (0 = 0.0%) {38.9%}
2018   -O                                                                        (1 = 5.6%) {38.9%}
2181   -O                                                                        (1 = 5.6%) {44.4%}
2357   -O                                                                        (1 = 5.6%) {50.0%}
2547   -O                                                                        (1 = 5.6%) {55.6%}
2752   ... 
3214   -O                                                                        (1 = 5.6%) {61.1%}
3473   O                                                                         (0 = 0.0%) {66.7%}
3753   -O                                                                        (1 = 5.6%) {66.7%}
4056   ... 
4737   -O                                                                        (1 = 5.6%) {72.2%}
5119   ... 
10289  -O                                                                        (1 = 5.6%) {77.8%}
11119  -O                                                                        (1 = 5.6%) {83.3%}
12016  -O                                                                        (1 = 5.6%) {88.9%}
12985  -O                                                                        (1 = 5.6%) {94.4%}
14032  ... 

Histogram: Memory.ParkableString.Compression.SizeKb recorded 18 samples, mean = 267.9 (flags = 0x41)
0    ... 
14   -O                                                                        (1 = 5.6%) {0.0%}
16   ... 
20   -O                                                                        (1 = 5.6%) {5.6%}
23   O                                                                         (0 = 0.0%) {11.1%}
26   -O                                                                        (1 = 5.6%) {11.1%}
29   -O                                                                        (1 = 5.6%) {16.7%}
33   ... 
60   -O                                                                        (1 = 5.6%) {22.2%}
67   O                                                                         (0 = 0.0%) {27.8%}
75   -O                                                                        (1 = 5.6%) {27.8%}
84   -O                                                                        (1 = 5.6%) {33.3%}
95   O                                                                         (0 = 0.0%) {38.9%}
107  -O                                                                        (1 = 5.6%) {38.9%}
120  O                                                                         (0 = 0.0%) {44.4%}
135  -O                                                                        (1 = 5.6%) {44.4%}
152  O                                                                         (0 = 0.0%) {50.0%}
171  --O                                                                       (2 = 11.1%) {50.0%}
192  -O                                                                        (1 = 5.6%) {61.1%}
216  ... 
307  -O                                                                        (1 = 5.6%) {66.7%}
345  -O                                                                        (1 = 5.6%) {72.2%}
388  ... 
623  -O                                                                        (1 = 5.6%) {77.8%}
701  -O                                                                        (1 = 5.6%) {83.3%}
789  --O                                                                       (2 = 11.1%) {88.9%}
888  ... 

Histogram: Memory.ParkableString.Decompression.Latency recorded 3 samples, mean = 209.7 (flags = 0x41)
0  ---O                                                                      (3 = 100.0%)
500... 

Histogram: Memory.ParkableString.Decompression.ThroughputMBps recorded 3 samples, mean = 481.0 (flags = 0x41)
0    ... 
307  -O                                                                        (1 = 33.3%) {0.0%}
345  ... 
492  -O                                                                        (1 = 33.3%) {33.3%}
554  -O                                                                        (1 = 33.3%) {66.7%}
623  ... 

Histogram: Memory.ParkableString.DiskReadTime.5min recorded 1 samples, mean = 0.0 (flags = 0x41)
0  -O                                                                        (1 = 100.0%)
1  ... 

Histogram: Memory.ParkableString.DiskWriteTime.5min recorded 1 samples, mean = 10.0 (flags = 0x41)
0   ... 
10  -O                                                                        (1 = 100.0%) {0.0%}
12  ... 

Histogram: Memory.ParkableString.OnDiskSizeKb.5min recorded 1 samples, mean = 952.0 (flags = 0x41)
0    ... 
896  -O                                                                        (1 = 100.0%) {0.0%}
1122 ... 

Histogram: Memory.ParkableString.Read.Latency recorded 3 samples, mean = 36.3 (flags = 0x41)
0  ---O                                                                      (3 = 100.0%)
500... 

Histogram: Memory.ParkableString.TotalParkingThreadTime.5min recorded 1 samples, mean = 74.0 (flags = 0x41)
0   ... 
68  -O                                                                        (1 = 100.0%) {0.0%}
81  ... 

Histogram: Memory.ParkableString.TotalUnparkingTime.5min recorded 1 samples, mean = 0.0 (flags = 0x41)
0  -O                                                                        (1 = 100.0%)
1  ... 

Histogram: Memory.PartitionAlloc.MemoryReclaim recorded 9944 samples, mean = 401.5 (flags = 0x41)
0     ... 
65    -----------------O                                                        (501 = 5.0%) {0.0%}
86    --------------------------------------------------------O                 (1623 = 16.3%) {5.0%}
113   ------------------------------------------------------------------------O (2087 = 21.0%) {21.4%}
149   --------------------O                                                     (584 = 5.9%) {42.3%}
196   ----O                                                                     (111 = 1.1%) {48.2%}
258   -O                                                                        (30 = 0.3%) {49.3%}
340   ------O                                                                   (179 = 1.8%) {49.6%}
448   ------------------------------------------------------------O             (1747 = 17.6%) {51.4%}
590   -----------------------------------------------------------O              (1707 = 17.2%) {69.0%}
777   ---------------------------------------------O                            (1299 = 13.1%) {86.2%}
1023  -O                                                                        (34 = 0.3%) {99.2%}
1347  -O                                                                        (20 = 0.2%) {99.6%}
1774  O                                                                         (8 = 0.1%) {99.8%}
2336  O                                                                         (9 = 0.1%) {99.9%}
3077  O                                                                         (4 = 0.0%) {99.9%}
4053  O                                                                         (1 = 0.0%) {100.0%}
5338  ... 

Histogram: Memory.PartitionAlloc.PartitionRoot.ExtrasSize recorded 1 samples, mean = 4.0 (flags = 0x41)
0  ... 
4  -O                                                                        (1 = 100.0%) {0.0%}
5  ... 

Histogram: Memory.PartitionAlloc.PeriodicPurge recorded 1043 samples, mean = 28.9 (flags = 0x41)
0    ... 
4    -O                                                                        (4 = 0.4%) {0.0%}
5    --------------O                                                           (48 = 4.6%) {0.4%}
7    --------O                                                                 (28 = 2.7%) {5.0%}
9    --------O                                                                 (28 = 2.7%) {7.7%}
12   -------------------------O                                                (85 = 8.1%) {10.4%}
16   ----------------------------------------------O                           (154 = 14.8%) {18.5%}
21   ---------------------------------------------------------------------O    (232 = 22.2%) {33.3%}
28   ------------------------------------------------------------------------O (242 = 23.2%) {55.5%}
37   ---------------------------------O                                        (112 = 10.7%) {78.7%}
49   ---------------------O                                                    (70 = 6.7%) {89.5%}
65   -------O                                                                  (23 = 2.2%) {96.2%}
86   --O                                                                       (7 = 0.7%) {98.4%}
113  --O                                                                       (6 = 0.6%) {99.0%}
149  -O                                                                        (3 = 0.3%) {99.6%}
196  O                                                                         (1 = 0.1%) {99.9%}
258  ... 

Histogram: Memory.PressureLevel2 recorded 10045 samples, mean = 0.0 (flags = 0x41)
0  ------------------------------------------------------------------------O (10045 = 100.0%)
1  ... 

Histogram: Mojo.Channel.WriteReceiveMessageProcessType recorded 10 samples, mean = 2.6 (flags = 0x41)
0  ------O                                                                   (6 = 60.0%)
1  O                                                                         (0 = 0.0%) {60.0%}
2  -O                                                                        (1 = 10.0%) {60.0%}
3  ... 
6  -O                                                                        (1 = 10.0%) {70.0%}
7  ... 
9  --O                                                                       (2 = 20.0%) {80.0%}
10 ... 

Histogram: Mojo.InvalidUTF8String recorded 168 samples, mean = 0.0 (flags = 0x41)
0  ------------------------------------------------------------------------O (168 = 100.0%)
1  ... 

Histogram: NQE.ContentObserver.NetworkQualityMeaningfullyChanged recorded 16 samples, mean = 0.4 (flags = 0x40)
0  ---------O                                                                (9 = 56.2%)
1  -------O                                                                  (7 = 43.8%) {56.2%}
2  O                                                                         (0 = 0.0%) {100.0%}

Histogram: NQE.RTT.Error.Absolute recorded 50 samples, mean = 51.3 (flags = 0x41)
0    O                                                                         (0 = 0.0%)
1    --O                                                                       (2 = 4.0%) {0.0%}
2    ---O                                                                      (3 = 6.0%) {4.0%}
3    -O                                                                        (1 = 2.0%) {10.0%}
4    ... 
7    -O                                                                        (1 = 2.0%) {12.0%}
8    -----O                                                                    (5 = 10.0%) {14.0%}
10   ---O                                                                      (3 = 6.0%) {24.0%}
12   --------O                                                                 (8 = 16.0%) {30.0%}
14   -------O                                                                  (7 = 14.0%) {46.0%}
17   --O                                                                       (2 = 4.0%) {60.0%}
20   --O                                                                       (2 = 4.0%) {64.0%}
24   ----O                                                                     (4 = 8.0%) {68.0%}
29   ... 
48   -O                                                                        (1 = 2.0%) {76.0%}
57   -O                                                                        (1 = 2.0%) {78.0%}
68   O                                                                         (0 = 0.0%) {80.0%}
81   --O                                                                       (2 = 4.0%) {80.0%}
96   -O                                                                        (1 = 2.0%) {84.0%}
114  O                                                                         (0 = 0.0%) {86.0%}
135  -O                                                                        (1 = 2.0%) {86.0%}
160  -O                                                                        (1 = 2.0%) {88.0%}
190  ---O                                                                      (3 = 6.0%) {90.0%}
226  ... 
378  --O                                                                       (2 = 4.0%) {96.0%}
449  ... 

Histogram: NQE.RTT.Error.IsZero recorded 50 samples, mean = 0.0 (flags = 0x41)
0  --------------------------------------------------O                       (50 = 100.0%)
1  ... 

Histogram: NQE.RTT.Error.Negative recorded 14 samples, mean = 34.7 (flags = 0x41)
0   ... 
8   -O                                                                        (1 = 7.1%) {0.0%}
10  ... 
14  --O                                                                       (2 = 14.3%) {7.1%}
17  -O                                                                        (1 = 7.1%) {21.4%}
20  --O                                                                       (2 = 14.3%) {28.6%}
24  ----O                                                                     (4 = 28.6%) {42.9%}
29  ... 
48  -O                                                                        (1 = 7.1%) {71.4%}
57  -O                                                                        (1 = 7.1%) {78.6%}
68  O                                                                         (0 = 0.0%) {85.7%}
81  --O                                                                       (2 = 14.3%) {85.7%}
96  ... 

Histogram: NQE.RTT.Error.Positive recorded 36 samples, mean = 57.7 (flags = 0x41)
0    O                                                                         (0 = 0.0%)
1    --O                                                                       (2 = 5.6%) {0.0%}
2    ---O                                                                      (3 = 8.3%) {5.6%}
3    -O                                                                        (1 = 2.8%) {13.9%}
4    ... 
7    -O                                                                        (1 = 2.8%) {16.7%}
8    ----O                                                                     (4 = 11.1%) {19.4%}
10   ---O                                                                      (3 = 8.3%) {30.6%}
12   --------O                                                                 (8 = 22.2%) {38.9%}
14   -----O                                                                    (5 = 13.9%) {61.1%}
17   -O                                                                        (1 = 2.8%) {75.0%}
20   ... 
96   -O                                                                        (1 = 2.8%) {77.8%}
114  O                                                                         (0 = 0.0%) {80.6%}
135  -O                                                                        (1 = 2.8%) {80.6%}
160  -O                                                                        (1 = 2.8%) {83.3%}
190  ---O                                                                      (3 = 8.3%) {86.1%}
226  ... 
378  --O                                                                       (2 = 5.6%) {94.4%}
449  ... 

Histogram: NQE.RenderThreadNotified recorded 17 samples, mean = 1.0 (flags = 0x40)
0  O                                                                         (0 = 0.0%)
1  -----------------O                                                        (17 = 100.0%) {0.0%}
2  O                                                                         (0 = 0.0%) {100.0%}

Histogram: Navigation.BeginNavigationImpl.MainFrame recorded 2 samples, mean = 0.0 (flags = 0x41)
0  --O                                                                       (2 = 100.0%)
1  ... 

Histogram: Navigation.BrowserInitiatedSessionHistoryCount recorded 1 samples, mean = 0.0 (flags = 0x41)
0  -O                                                                        (1 = 100.0%)
1  ... 

Histogram: Navigation.CommitRenderFrame recorded 1 samples, mean = 8.0 (flags = 0x41)
0  ... 
8  -O                                                                        (1 = 100.0%) {0.0%}
10 ... 

Histogram: Navigation.CommitToCompositorCreation recorded 1 samples, mean = 76.0 (flags = 0x41)
0   ... 
60  -O                                                                        (1 = 100.0%) {0.0%}
78  ... 

Histogram: Navigation.CompositorRequestedBeforeCommit2 recorded 1 samples, mean = 0.0 (flags = 0x41)
0  -O                                                                        (1 = 100.0%)
1  ... 

Histogram: Navigation.CompositorRequestedBeforeSwapRFH2 recorded 1 samples, mean = 0.0 (flags = 0x41)
0  -O                                                                        (1 = 100.0%)
1  ... 

Histogram: Navigation.CreateSpeculativeRFH recorded 1 samples, mean = 6.0 (flags = 0x41)
0  ... 
6  -O                                                                        (1 = 100.0%) {0.0%}
7  ... 

Histogram: Navigation.DidCommitSameDocumentNavigation.Duration recorded 1 samples, mean = 0.0 (flags = 0x41)
0  -O                                                                        (1 = 100.0%)
1  ... 

Histogram: Navigation.DidStartLoading.MainFrame recorded 3 samples, mean = 0.0 (flags = 0x41)
0  ---O                                                                      (3 = 100.0%)
1  ... 

Histogram: Navigation.DidStartLoading.Subframe recorded 2 samples, mean = 0.0 (flags = 0x41)
0  --O                                                                       (2 = 100.0%)
1  ... 

Histogram: Navigation.EarlyRenderFrameHostSwapType recorded 6 samples, mean = 0.0 (flags = 0x41)
0  ------O                                                                   (6 = 100.0%)
1  ... 

Histogram: Navigation.EngagementTime.HTTPS recorded 1 samples, mean = 10043269.0 (flags = 0x41)
0        ... 
3600000  -O                                                                        (1 = 100.0%) {0.0%}

Histogram: Navigation.GetFrameHostForNavigation recorded 4 samples, mean = 6.0 (flags = 0x41)
0   --O                                                                       (2 = 50.0%)
1   ... 
6   -O                                                                        (1 = 25.0%) {50.0%}
7   ... 
17  -O                                                                        (1 = 25.0%) {75.0%}
20  ... 

Histogram: Navigation.GetFrameHostForNavigationTime.InDidCreateNavigationRequest.IsHTTPOrHTTPS recorded 3 samples, mean = 6170.3 (flags = 0x41)
0      ... 
76     -O                                                                        (1 = 33.3%) {0.0%}
105    -O                                                                        (1 = 33.3%) {33.3%}
146    ... 
14319  -O                                                                        (1 = 33.3%) {66.7%}
19866  ... 

Histogram: Navigation.IsGuest recorded 1 samples, mean = 0.0 (flags = 0x41)
0  -O                                                                        (1 = 100.0%)
1  ... 

Histogram: Navigation.IsLockedProcess recorded 1 samples, mean = 1.0 (flags = 0x41)
0  O                                                                         (0 = 0.0%)
1  -O                                                                        (1 = 100.0%) {0.0%}
2  O                                                                         (0 = 0.0%) {100.0%}

Histogram: Navigation.IsLockedProcess.HTTPOrHTTPS recorded 1 samples, mean = 1.0 (flags = 0x41)
0  O                                                                         (0 = 0.0%)
1  -O                                                                        (1 = 100.0%) {0.0%}
2  O                                                                         (0 = 0.0%) {100.0%}

Histogram: Navigation.IsProcessBackgrounded.OnCommit recorded 1 samples, mean = 0.0 (flags = 0x41)
0  -O                                                                        (1 = 100.0%)
1  ... 

Histogram: Navigation.IsProcessBackgrounded.OnDOMContentLoaded recorded 1 samples, mean = 0.0 (flags = 0x41)
0  -O                                                                        (1 = 100.0%)
1  ... 

Histogram: Navigation.IsSameBrowsingInstance recorded 1 samples, mean = 0.0 (flags = 0x41)
0  -O                                                                        (1 = 100.0%)
1  ... 

Histogram: Navigation.IsSameSiteInstance recorded 1 samples, mean = 0.0 (flags = 0x41)
0  -O                                                                        (1 = 100.0%)
1  ... 

Histogram: Navigation.IsSameSiteInstance.MainFrame recorded 1 samples, mean = 0.0 (flags = 0x41)
0  -O                                                                        (1 = 100.0%)
1  ... 

Histogram: Navigation.LoaderCreateToRequestStart.MainFrame recorded 1 samples, mean = 0.0 (flags = 0x41)
0  -O                                                                        (1 = 100.0%)
1  ... 

Histogram: Navigation.MainFrame.FrameCount recorded 1 samples, mean = 2.0 (flags = 0x41)
0  ... 
2  -O                                                                        (1 = 100.0%) {0.0%}
3  ... 

Histogram: Navigation.MainFrame.MaxFrameCount recorded 3 samples, mean = 2.0 (flags = 0x41)
0  O                                                                         (0 = 0.0%)
1  -O                                                                        (1 = 33.3%) {0.0%}
2  -O                                                                        (1 = 33.3%) {33.3%}
3  -O                                                                        (1 = 33.3%) {66.7%}
4  ... 

Histogram: Navigation.MainFrame.NewNavigation.IgnoreRestore.IsHTTPOrHTTPS.BeginNavigationToLoaderStart.Time2 recorded 1 samples, mean = 1.0 (flags = 0x41)
0  O                                                                         (0 = 0.0%)
1  -O                                                                        (1 = 100.0%) {0.0%}
2  ... 

Histogram: Navigation.MainFrame.NewNavigation.IgnoreRestore.IsHTTPOrHTTPS.FetchStart.Time2 recorded 1 samples, mean = 14.0 (flags = 0x41)
0   ... 
14  -O                                                                        (1 = 100.0%) {0.0%}
17  ... 

Histogram: Navigation.MainFrame.NewNavigation.IgnoreRestore.IsHTTPOrHTTPS.LoaderStartToFetchStart.Time2 recorded 1 samples, mean = 311.0 (flags = 0x41)
0    ... 
268  -O                                                                        (1 = 100.0%) {0.0%}
318  ... 

Histogram: Navigation.MainFrame.NewNavigation.IgnoreRestore.IsHTTPOrHTTPS.LoaderStartToReceiveResponse.Time2 recorded 1 samples, mean = 802.0 (flags = 0x41)
0    ... 
752  -O                                                                        (1 = 100.0%) {0.0%}
894  ... 

Histogram: Navigation.MainFrame.NewNavigation.IgnoreRestore.IsHTTPOrHTTPS.NavigationStartToBeginNavigation.Time2 recorded 1 samples, mean = 2313.0 (flags = 0x41)
0     ... 
2117  -O                                                                        (1 = 100.0%) {0.0%}
2516  ... 

Histogram: Navigation.MainFrame.NewNavigation.IgnoreRestore.IsHTTPOrHTTPS.ReceiveHeaders.Time2 recorded 1 samples, mean = 473.0 (flags = 0x41)
0    ... 
449  -O                                                                        (1 = 100.0%) {0.0%}
533  ... 

Histogram: Navigation.MainFrame.NewNavigation.IgnoreRestore.IsHTTPOrHTTPS.ReceiveHeadersToReceiveResponse.Time2 recorded 1 samples, mean = 3.0 (flags = 0x41)
0  ... 
3  -O                                                                        (1 = 100.0%) {0.0%}
4  ... 

Histogram: Navigation.MainFrame.NewNavigation.IgnoreRestore.IsHTTPOrHTTPS.ReceiveResponseToCommitNavigation.Time2 recorded 1 samples, mean = 8.0 (flags = 0x41)
0  ... 
8  -O                                                                        (1 = 100.0%) {0.0%}
10 ... 

Histogram: Navigation.MainFrame.RendererInitiated.InitiatorFramePresentAtStart recorded 1 samples, mean = 0.0 (flags = 0x41)
0  -O                                                                        (1 = 100.0%)
1  ... 

Histogram: Navigation.MainFrame.SiteEngagementLevel recorded 1 samples, mean = 0.0 (flags = 0x41)
0  -O                                                                        (1 = 100.0%)
1  ... 

Histogram: Navigation.MainFrame.ThirdPartyCookieBlockingEnabled recorded 2 samples, mean = 0.0 (flags = 0x41)
0  --O                                                                       (2 = 100.0%)
1  ... 

Histogram: Navigation.MainFrameHasRTLDomain2 recorded 2 samples, mean = 0.0 (flags = 0x41)
0  --O                                                                       (2 = 100.0%)
1  ... 

Histogram: Navigation.MainFrameHasRTLDomainDifferentPage2 recorded 1 samples, mean = 0.0 (flags = 0x41)
0  -O                                                                        (1 = 100.0%)
1  ... 

Histogram: Navigation.MainFrameProfileType2 recorded 2 samples, mean = 0.0 (flags = 0x41)
0  --O                                                                       (2 = 100.0%)
1  ... 

Histogram: Navigation.MainFrameScheme2 recorded 2 samples, mean = 2.0 (flags = 0x41)
0  ... 
2  --O                                                                       (2 = 100.0%) {0.0%}
3  ... 

Histogram: Navigation.MainFrameSchemeDifferentPage2 recorded 1 samples, mean = 2.0 (flags = 0x41)
0  ... 
2  -O                                                                        (1 = 100.0%) {0.0%}
3  ... 

Histogram: Navigation.OnBeforeUnloadOverheadTime recorded 2 samples, mean = 1161.5 (flags = 0x41)
0     ... 
10    -O                                                                        (1 = 50.0%) {0.0%}
12    ... 
2117  -O                                                                        (1 = 50.0%) {50.0%}
2516  ... 

Histogram: Navigation.OnBeforeUnloadTotalTime recorded 2 samples, mean = 0.0 (flags = 0x41)
0  --O                                                                       (2 = 100.0%)
1  ... 

Histogram: Navigation.OriginAgentCluster.Result recorded 1 samples, mean = 9.0 (flags = 0x41)
0  ... 
9  -O                                                                        (1 = 100.0%) {0.0%}
10 O                                                                         (0 = 0.0%) {100.0%}

Histogram: Navigation.PendingCommit.DidBlockGetFrameHostForNavigation.Regular recorded 1 samples, mean = 0.0 (flags = 0x41)
0  -O                                                                        (1 = 100.0%)
1  ... 

Histogram: Navigation.PendingCommit.Duration.Regular recorded 1 samples, mean = 9.0 (flags = 0x41)
0  ... 
8  -O                                                                        (1 = 100.0%) {0.0%}
10 ... 

Histogram: Navigation.Preconnect.PreresolveJobQueueLength recorded 14 samples, mean = 0.5 (flags = 0x41)
0  -------O                                                                  (7 = 50.0%)
1  -------O                                                                  (7 = 50.0%) {50.0%}
2  ... 

Histogram: Navigation.Preconnect.PreresolveJobQueueingTime recorded 7 samples, mean = 0.0 (flags = 0x41)
0  -------O                                                                  (7 = 100.0%)
1  ... 

Histogram: Navigation.Preconnect.ProxyLookupCallbackQueueingTime recorded 7 samples, mean = 131.3 (flags = 0x41)
0    -O                                                                        (1 = 14.3%)
1    ... 
6    -O                                                                        (1 = 14.3%) {14.3%}
7    -O                                                                        (1 = 14.3%) {28.6%}
8    -O                                                                        (1 = 14.3%) {42.9%}
10   ... 
268  --O                                                                       (2 = 28.6%) {57.1%}
318  -O                                                                        (1 = 14.3%) {85.7%}
378  ... 

Histogram: Navigation.Preconnect.ProxyLookupLatency recorded 7 samples, mean = 475.3 (flags = 0x41)
0     -O                                                                        (1 = 14.3%)
1     ... 
7     -O                                                                        (1 = 14.3%) {14.3%}
8     --O                                                                       (2 = 28.6%) {28.6%}
10    ... 
268   -O                                                                        (1 = 14.3%) {57.1%}
318   -O                                                                        (1 = 14.3%) {71.4%}
378   ... 
2516  -O                                                                        (1 = 14.3%) {85.7%}
2990  ... 

Histogram: Navigation.Preconnect.ResolveHostCallbackQueueingTime recorded 7 samples, mean = 49.0 (flags = 0x41)
0    --O                                                                       (2 = 28.6%)
1    O                                                                         (0 = 0.0%) {28.6%}
2    --O                                                                       (2 = 28.6%) {28.6%}
3    -O                                                                        (1 = 14.3%) {57.1%}
4    -O                                                                        (1 = 14.3%) {71.4%}
5    ... 
318  -O                                                                        (1 = 14.3%) {85.7%}
378  ... 

Histogram: Navigation.Preconnect.ResolveHostLatency recorded 7 samples, mean = 51.3 (flags = 0x41)
0    --O                                                                       (2 = 28.6%)
1    O                                                                         (0 = 0.0%) {28.6%}
2    --O                                                                       (2 = 28.6%) {28.6%}
3    ... 
8    -O                                                                        (1 = 14.3%) {57.1%}
10   ... 
14   -O                                                                        (1 = 14.3%) {71.4%}
17   ... 
318  -O                                                                        (1 = 14.3%) {85.7%}
378  ... 

Histogram: Navigation.ProcessNavigationThrottlesTime.WillStartRequest.MainFrame recorded 2 samples, mean = 1.5 (flags = 0x41)
0  -O                                                                        (1 = 50.0%)
1  ... 
3  -O                                                                        (1 = 50.0%) {50.0%}
4  ... 

Histogram: Navigation.QueueTime.OnReceiveRedirect.MainFrame recorded 1 samples, mean = 1.0 (flags = 0x41)
0  O                                                                         (0 = 0.0%)
1  -O                                                                        (1 = 100.0%) {0.0%}
2  ... 

Histogram: Navigation.QueueTime.OnReceiveResponse.MainFrame recorded 1 samples, mean = 2.0 (flags = 0x41)
0  ... 
2  -O                                                                        (1 = 100.0%) {0.0%}
3  ... 

Histogram: Navigation.ReadyToCommitUntilCommit2 recorded 1 samples, mean = 9.0 (flags = 0x41)
0  ... 
8  -O                                                                        (1 = 100.0%) {0.0%}
10 ... 

Histogram: Navigation.ReadyToCommitUntilCommit2.ForegroundProcessPriority recorded 1 samples, mean = 9.0 (flags = 0x41)
0  ... 
8  -O                                                                        (1 = 100.0%) {0.0%}
10 ... 

Histogram: Navigation.ReadyToCommitUntilCommit2.NewNavigation recorded 1 samples, mean = 9.0 (flags = 0x41)
0  ... 
8  -O                                                                        (1 = 100.0%) {0.0%}
10 ... 

Histogram: Navigation.RegisterNavigationThrottlesTime.MainFrame recorded 2 samples, mean = 0.0 (flags = 0x41)
0  --O                                                                       (2 = 100.0%)
1  ... 

Histogram: Navigation.RenderFrameDelete recorded 1 samples, mean = 1.0 (flags = 0x41)
0  O                                                                         (0 = 0.0%)
1  -O                                                                        (1 = 100.0%) {0.0%}
2  ... 

Histogram: Navigation.RenderFrameHostConstructor recorded 4 samples, mean = 0.0 (flags = 0x41)
0  ----O                                                                     (4 = 100.0%)
1  ... 

Histogram: Navigation.RenderFrameHostDestructor recorded 4 samples, mean = 0.2 (flags = 0x41)
0  ---O                                                                      (3 = 75.0%)
1  -O                                                                        (1 = 25.0%) {75.0%}
2  ... 

Histogram: Navigation.RenderViewHostConstructor recorded 2 samples, mean = 0.0 (flags = 0x41)
0  --O                                                                       (2 = 100.0%)
1  ... 

Histogram: Navigation.RenderViewHostDestructor recorded 2 samples, mean = 0.0 (flags = 0x41)
0  --O                                                                       (2 = 100.0%)
1  ... 

Histogram: Navigation.RenderWidgetHostConstructor recorded 2 samples, mean = 0.0 (flags = 0x41)
0  --O                                                                       (2 = 100.0%)
1  ... 

Histogram: Navigation.RenderWidgetHostDestructor recorded 2 samples, mean = 0.0 (flags = 0x41)
0  --O                                                                       (2 = 100.0%)
1  ... 

Histogram: Navigation.RendererCommitDelay.MainFrame recorded 1 samples, mean = 2.0 (flags = 0x41)
0  ... 
2  -O                                                                        (1 = 100.0%) {0.0%}
3  ... 

Histogram: Navigation.RendererCommitQueueTime.MainFrame recorded 1 samples, mean = 2.0 (flags = 0x41)
0  ... 
2  -O                                                                        (1 = 100.0%) {0.0%}
3  ... 

Histogram: Navigation.RendererDidNavigateTime.MainFrame recorded 1 samples, mean = 0.0 (flags = 0x41)
0  -O                                                                        (1 = 100.0%)
1  ... 

Histogram: Navigation.RendererDidNavigateTime.Subframe recorded 2 samples, mean = 0.0 (flags = 0x41)
0  --O                                                                       (2 = 100.0%)
1  ... 

Histogram: Navigation.RequiresDedicatedProcess recorded 1 samples, mean = 1.0 (flags = 0x41)
0  O                                                                         (0 = 0.0%)
1  -O                                                                        (1 = 100.0%) {0.0%}
2  O                                                                         (0 = 0.0%) {100.0%}

Histogram: Navigation.RequiresDedicatedProcess.HTTPOrHTTPS recorded 1 samples, mean = 1.0 (flags = 0x41)
0  O                                                                         (0 = 0.0%)
1  -O                                                                        (1 = 100.0%) {0.0%}
2  O                                                                         (0 = 0.0%) {100.0%}

Histogram: Navigation.SameDocumentNavigationWithScreenshot recorded 1 samples, mean = 0.0 (flags = 0x41)
0  -O                                                                        (1 = 100.0%)
1  ... 

Histogram: Navigation.SendCommitNavigationTime.MainFrame recorded 1 samples, mean = 0.0 (flags = 0x41)
0  -O                                                                        (1 = 100.0%)
1  ... 

Histogram: Navigation.StartToCommit recorded 3 samples, mean = 1044.7 (flags = 0x41)
0     --O                                                                       (2 = 66.7%)
1     ... 
3069  -O                                                                        (1 = 33.3%) {66.7%}
3900  ... 

Histogram: Navigation.StartToCommit.CrossProcess recorded 1 samples, mean = 3134.0 (flags = 0x41)
0     ... 
3069  -O                                                                        (1 = 100.0%) {0.0%}
3900  ... 

Histogram: Navigation.StartToCommit.CrossProcess.ForegroundProcessPriority recorded 1 samples, mean = 3134.0 (flags = 0x41)
0     ... 
3069  -O                                                                        (1 = 100.0%) {0.0%}
3900  ... 

Histogram: Navigation.StartToCommit.CrossProcess.MainFrame recorded 1 samples, mean = 3134.0 (flags = 0x41)
0     ... 
3069  -O                                                                        (1 = 100.0%) {0.0%}
3900  ... 

Histogram: Navigation.StartToCommit.CrossProcess.MainFrame.ForegroundProcessPriority recorded 1 samples, mean = 3134.0 (flags = 0x41)
0     ... 
3069  -O                                                                        (1 = 100.0%) {0.0%}
3900  ... 

Histogram: Navigation.StartToCommit.CrossProcess.MainFrame.NewNavigation recorded 1 samples, mean = 3134.0 (flags = 0x41)
0     ... 
3069  -O                                                                        (1 = 100.0%) {0.0%}
3900  ... 

Histogram: Navigation.StartToCommit.CrossProcess.NewNavigation recorded 1 samples, mean = 3134.0 (flags = 0x41)
0     ... 
3069  -O                                                                        (1 = 100.0%) {0.0%}
3900  ... 

Histogram: Navigation.StartToCommit.ForegroundProcessPriority recorded 3 samples, mean = 1044.7 (flags = 0x41)
0     --O                                                                       (2 = 66.7%)
1     ... 
3069  -O                                                                        (1 = 33.3%) {66.7%}
3900  ... 

Histogram: Navigation.StartToCommit.MainFrame recorded 1 samples, mean = 3134.0 (flags = 0x41)
0     ... 
3069  -O                                                                        (1 = 100.0%) {0.0%}
3900  ... 

Histogram: Navigation.StartToCommit.MainFrame.ForegroundProcessPriority recorded 1 samples, mean = 3134.0 (flags = 0x41)
0     ... 
3069  -O                                                                        (1 = 100.0%) {0.0%}
3900  ... 

Histogram: Navigation.StartToCommit.MainFrame.NewNavigation recorded 1 samples, mean = 3134.0 (flags = 0x41)
0     ... 
3069  -O                                                                        (1 = 100.0%) {0.0%}
3900  ... 

Histogram: Navigation.StartToCommit.NewNavigation recorded 3 samples, mean = 1044.7 (flags = 0x41)
0     --O                                                                       (2 = 66.7%)
1     ... 
3069  -O                                                                        (1 = 33.3%) {66.7%}
3900  ... 

Histogram: Navigation.StartToCommit.SameProcess recorded 2 samples, mean = 0.0 (flags = 0x41)
0  --O                                                                       (2 = 100.0%)
1  ... 

Histogram: Navigation.StartToCommit.SameProcess.ForegroundProcessPriority recorded 2 samples, mean = 0.0 (flags = 0x41)
0  --O                                                                       (2 = 100.0%)
1  ... 

Histogram: Navigation.StartToCommit.SameProcess.NewNavigation recorded 2 samples, mean = 0.0 (flags = 0x41)
0  --O                                                                       (2 = 100.0%)
1  ... 

Histogram: Navigation.StartToCommit.SameProcess.Subframe recorded 2 samples, mean = 0.0 (flags = 0x41)
0  --O                                                                       (2 = 100.0%)
1  ... 

Histogram: Navigation.StartToCommit.SameProcess.Subframe.ForegroundProcessPriority recorded 2 samples, mean = 0.0 (flags = 0x41)
0  --O                                                                       (2 = 100.0%)
1  ... 

Histogram: Navigation.StartToCommit.SameProcess.Subframe.NewNavigation recorded 2 samples, mean = 0.0 (flags = 0x41)
0  --O                                                                       (2 = 100.0%)
1  ... 

Histogram: Navigation.StartToCommit.Subframe recorded 2 samples, mean = 0.0 (flags = 0x41)
0  --O                                                                       (2 = 100.0%)
1  ... 

Histogram: Navigation.StartToCommit.Subframe.ForegroundProcessPriority recorded 2 samples, mean = 0.0 (flags = 0x41)
0  --O                                                                       (2 = 100.0%)
1  ... 

Histogram: Navigation.StartToCommit.Subframe.NewNavigation recorded 2 samples, mean = 0.0 (flags = 0x41)
0  --O                                                                       (2 = 100.0%)
1  ... 

Histogram: Navigation.SuddenTerminationDisabler.AllOrigins recorded 1 samples, mean = 13.0 (flags = 0x41)
0   ... 
13  -O                                                                        (1 = 100.0%) {0.0%}
14  ... 

Histogram: Navigation.SuddenTerminationDisabler.SameOrigin recorded 1 samples, mean = 13.0 (flags = 0x41)
0   ... 
13  -O                                                                        (1 = 100.0%) {0.0%}
14  ... 

Histogram: Navigation.SwapRFHToCompositorCreation recorded 1 samples, mean = 71.0 (flags = 0x41)
0   ... 
60  -O                                                                        (1 = 100.0%) {0.0%}
78  ... 

Histogram: Navigation.ThrottleCount recorded 2 samples, mean = 20.0 (flags = 0x41)
0   ... 
20  --O                                                                       (2 = 100.0%) {0.0%}
21  ... 

Histogram: Navigation.ThrottleEventDurationTime.WillProcessResponse recorded 1 samples, mean = 0.0 (flags = 0x41)
0  -O                                                                        (1 = 100.0%)
1  ... 

Histogram: Navigation.ThrottleEventDurationTime.WillRedirectRequest recorded 1 samples, mean = 0.0 (flags = 0x41)
0  -O                                                                        (1 = 100.0%)
1  ... 

Histogram: Navigation.ThrottleEventDurationTime.WillStartRequest recorded 2 samples, mean = 1.0 (flags = 0x41)
0  -O                                                                        (1 = 50.0%)
1  O                                                                         (0 = 0.0%) {50.0%}
2  -O                                                                        (1 = 50.0%) {50.0%}
3  ... 

Histogram: Navigation.ThrottleEventExecutionTime.WillProcessResponse recorded 1 samples, mean = 0.0 (flags = 0x41)
0  -O                                                                        (1 = 100.0%)
1  ... 

Histogram: Navigation.ThrottleEventExecutionTime.WillRedirectRequest recorded 1 samples, mean = 0.0 (flags = 0x41)
0  -O                                                                        (1 = 100.0%)
1  ... 

Histogram: Navigation.ThrottleEventExecutionTime.WillStartRequest recorded 2 samples, mean = 1.0 (flags = 0x41)
0  -O                                                                        (1 = 50.0%)
1  O                                                                         (0 = 0.0%) {50.0%}
2  -O                                                                        (1 = 50.0%) {50.0%}
3  ... 

Histogram: Navigation.ThrottleExecutionTime.WillProcessResponse recorded 20 samples, mean = 0.0 (flags = 0x41)
0  --------------------O                                                     (20 = 100.0%)
1  ... 

Histogram: Navigation.ThrottleExecutionTime.WillRedirectRequest recorded 20 samples, mean = 0.0 (flags = 0x41)
0  --------------------O                                                     (20 = 100.0%)
1  ... 

Histogram: Navigation.ThrottleExecutionTime.WillStartRequest recorded 40 samples, mean = 0.1 (flags = 0x41)
0  ---------------------------------------O                                  (39 = 97.5%)
1  O                                                                         (0 = 0.0%) {97.5%}
2  -O                                                                        (1 = 2.5%) {97.5%}
3  ... 

Histogram: Navigation.ThrottleTotalDeferCount recorded 5 samples, mean = 0.0 (flags = 0x41)
0  -----O                                                                    (5 = 100.0%)
1  ... 

Histogram: Navigation.ThrottleTotalDeferCount.Request recorded 5 samples, mean = 0.0 (flags = 0x41)
0  -----O                                                                    (5 = 100.0%)
1  ... 

Histogram: Navigation.ThrottleTotalDeferTime recorded 5 samples, mean = 0.0 (flags = 0x41)
0  -----O                                                                    (5 = 100.0%)
1  ... 

Histogram: Navigation.ThrottleTotalDeferTime.Request recorded 5 samples, mean = 0.0 (flags = 0x41)
0  -----O                                                                    (5 = 100.0%)
1  ... 

Histogram: Navigation.Throttles.PolicyBlocklist.DeferDurationTime recorded 2 samples, mean = 0.0 (flags = 0x41)
0  --O                                                                       (2 = 100.0%)
1  ... 

Histogram: Navigation.Throttles.PolicyBlocklist.RequestThrottleAction recorded 2 samples, mean = 2.5 (flags = 0x41)
0  O                                                                         (0 = 0.0%)
1  -O                                                                        (1 = 50.0%) {0.0%}
2  ... 
4  -O                                                                        (1 = 50.0%) {50.0%}
5  ... 

Histogram: Navigation.Throttles.PolicyBlocklist.RequestToResponseTime recorded 1 samples, mean = 0.0 (flags = 0x41)
0  -O                                                                        (1 = 100.0%)
1  ... 

Histogram: Navigation.TimeToReadyToCommit2 recorded 1 samples, mean = 3124.0 (flags = 0x41)
0     ... 
3069  -O                                                                        (1 = 100.0%) {0.0%}
3900  ... 

Histogram: Navigation.TimeToReadyToCommit2.CrossProcess recorded 1 samples, mean = 3124.0 (flags = 0x41)
0     ... 
3069  -O                                                                        (1 = 100.0%) {0.0%}
3900  ... 

Histogram: Navigation.TimeToReadyToCommit2.CrossProcess.NewNavigation recorded 1 samples, mean = 3124.0 (flags = 0x41)
0     ... 
3069  -O                                                                        (1 = 100.0%) {0.0%}
3900  ... 

Histogram: Navigation.TimeToReadyToCommit2.MainFrame recorded 1 samples, mean = 3124.0 (flags = 0x41)
0     ... 
3069  -O                                                                        (1 = 100.0%) {0.0%}
3900  ... 

Histogram: Navigation.TimeToReadyToCommit2.MainFrame.NewNavigation recorded 1 samples, mean = 3124.0 (flags = 0x41)
0     ... 
3069  -O                                                                        (1 = 100.0%) {0.0%}
3900  ... 

Histogram: Navigation.TimeToReadyToCommit2.NewNavigation recorded 1 samples, mean = 3124.0 (flags = 0x41)
0     ... 
3069  -O                                                                        (1 = 100.0%) {0.0%}
3900  ... 

Histogram: Navigation.Unload recorded 1 samples, mean = 0.0 (flags = 0x41)
0  -O                                                                        (1 = 100.0%)
1  ... 

Histogram: Navigation.UserAgentStringType recorded 4 samples, mean = 1.0 (flags = 0x41)
0  O                                                                         (0 = 0.0%)
1  ----O                                                                     (4 = 100.0%) {0.0%}
2  ... 

Histogram: Navigation.WillStartRequestToLoaderStart.MainFrame recorded 2 samples, mean = 1.5 (flags = 0x41)
0  -O                                                                        (1 = 50.0%)
1  ... 
3  -O                                                                        (1 = 50.0%) {50.0%}
4  ... 

Histogram: NavigationPredictor.SearchEnginePreconnector.IsBrowserAppLikelyInForeground recorded 167 samples, mean = 0.0 (flags = 0x41)
0  ------------------------------------------------------------------------O (165 = 98.8%)
1  -O                                                                        (2 = 1.2%) {98.8%}
2  O                                                                         (0 = 0.0%) {100.0%}

Histogram: NavigationSuggestion.GetDomainInfoDelayBeforeAllowingNavigation recorded 1 samples, mean = 0.0 (flags = 0x41)
0  -O                                                                        (1 = 100.0%)
1  ... 

Histogram: NavigationSuggestion.IsLookalikeUrlDelayBeforeAllowingNavigation recorded 1 samples, mean = 0.0 (flags = 0x41)
0  -O                                                                        (1 = 100.0%)
1  ... 

Histogram: NavigationSuggestion.PerformChecksDelayBeforeAllowingNavigation recorded 1 samples, mean = 0.0 (flags = 0x41)
0  -O                                                                        (1 = 100.0%)
1  ... 

Histogram: Net.AlternateProtocolUsage recorded 125 samples, mean = 3.3 (flags = 0x41)
0  -------O                                                                  (7 = 5.6%)
1  ---------------------------------------------------------------O          (63 = 50.4%) {5.6%}
2  --O                                                                       (2 = 1.6%) {56.0%}
3  ------O                                                                   (6 = 4.8%) {57.6%}
4  ... 
6  -O                                                                        (1 = 0.8%) {62.4%}
7  ----------------------------------------------O                           (46 = 36.8%) {63.2%}
8  O                                                                         (0 = 0.0%) {100.0%}

Histogram: Net.AlternateProtocolUsageGoogle recorded 71 samples, mean = 1.5 (flags = 0x41)
0  O                                                                         (0 = 0.0%)
1  --------------------------------------------------------------O           (62 = 87.3%) {0.0%}
2  -O                                                                        (1 = 1.4%) {87.3%}
3  ----O                                                                     (4 = 5.6%) {88.7%}
4  ... 
7  ----O                                                                     (4 = 5.6%) {94.4%}
8  O                                                                         (0 = 0.0%) {100.0%}

Histogram: Net.AlternativeServiceTypeForRequest recorded 128 samples, mean = 0.6 (flags = 0x41)
0  ------------------------------------------------------O                   (55 = 43.0%)
1  ------------------------------------------------------------------------O (73 = 57.0%) {43.0%}
2  ... 

Histogram: Net.CertVerifier.PathBuilderIterationCount recorded 21 samples, mean = 2.0 (flags = 0x41)
0  ... 
2  ---------------------O                                                    (21 = 100.0%) {0.0%}
3  ... 

Histogram: Net.CertVerifier_First_Job_Latency recorded 2 samples, mean = 343.0 (flags = 0x41)
0    ... 
164  -O                                                                        (1 = 50.0%) {0.0%}
186  ... 
505  -O                                                                        (1 = 50.0%) {50.0%}
572  ... 

Histogram: Net.CertVerifier_Job_Latency recorded 21 samples, mean = 183.9 (flags = 0x41)
0    ... 
3    --O                                                                       (2 = 9.5%) {0.0%}
4    ... 
9    -O                                                                        (1 = 4.8%) {9.5%}
10   ---O                                                                      (3 = 14.3%) {14.3%}
11   -O                                                                        (1 = 4.8%) {28.6%}
12   -O                                                                        (1 = 4.8%) {33.3%}
14   ----O                                                                     (4 = 19.0%) {38.1%}
16   ... 
20   --O                                                                       (2 = 9.5%) {57.1%}
23   ... 
164  -O                                                                        (1 = 4.8%) {66.7%}
186  ... 
446  -O                                                                        (1 = 4.8%) {71.4%}
505  --O                                                                       (2 = 9.5%) {76.2%}
572  O                                                                         (0 = 0.0%) {85.7%}
648  ---O                                                                      (3 = 14.3%) {85.7%}
734  ... 

Histogram: Net.Certificate.TrustAnchor.Request recorded 119 samples (flags = 0x41)
200  -O                                                                        (1 = 0.8%)
210  -------------------------------------O                                    (40 = 33.6%)
486  ------------------------------------------------------------------------O (78 = 65.5%)

Histogram: Net.Certificate.TrustAnchor.Verify recorded 21 samples (flags = 0x41)
200  -O                                                                        (1 = 4.8%)
210  ---O                                                                      (3 = 14.3%)
486  -----------------O                                                        (17 = 81.0%)

Histogram: Net.ConnectionInfo.MainFrame recorded 1 samples, mean = 4.0 (flags = 0x41)
0  ... 
4  -O                                                                        (1 = 100.0%) {0.0%}
5  ... 

Histogram: Net.ConnectionInfo.SubResource recorded 48 samples, mean = 9.9 (flags = 0x41)
0   O                                                                         (0 = 0.0%)
1   -O                                                                        (1 = 2.1%) {0.0%}
2   ... 
4   ---------------------------------------O                                  (39 = 81.2%) {2.1%}
5   ... 
40  --------O                                                                 (8 = 16.7%) {83.3%}
41  ... 

Histogram: Net.ContentEncodingType recorded 116 samples, mean = 0.4 (flags = 0x41)
0  ------------------------------------------------------------------------O (77 = 66.4%)
1  --------------------------------O                                         (34 = 29.3%) {66.4%}
2  -----O                                                                    (5 = 4.3%) {95.7%}
3  ... 

Histogram: Net.Cors.AccessCheckResult recorded 9 samples, mean = 0.0 (flags = 0x41)
0  ---------O                                                                (9 = 100.0%)
1  ... 

Histogram: Net.DNS.DnsConfig.DnsClientCapability recorded 141 samples, mean = 1.0 (flags = 0x41)
0  O                                                                         (0 = 0.0%)
1  ------------------------------------------------------------------------O (141 = 100.0%) {0.0%}
2  ... 

Histogram: Net.DNS.DnsConfig.SecureDnsMode recorded 1 samples, mean = 4.0 (flags = 0x41)
0  ... 
4  -O                                                                        (1 = 100.0%) {0.0%}
5  ... 

Histogram: Net.DNS.DnsConfig.Windows.Compatibility recorded 5 samples, mean = 0.0 (flags = 0x41)
0  -----O                                                                    (5 = 100.0%)
1  ... 

Histogram: Net.DNS.DnsConfig.Windows.ReadSystemSettings0 recorded 4 samples, mean = 0.0 (flags = 0x41)
0  ----O                                                                     (4 = 100.0%)
1  ... 

Histogram: Net.DNS.DnsHosts.Count recorded 1 samples, mean = 0.0 (flags = 0x41)
0  -O                                                                        (1 = 100.0%)
1  ... 

Histogram: Net.DNS.DnsHosts.EstimateMemoryUsage recorded 1 samples, mean = 0.0 (flags = 0x41)
0  -O                                                                        (1 = 100.0%)
1000... 

Histogram: Net.DNS.DnsHosts.FileSize recorded 1 samples, mean = 824.0 (flags = 0x41)
0    ... 
737  -O                                                                        (1 = 100.0%) {0.0%}
1065 ... 

Histogram: Net.DNS.DnsTask.SuccessTime recorded 73 samples, mean = 6.5 (flags = 0x41)
0    ... 
3    ----------O                                                               (10 = 13.7%) {0.0%}
4    --------------------------------------O                                   (38 = 52.1%) {13.7%}
5    ---------------O                                                          (15 = 20.5%) {65.8%}
6    ---O                                                                      (3 = 4.1%) {86.3%}
7    O                                                                         (0 = 0.0%) {90.4%}
8    --O                                                                       (2 = 2.7%) {90.4%}
9    --O                                                                       (2 = 2.7%) {93.2%}
10   -O                                                                        (1 = 1.4%) {95.9%}
12   ... 
50   -O                                                                        (1 = 1.4%) {97.3%}
58   ... 
103  -O                                                                        (1 = 1.4%) {98.6%}
119  ... 

Histogram: Net.DNS.DnsTask.SvcbHttpsTransactionError recorded 69 samples, mean = 0.0 (flags = 0x41)
0  ---------------------------------------------------------------------O    (69 = 100.0%)
1  ... 

Histogram: Net.DNS.DnsTransaction.AttemptType recorded 154 samples, mean = 0.0 (flags = 0x41)
0  ------------------------------------------------------------------------O (154 = 100.0%)
1  ... 

Histogram: Net.DNS.DnsTransaction.Insecure.Other.SuccessTime recorded 142 samples, mean = 4.8 (flags = 0x41)
0   ... 
3   -------------------------------------------------------------O            (61 = 43.0%) {0.0%}
4   --------------------------------------------------------O                 (56 = 39.4%) {43.0%}
5   ----------------O                                                         (16 = 11.3%) {82.4%}
6   ---O                                                                      (3 = 2.1%) {93.7%}
8   ---O                                                                      (3 = 2.1%) {95.8%}
10  O                                                                         (0 = 0.0%) {97.9%}
13  -O                                                                        (1 = 0.7%) {97.9%}
16  ... 
41  -O                                                                        (1 = 0.7%) {98.6%}
52  ... 
84  -O                                                                        (1 = 0.7%) {99.3%}
107 ... 

Histogram: Net.DNS.H3SupportedGoogleHost.TaskTypeMetadataAvailability2 recorded 1 samples, mean = 3.0 (flags = 0x41)
0  ... 
3  -O                                                                        (1 = 100.0%) {0.0%}
4  ... 

Histogram: Net.DNS.HTTPSSVC.RecordHttps.Insecure.ExpectNoerror.DnsRcode recorded 73 samples, mean = 2.8 (flags = 0x41)
0  ----O                                                                     (4 = 5.5%)
1  ... 
3  ---------------------------------------------------------------------O    (69 = 94.5%) {5.5%}
4  ... 

Histogram: Net.DNS.HTTPSSVC.RecordHttps.Insecure.ExpectNoerror.Parsable recorded 4 samples, mean = 1.0 (flags = 0x41)
0  O                                                                         (0 = 0.0%)
1  ----O                                                                     (4 = 100.0%) {0.0%}
2  O                                                                         (0 = 0.0%) {100.0%}

Histogram: Net.DNS.HTTPSSVC.RecordHttps.Insecure.ExpectNoerror.ResolveTimeAddress recorded 73 samples, mean = 5.6 (flags = 0x41)
0   ... 
3   ---------------------------O                                              (27 = 37.0%) {0.0%}
4   -------------------------------O                                          (31 = 42.5%) {37.0%}
5   -----------O                                                              (11 = 15.1%) {79.5%}
6   -O                                                                        (1 = 1.4%) {94.5%}
8   -O                                                                        (1 = 1.4%) {95.9%}
10  ... 
41  -O                                                                        (1 = 1.4%) {97.3%}
52  ... 
84  -O                                                                        (1 = 1.4%) {98.6%}
107 ... 

Histogram: Net.DNS.HTTPSSVC.RecordHttps.Insecure.ExpectNoerror.ResolveTimeExperimental recorded 73 samples, mean = 5.8 (flags = 0x41)
0    ... 
3    --------------------O                                                     (20 = 27.4%) {0.0%}
4    ------------------------------------O                                     (36 = 49.3%) {27.4%}
5    --------O                                                                 (8 = 11.0%) {76.7%}
6    --O                                                                       (2 = 2.7%) {87.7%}
8    ----O                                                                     (4 = 5.5%) {90.4%}
10   -O                                                                        (1 = 1.4%) {95.9%}
13   O                                                                         (0 = 0.0%) {97.3%}
16   -O                                                                        (1 = 1.4%) {97.3%}
20   ... 
107  -O                                                                        (1 = 1.4%) {98.6%}
136  ... 

Histogram: Net.DNS.HTTPSSVC.RecordHttps.Insecure.ExpectNoerror.ResolveTimeRatio recorded 73 samples, mean = 10.4 (flags = 0x41)
0   ... 
3   -O                                                                        (1 = 1.4%) {0.0%}
4   ... 
6   -O                                                                        (1 = 1.4%) {1.4%}
7   -----O                                                                    (5 = 6.8%) {2.7%}
8   ------O                                                                   (6 = 8.2%) {9.6%}
9   ---------------O                                                          (15 = 20.5%) {17.8%}
10  -----------------------O                                                  (23 = 31.5%) {38.4%}
11  ----------O                                                               (10 = 13.7%) {69.9%}
12  -----O                                                                    (5 = 6.8%) {83.6%}
13  -O                                                                        (1 = 1.4%) {90.4%}
14  ... 
16  -O                                                                        (1 = 1.4%) {91.8%}
17  -O                                                                        (1 = 1.4%) {93.2%}
18  O                                                                         (0 = 0.0%) {94.5%}
19  -O                                                                        (1 = 1.4%) {94.5%}
20  ---O                                                                      (3 = 4.1%) {95.9%}

Histogram: Net.DNS.JobQueueTime.PerTransaction recorded 146 samples, mean = 0.0 (flags = 0x41)
0  ------------------------------------------------------------------------O (146 = 100.0%)
1  ... 

Histogram: Net.DNS.JobQueueTime.Success recorded 73 samples, mean = 0.0 (flags = 0x41)
0  ------------------------------------------------------------------------O (73 = 100.0%)
1  ... 

Histogram: Net.DNS.Request.TotalTime recorded 381 samples, mean = 1.4 (flags = 0x41)
0   ------------------------------------------------------------------------O (376 = 98.7%)
10  O                                                                         (2 = 0.5%) {98.7%}
12  O                                                                         (1 = 0.3%) {99.2%}
15  ... 
50  O                                                                         (1 = 0.3%) {99.5%}
61  ... 
92  O                                                                         (1 = 0.3%) {99.7%}
113 ... 

Histogram: Net.DNS.Request.TotalTimeAsync recorded 82 samples, mean = 6.5 (flags = 0x41)
0   ------------------------------------------------------------------------O (77 = 93.9%)
10  --O                                                                       (2 = 2.4%) {93.9%}
12  -O                                                                        (1 = 1.2%) {96.3%}
15  ... 
50  -O                                                                        (1 = 1.2%) {97.6%}
61  ... 
92  -O                                                                        (1 = 1.2%) {98.8%}
113 ... 

Histogram: Net.DNS.ResolveCategory recorded 83 samples, mean = 0.1 (flags = 0x41)
0  ------------------------------------------------------------------------O (72 = 86.7%)
1  ----------O                                                               (10 = 12.0%) {86.7%}
2  -O                                                                        (1 = 1.2%) {98.8%}
3  ... 

Histogram: Net.DNS.ResolveError.Fast recorded 8 samples (flags = 0x41)
105  --------O                                                                 (8 = 100.0%)

Histogram: Net.DNS.ResolveError.Slow recorded 2 samples (flags = 0x41)
105  --O                                                                       (2 = 100.0%)

Histogram: Net.DNS.ResolveFailureTime recorded 10 samples, mean = 6.0 (flags = 0x41)
0   -O                                                                        (1 = 10.0%)
1   ... 
4   ----O                                                                     (4 = 40.0%) {10.0%}
5   O                                                                         (0 = 0.0%) {50.0%}
6   -O                                                                        (1 = 10.0%) {50.0%}
7   -O                                                                        (1 = 10.0%) {60.0%}
8   -O                                                                        (1 = 10.0%) {70.0%}
9   O                                                                         (0 = 0.0%) {80.0%}
10  -O                                                                        (1 = 10.0%) {80.0%}
12  -O                                                                        (1 = 10.0%) {90.0%}
14  ... 

Histogram: Net.DNS.ResolveSuccessTime recorded 72 samples, mean = 6.6 (flags = 0x41)
0    ... 
3    ----------O                                                               (10 = 13.9%) {0.0%}
4    -------------------------------------O                                    (37 = 51.4%) {13.9%}
5    ---------------O                                                          (15 = 20.8%) {65.3%}
6    ---O                                                                      (3 = 4.2%) {86.1%}
7    O                                                                         (0 = 0.0%) {90.3%}
8    --O                                                                       (2 = 2.8%) {90.3%}
9    --O                                                                       (2 = 2.8%) {93.1%}
10   -O                                                                        (1 = 1.4%) {95.8%}
12   ... 
50   -O                                                                        (1 = 1.4%) {97.2%}
58   ... 
103  -O                                                                        (1 = 1.4%) {98.6%}
119  ... 

Histogram: Net.DNS.SystemTask.FailureTime recorded 10 samples, mean = 6.0 (flags = 0x41)
0   -O                                                                        (1 = 10.0%)
1   ... 
4   ----O                                                                     (4 = 40.0%) {10.0%}
5   O                                                                         (0 = 0.0%) {50.0%}
6   -O                                                                        (1 = 10.0%) {50.0%}
7   -O                                                                        (1 = 10.0%) {60.0%}
8   -O                                                                        (1 = 10.0%) {70.0%}
9   O                                                                         (0 = 0.0%) {80.0%}
10  -O                                                                        (1 = 10.0%) {80.0%}
12  -O                                                                        (1 = 10.0%) {90.0%}
14  ... 

Histogram: Net.DNS.UpgradeConfig.HasPublicInsecureNameserver recorded 1 samples, mean = 1.0 (flags = 0x41)
0  O                                                                         (0 = 0.0%)
1  -O                                                                        (1 = 100.0%) {0.0%}
2  O                                                                         (0 = 0.0%) {100.0%}

Histogram: Net.DNS.UpgradeConfig.InsecureUpgradeSucceeded recorded 1 samples, mean = 0.0 (flags = 0x41)
0  -O                                                                        (1 = 100.0%)
1  ... 

Histogram: Net.DNS_Resolution_And_TCP_Connection_Latency2 recorded 16 samples, mean = 56.1 (flags = 0x41)
0    ... 
3    -O                                                                        (1 = 6.2%) {0.0%}
4    ---O                                                                      (3 = 18.8%) {6.2%}
5    -O                                                                        (1 = 6.2%) {25.0%}
6    -O                                                                        (1 = 6.2%) {31.2%}
7    ... 
37   -O                                                                        (1 = 6.2%) {37.5%}
42   O                                                                         (0 = 0.0%) {43.8%}
48   ---O                                                                      (3 = 18.8%) {43.8%}
54   -O                                                                        (1 = 6.2%) {62.5%}
61   -O                                                                        (1 = 6.2%) {68.8%}
69   -O                                                                        (1 = 6.2%) {75.0%}
78   -O                                                                        (1 = 6.2%) {81.2%}
88   ... 
186  --O                                                                       (2 = 12.5%) {87.5%}
211  ... 

Histogram: Net.ErrorCodesForMainFrame4 recorded 2 samples (flags = 0x41)
0  -O                                                                        (1 = 50.0%)
3  -O                                                                        (1 = 50.0%)

Histogram: Net.ErrorCodesForSubresources3 recorded 52 samples (flags = 0x41)
0    ------------------------------------------------O                         (48 = 92.3%)
400  ----O                                                                     (4 = 7.7%)

Histogram: Net.HttpJob.BytesReceived2 recorded 123 samples, mean = 12108.8 (flags = 0x41)
0       ----O                                                                     (4 = 3.3%)
1       ... 
237     ---O                                                                      (3 = 2.4%) {3.3%}
340     -O                                                                        (1 = 0.8%) {5.7%}
488     -----O                                                                    (5 = 4.1%) {6.5%}
700     ---O                                                                      (3 = 2.4%) {10.6%}
1004    ---------------------------------------------------------------------O    (69 = 56.1%) {13.0%}
1440    ---O                                                                      (3 = 2.4%) {69.1%}
2065    -O                                                                        (1 = 0.8%) {71.5%}
2961    --------O                                                                 (8 = 6.5%) {72.4%}
4246    --O                                                                       (2 = 1.6%) {78.9%}
6089    -O                                                                        (1 = 0.8%) {80.5%}
8732    ---O                                                                      (3 = 2.4%) {81.3%}
12523   O                                                                         (0 = 0.0%) {83.7%}
17959   -----O                                                                    (5 = 4.1%) {83.7%}
25755   ---O                                                                      (3 = 2.4%) {87.8%}
36935   ----O                                                                     (4 = 3.3%) {90.2%}
52968   O                                                                         (0 = 0.0%) {93.5%}
75961   -----O                                                                    (5 = 4.1%) {93.5%}
108935  --O                                                                       (2 = 1.6%) {97.6%}
156223  -O                                                                        (1 = 0.8%) {99.2%}
224038  ... 

Histogram: Net.HttpJob.BytesSent2 recorded 123 samples, mean = 837.6 (flags = 0x41)
0      ----O                                                                     (4 = 3.3%)
1      ... 
13     ---O                                                                      (3 = 2.4%) {3.3%}
19     ... 
56     --------------------O                                                     (20 = 16.3%) {5.7%}
80     ------------O                                                             (12 = 9.8%) {22.0%}
115    -O                                                                        (1 = 0.8%) {31.7%}
165    --O                                                                       (2 = 1.6%) {32.5%}
237    -O                                                                        (1 = 0.8%) {34.1%}
340    ------O                                                                   (6 = 4.9%) {35.0%}
488    --------O                                                                 (8 = 6.5%) {39.8%}
700    -O                                                                        (1 = 0.8%) {46.3%}
1004   --------------------------------------------------------------O           (62 = 50.4%) {47.2%}
1440   -O                                                                        (1 = 0.8%) {97.6%}
2065   O                                                                         (0 = 0.0%) {98.4%}
2961   -O                                                                        (1 = 0.8%) {98.4%}
4246   ... 
12523  -O                                                                        (1 = 0.8%) {99.2%}
17959  ... 

Histogram: Net.HttpJob.MainJobWaitTimeWithAvailableSpdySession recorded 3 samples, mean = 0.0 (flags = 0x41)
0  ---O                                                                      (3 = 100.0%)
1  ... 

Histogram: Net.HttpJob.MainJobWaitTimeWithoutAvailableSpdySession recorded 71 samples, mean = 92.3 (flags = 0x41)
0    ----O                                                                     (4 = 5.6%)
1    ... 
57   ----------------------------O                                             (28 = 39.4%) {5.6%}
68   ----------------O                                                         (16 = 22.5%) {45.1%}
81   ------O                                                                   (6 = 8.5%) {67.6%}
96   ---------O                                                                (9 = 12.7%) {76.1%}
114  -O                                                                        (1 = 1.4%) {88.7%}
135  ... 
268  -------O                                                                  (7 = 9.9%) {90.1%}
318  ... 

Histogram: Net.HttpJob.PrefilterBytesRead recorded 123 samples, mean = 11731.0 (flags = 0x41)
0       ---------O                                                                (9 = 7.3%)
1       ... 
13      -O                                                                        (1 = 0.8%) {7.3%}
19      -O                                                                        (1 = 0.8%) {8.1%}
27      O                                                                         (0 = 0.0%) {8.9%}
39      -O                                                                        (1 = 0.8%) {8.9%}
56      -O                                                                        (1 = 0.8%) {9.8%}
80      -O                                                                        (1 = 0.8%) {10.6%}
115     O                                                                         (0 = 0.0%) {11.4%}
165     -O                                                                        (1 = 0.8%) {11.4%}
237     ----O                                                                     (4 = 3.3%) {12.2%}
340     -O                                                                        (1 = 0.8%) {15.4%}
488     ----O                                                                     (4 = 3.3%) {16.3%}
700     -----O                                                                    (5 = 4.1%) {19.5%}
1004    --------------------------------------------------------------O           (62 = 50.4%) {23.6%}
1440    --O                                                                       (2 = 1.6%) {74.0%}
2065    ---O                                                                      (3 = 2.4%) {75.6%}
2961    --O                                                                       (2 = 1.6%) {78.0%}
4246    -O                                                                        (1 = 0.8%) {79.7%}
6089    -O                                                                        (1 = 0.8%) {80.5%}
8732    ---O                                                                      (3 = 2.4%) {81.3%}
12523   -O                                                                        (1 = 0.8%) {83.7%}
17959   -----O                                                                    (5 = 4.1%) {84.6%}
25755   --O                                                                       (2 = 1.6%) {88.6%}
36935   ----O                                                                     (4 = 3.3%) {90.2%}
52968   O                                                                         (0 = 0.0%) {93.5%}
75961   -----O                                                                    (5 = 4.1%) {93.5%}
108935  --O                                                                       (2 = 1.6%) {97.6%}
156223  -O                                                                        (1 = 0.8%) {99.2%}
224038  ... 

Histogram: Net.HttpJob.PrefilterBytesRead.Net recorded 123 samples, mean = 11731.0 (flags = 0x41)
0       ---------O                                                                (9 = 7.3%)
1       ... 
13      -O                                                                        (1 = 0.8%) {7.3%}
19      -O                                                                        (1 = 0.8%) {8.1%}
27      O                                                                         (0 = 0.0%) {8.9%}
39      -O                                                                        (1 = 0.8%) {8.9%}
56      -O                                                                        (1 = 0.8%) {9.8%}
80      -O                                                                        (1 = 0.8%) {10.6%}
115     O                                                                         (0 = 0.0%) {11.4%}
165     -O                                                                        (1 = 0.8%) {11.4%}
237     ----O                                                                     (4 = 3.3%) {12.2%}
340     -O                                                                        (1 = 0.8%) {15.4%}
488     ----O                                                                     (4 = 3.3%) {16.3%}
700     -----O                                                                    (5 = 4.1%) {19.5%}
1004    --------------------------------------------------------------O           (62 = 50.4%) {23.6%}
1440    --O                                                                       (2 = 1.6%) {74.0%}
2065    ---O                                                                      (3 = 2.4%) {75.6%}
2961    --O                                                                       (2 = 1.6%) {78.0%}
4246    -O                                                                        (1 = 0.8%) {79.7%}
6089    -O                                                                        (1 = 0.8%) {80.5%}
8732    ---O                                                                      (3 = 2.4%) {81.3%}
12523   -O                                                                        (1 = 0.8%) {83.7%}
17959   -----O                                                                    (5 = 4.1%) {84.6%}
25755   --O                                                                       (2 = 1.6%) {88.6%}
36935   ----O                                                                     (4 = 3.3%) {90.2%}
52968   O                                                                         (0 = 0.0%) {93.5%}
75961   -----O                                                                    (5 = 4.1%) {93.5%}
108935  --O                                                                       (2 = 1.6%) {97.6%}
156223  -O                                                                        (1 = 0.8%) {99.2%}
224038  ... 

Histogram: Net.HttpJob.ProxyTypeSuccess recorded 119 samples, mean = 1.0 (flags = 0x41)
0  O                                                                         (0 = 0.0%)
1  ------------------------------------------------------------------------O (119 = 100.0%) {0.0%}
2  ... 

Histogram: Net.HttpJob.TotalTime recorded 123 samples, mean = 318.8 (flags = 0x41)
0     ----O                                                                     (4 = 3.3%)
1     ... 
5     -O                                                                        (1 = 0.8%) {3.3%}
6     ... 
8     --O                                                                       (2 = 1.6%) {4.1%}
10    -O                                                                        (1 = 0.8%) {5.7%}
12    --O                                                                       (2 = 1.6%) {6.5%}
14    -O                                                                        (1 = 0.8%) {8.1%}
17    --O                                                                       (2 = 1.6%) {8.9%}
20    O                                                                         (0 = 0.0%) {10.6%}
24    -O                                                                        (1 = 0.8%) {10.6%}
29    O                                                                         (0 = 0.0%) {11.4%}
34    ---------O                                                                (9 = 7.3%) {11.4%}
40    -----O                                                                    (5 = 4.1%) {18.7%}
48    ------------O                                                             (12 = 9.8%) {22.8%}
57    ----O                                                                     (4 = 3.3%) {32.5%}
68    -O                                                                        (1 = 0.8%) {35.8%}
81    ... 
114   -O                                                                        (1 = 0.8%) {36.6%}
135   O                                                                         (0 = 0.0%) {37.4%}
160   -O                                                                        (1 = 0.8%) {37.4%}
190   ----O                                                                     (4 = 3.3%) {38.2%}
226   ----O                                                                     (4 = 3.3%) {41.5%}
268   -O                                                                        (1 = 0.8%) {44.7%}
318   -----------O                                                              (11 = 8.9%) {45.5%}
378   ---------------O                                                          (15 = 12.2%) {54.5%}
449   -------------O                                                            (13 = 10.6%) {66.7%}
533   ------------------O                                                       (18 = 14.6%) {77.2%}
633   ------O                                                                   (6 = 4.9%) {91.9%}
752   -O                                                                        (1 = 0.8%) {96.7%}
894   O                                                                         (0 = 0.0%) {97.6%}
1062  ---O                                                                      (3 = 2.4%) {97.6%}
1262  ... 

Histogram: Net.HttpJob.TotalTime.Secure.Quic recorded 62 samples, mean = 490.9 (flags = 0x41)
0    ... 
107  -O                                                                        (1 = 1.6%) {0.0%}
136  O                                                                         (0 = 0.0%) {1.6%}
173  -O                                                                        (1 = 1.6%) {1.6%}
220  O                                                                         (0 = 0.0%) {3.2%}
280  ------O                                                                   (6 = 9.7%) {3.2%}
356  -------------------O                                                      (19 = 30.6%) {12.9%}
452  ---------------------O                                                    (21 = 33.9%) {43.5%}
574  -----------O                                                              (11 = 17.7%) {77.4%}
729  -O                                                                        (1 = 1.6%) {95.2%}
926  --O                                                                       (2 = 3.2%) {96.8%}
1177 ... 

Histogram: Net.HttpJob.TotalTime.TLS13.Google recorded 5 samples, mean = 695.4 (flags = 0x41)
0     ... 
190   -O                                                                        (1 = 20.0%) {0.0%}
226   ... 
449   -O                                                                        (1 = 20.0%) {20.0%}
533   O                                                                         (0 = 0.0%) {40.0%}
633   -O                                                                        (1 = 20.0%) {40.0%}
752   -O                                                                        (1 = 20.0%) {60.0%}
894   O                                                                         (0 = 0.0%) {80.0%}
1062  -O                                                                        (1 = 20.0%) {80.0%}
1262  ... 

Histogram: Net.HttpJob.TotalTimeCancel recorded 4 samples, mean = 0.0 (flags = 0x41)
0  ----O                                                                     (4 = 100.0%)
1  ... 

Histogram: Net.HttpJob.TotalTimeNotCached recorded 123 samples, mean = 318.8 (flags = 0x41)
0     ----O                                                                     (4 = 3.3%)
1     ... 
5     -O                                                                        (1 = 0.8%) {3.3%}
6     ... 
8     --O                                                                       (2 = 1.6%) {4.1%}
10    -O                                                                        (1 = 0.8%) {5.7%}
12    --O                                                                       (2 = 1.6%) {6.5%}
14    -O                                                                        (1 = 0.8%) {8.1%}
17    --O                                                                       (2 = 1.6%) {8.9%}
20    O                                                                         (0 = 0.0%) {10.6%}
24    -O                                                                        (1 = 0.8%) {10.6%}
29    O                                                                         (0 = 0.0%) {11.4%}
34    ---------O                                                                (9 = 7.3%) {11.4%}
40    -----O                                                                    (5 = 4.1%) {18.7%}
48    ------------O                                                             (12 = 9.8%) {22.8%}
57    ----O                                                                     (4 = 3.3%) {32.5%}
68    -O                                                                        (1 = 0.8%) {35.8%}
81    ... 
114   -O                                                                        (1 = 0.8%) {36.6%}
135   O                                                                         (0 = 0.0%) {37.4%}
160   -O                                                                        (1 = 0.8%) {37.4%}
190   ----O                                                                     (4 = 3.3%) {38.2%}
226   ----O                                                                     (4 = 3.3%) {41.5%}
268   -O                                                                        (1 = 0.8%) {44.7%}
318   -----------O                                                              (11 = 8.9%) {45.5%}
378   ---------------O                                                          (15 = 12.2%) {54.5%}
449   -------------O                                                            (13 = 10.6%) {66.7%}
533   ------------------O                                                       (18 = 14.6%) {77.2%}
633   ------O                                                                   (6 = 4.9%) {91.9%}
752   -O                                                                        (1 = 0.8%) {96.7%}
894   O                                                                         (0 = 0.0%) {97.6%}
1062  ---O                                                                      (3 = 2.4%) {97.6%}
1262  ... 

Histogram: Net.HttpJob.TotalTimeNotCached.Secure.Quic recorded 62 samples, mean = 490.9 (flags = 0x41)
0    ... 
107  -O                                                                        (1 = 1.6%) {0.0%}
136  O                                                                         (0 = 0.0%) {1.6%}
173  -O                                                                        (1 = 1.6%) {1.6%}
220  O                                                                         (0 = 0.0%) {3.2%}
280  ------O                                                                   (6 = 9.7%) {3.2%}
356  -------------------O                                                      (19 = 30.6%) {12.9%}
452  ---------------------O                                                    (21 = 33.9%) {43.5%}
574  -----------O                                                              (11 = 17.7%) {77.4%}
729  -O                                                                        (1 = 1.6%) {95.2%}
926  --O                                                                       (2 = 3.2%) {96.8%}
1177 ... 

Histogram: Net.HttpJob.TotalTimeSuccess recorded 119 samples, mean = 329.5 (flags = 0x41)
0     ... 
5     -O                                                                        (1 = 0.8%) {0.0%}
6     ... 
8     --O                                                                       (2 = 1.7%) {0.8%}
10    -O                                                                        (1 = 0.8%) {2.5%}
12    --O                                                                       (2 = 1.7%) {3.4%}
14    -O                                                                        (1 = 0.8%) {5.0%}
17    --O                                                                       (2 = 1.7%) {5.9%}
20    O                                                                         (0 = 0.0%) {7.6%}
24    -O                                                                        (1 = 0.8%) {7.6%}
29    O                                                                         (0 = 0.0%) {8.4%}
34    ---------O                                                                (9 = 7.6%) {8.4%}
40    -----O                                                                    (5 = 4.2%) {16.0%}
48    ------------O                                                             (12 = 10.1%) {20.2%}
57    ----O                                                                     (4 = 3.4%) {30.3%}
68    -O                                                                        (1 = 0.8%) {33.6%}
81    ... 
114   -O                                                                        (1 = 0.8%) {34.5%}
135   O                                                                         (0 = 0.0%) {35.3%}
160   -O                                                                        (1 = 0.8%) {35.3%}
190   ----O                                                                     (4 = 3.4%) {36.1%}
226   ----O                                                                     (4 = 3.4%) {39.5%}
268   -O                                                                        (1 = 0.8%) {42.9%}
318   -----------O                                                              (11 = 9.2%) {43.7%}
378   ---------------O                                                          (15 = 12.6%) {52.9%}
449   -------------O                                                            (13 = 10.9%) {65.5%}
533   ------------------O                                                       (18 = 15.1%) {76.5%}
633   ------O                                                                   (6 = 5.0%) {91.6%}
752   -O                                                                        (1 = 0.8%) {96.6%}
894   O                                                                         (0 = 0.0%) {97.5%}
1062  ---O                                                                      (3 = 2.5%) {97.5%}
1262  ... 

Histogram: Net.HttpJob.TotalTimeSuccess.Priority1 recorded 68 samples, mean = 501.9 (flags = 0x41)
0     ... 
114   -O                                                                        (1 = 1.5%) {0.0%}
135   O                                                                         (0 = 0.0%) {1.5%}
160   -O                                                                        (1 = 1.5%) {1.5%}
190   --O                                                                       (2 = 2.9%) {2.9%}
226   O                                                                         (0 = 0.0%) {5.9%}
268   -O                                                                        (1 = 1.5%) {5.9%}
318   -----------O                                                              (11 = 16.2%) {7.4%}
378   -------------O                                                            (13 = 19.1%) {23.5%}
449   -------------O                                                            (13 = 19.1%) {42.6%}
533   -----------------O                                                        (17 = 25.0%) {61.8%}
633   -----O                                                                    (5 = 7.4%) {86.8%}
752   -O                                                                        (1 = 1.5%) {94.1%}
894   O                                                                         (0 = 0.0%) {95.6%}
1062  ---O                                                                      (3 = 4.4%) {95.6%}
1262  ... 

Histogram: Net.HttpJob.TotalTimeSuccess.Priority2 recorded 29 samples, mean = 81.0 (flags = 0x41)
0    ... 
5    -O                                                                        (1 = 3.4%) {0.0%}
6    ... 
8    --O                                                                       (2 = 6.9%) {3.4%}
10   O                                                                         (0 = 0.0%) {10.3%}
12   --O                                                                       (2 = 6.9%) {10.3%}
14   ... 
34   ---O                                                                      (3 = 10.3%) {17.2%}
40   -----O                                                                    (5 = 17.2%) {27.6%}
48   ----------O                                                               (10 = 34.5%) {44.8%}
57   ---O                                                                      (3 = 10.3%) {79.3%}
68   ... 
190  -O                                                                        (1 = 3.4%) {89.7%}
226  ... 
378  -O                                                                        (1 = 3.4%) {93.1%}
449  ... 
633  -O                                                                        (1 = 3.4%) {96.6%}
752  ... 

Histogram: Net.HttpJob.TotalTimeSuccess.Priority3 recorded 1 samples, mean = 230.0 (flags = 0x41)
0    ... 
226  -O                                                                        (1 = 100.0%) {0.0%}
268  ... 

Histogram: Net.HttpJob.TotalTimeSuccess.Priority4 recorded 7 samples, mean = 241.0 (flags = 0x41)
0    ... 
48   -O                                                                        (1 = 14.3%) {0.0%}
57   -O                                                                        (1 = 14.3%) {14.3%}
68   -O                                                                        (1 = 14.3%) {28.6%}
81   ... 
190  -O                                                                        (1 = 14.3%) {42.9%}
226  -O                                                                        (1 = 14.3%) {57.1%}
268  ... 
378  -O                                                                        (1 = 14.3%) {71.4%}
449  O                                                                         (0 = 0.0%) {85.7%}
533  -O                                                                        (1 = 14.3%) {85.7%}
633  ... 

Histogram: Net.HttpJob.TotalTimeSuccess.Priority5 recorded 14 samples, mean = 58.6 (flags = 0x41)
0    ... 
10   -O                                                                        (1 = 7.1%) {0.0%}
12   O                                                                         (0 = 0.0%) {7.1%}
14   -O                                                                        (1 = 7.1%) {7.1%}
17   --O                                                                       (2 = 14.3%) {14.3%}
20   O                                                                         (0 = 0.0%) {28.6%}
24   -O                                                                        (1 = 7.1%) {28.6%}
29   O                                                                         (0 = 0.0%) {35.7%}
34   ------O                                                                   (6 = 42.9%) {35.7%}
40   O                                                                         (0 = 0.0%) {78.6%}
48   -O                                                                        (1 = 7.1%) {78.6%}
57   ... 
226  --O                                                                       (2 = 14.3%) {85.7%}
268  ... 

Histogram: Net.HttpRequestSSLUpgradeDecision recorded 2 samples, mean = 3.0 (flags = 0x41)
0  O                                                                         (0 = 0.0%)
1  -O                                                                        (1 = 50.0%) {0.0%}
2  ... 
5  -O                                                                        (1 = 50.0%) {50.0%}
6  O                                                                         (0 = 0.0%) {100.0%}

Histogram: Net.HttpRequestStsState recorded 2 samples, mean = 1.5 (flags = 0x41)
0  O                                                                         (0 = 0.0%)
1  -O                                                                        (1 = 50.0%) {0.0%}
2  -O                                                                        (1 = 50.0%) {50.0%}
3  ... 

Histogram: Net.HttpResponseCode recorded 171 samples, mean = 280.8 (flags = 0x41)
0    ... 
200  ------------------------------------------------------------------------O (98 = 57.3%) {0.0%}
201  ... 
204  -O                                                                        (2 = 1.2%) {57.3%}
205  ... 
302  ---O                                                                      (4 = 2.3%) {58.5%}
303  ... 
308  -O                                                                        (2 = 1.2%) {60.8%}
309  ... 
400  ---O                                                                      (4 = 2.3%) {62.0%}
401  ... 
403  ---------------------------------------------O                            (61 = 35.7%) {64.3%}
404  ... 

Histogram: Net.HttpTimeToFirstByte recorded 123 samples, mean = 320.2 (flags = 0x41)
0     ---------O                                                                (9 = 7.3%)
10    O                                                                         (0 = 0.0%) {7.3%}
12    --O                                                                       (2 = 1.6%) {7.3%}
15    -O                                                                        (1 = 0.8%) {8.9%}
18    -O                                                                        (1 = 0.8%) {9.8%}
22    -O                                                                        (1 = 0.8%) {10.6%}
27    O                                                                         (0 = 0.0%) {11.4%}
33    ---------------O                                                          (15 = 12.2%) {11.4%}
41    ---------O                                                                (9 = 7.3%) {23.6%}
50    -----O                                                                    (5 = 4.1%) {30.9%}
61    --O                                                                       (2 = 1.6%) {35.0%}
75    ... 
113   -O                                                                        (1 = 0.8%) {36.6%}
139   O                                                                         (0 = 0.0%) {37.4%}
171   --O                                                                       (2 = 1.6%) {37.4%}
210   ------O                                                                   (6 = 4.9%) {39.0%}
258   O                                                                         (0 = 0.0%) {43.9%}
317   ---------------O                                                          (15 = 12.2%) {43.9%}
389   ----------------O                                                         (16 = 13.0%) {56.1%}
477   ----------------------O                                                   (22 = 17.9%) {69.1%}
585   ----------O                                                               (10 = 8.1%) {87.0%}
718   --O                                                                       (2 = 1.6%) {95.1%}
881   -O                                                                        (1 = 0.8%) {96.7%}
1081  ---O                                                                      (3 = 2.4%) {97.6%}
1326  ... 

Histogram: Net.HttpTimeToFirstByte.TLS13.Google recorded 5 samples, mean = 750.4 (flags = 0x41)
0    ... 
452  --O                                                                       (2 = 40.0%) {0.0%}
574  O                                                                         (0 = 0.0%) {40.0%}
729  --O                                                                       (2 = 40.0%) {40.0%}
926  -O                                                                        (1 = 20.0%) {80.0%}
1177 ... 

Histogram: Net.NetworkChangeNotifier.NewConnectionCost recorded 2 samples, mean = 1.0 (flags = 0x41)
0  O                                                                         (0 = 0.0%)
1  --O                                                                       (2 = 100.0%) {0.0%}
2  ... 

Histogram: Net.NumQuicSessionsAtShutdown recorded 3 samples, mean = 0.0 (flags = 0x41)
0  ---O                                                                      (3 = 100.0%)
1  ... 

Histogram: Net.OnTransferSizeUpdated.Experimental.OverridenBy recorded 184 samples, mean = 8.6 (flags = 0x41)
0   O                                                                         (0 = 0.0%)
1   ------------------------------------------------------------------------O (108 = 58.7%) {0.0%}
2   ... 
11  ------------------------O                                                 (36 = 19.6%) {58.7%}
12  -O                                                                        (2 = 1.1%) {78.3%}
13  ... 
26  -O                                                                        (2 = 1.1%) {79.3%}
27  O                                                                         (0 = 0.0%) {80.4%}
28  ------------------------O                                                 (36 = 19.6%) {80.4%}
29  ... 

Histogram: Net.QuicActiveSessions recorded 68 samples, mean = 0.1 (flags = 0x41)
0  -----------------------------------------------------------------O        (65 = 95.6%)
1  -O                                                                        (1 = 1.5%) {95.6%}
2  -O                                                                        (1 = 1.5%) {97.1%}
3  -O                                                                        (1 = 1.5%) {98.5%}
4  ... 

Histogram: Net.QuicChromiumClientStream.HandleOnCloseConnectionError recorded 71 samples (flags = 0x41)
0  -----------------------------------------------------------------------O  (71 = 100.0%)

Histogram: Net.QuicChromiumClientStream.HandleOnCloseNetError recorded 71 samples (flags = 0x41)
100  -----------------------------------------------------------------------O  (71 = 100.0%)

Histogram: Net.QuicChromiumClientStream.HandleOnCloseStreamError recorded 71 samples (flags = 0x41)
0  -----------------------------------------------------------------------O  (71 = 100.0%)

Histogram: Net.QuicChromiumClientStream.HeaderDecodingDelay recorded 71 samples, mean = 0.0 (flags = 0x41)
0  -----------------------------------------------------------------------O  (71 = 100.0%)
1  ... 

Histogram: Net.QuicChromiumClientStream.HeaderDecodingDelayGoogle recorded 62 samples, mean = 0.0 (flags = 0x41)
0  --------------------------------------------------------------O           (62 = 100.0%)
1  ... 

Histogram: Net.QuicConnection.WritePacketStatus recorded 784 samples, mean = 0.0 (flags = 0x41)
0  ------------------------------------------------------------------------O (784 = 100.0%)
1  ... 

Histogram: Net.QuicCryptoClientConfig.PopulatedFromCanonicalConfig recorded 6 samples, mean = 0.0 (flags = 0x41)
0  ------O                                                                   (6 = 100.0%)
1  ... 

Histogram: Net.QuicDroppedPacketReason recorded 32 samples, mean = 6.0 (flags = 0x41)
0  ... 
6  --------------------------------O                                         (32 = 100.0%) {0.0%}
7  O                                                                         (0 = 0.0%) {100.0%}

Histogram: Net.QuicHandshakeState recorded 204 samples, mean = 1.0 (flags = 0x41)
0  --------------------------------------------------------------------O     (68 = 33.3%)
1  --------------------------------------------------------------------O     (68 = 33.3%) {33.3%}
2  --------------------------------------------------------------------O     (68 = 33.3%) {66.7%}
3  ... 

Histogram: Net.QuicHttpStream.ProcessResponseHeaderSuccess recorded 71 samples, mean = 1.0 (flags = 0x41)
0  O                                                                         (0 = 0.0%)
1  -----------------------------------------------------------------------O  (71 = 100.0%) {0.0%}
2  O                                                                         (0 = 0.0%) {100.0%}

Histogram: Net.QuicSession.AbortedPendingStreamRequests recorded 68 samples, mean = 0.0 (flags = 0x41)
0  --------------------------------------------------------------------O     (68 = 100.0%)
1  ... 

Histogram: Net.QuicSession.AcceptChForOrigin recorded 71 samples, mean = 0.0 (flags = 0x41)
0  ----------------------------------------------------------------------O   (70 = 98.6%)
1  -O                                                                        (1 = 1.4%) {98.6%}
2  O                                                                         (0 = 0.0%) {100.0%}

Histogram: Net.QuicSession.AcceptChFrameReceivedViaAlps recorded 65 samples, mean = 1.0 (flags = 0x41)
0  O                                                                         (0 = 0.0%)
1  -----------------------------------------------------------------O        (65 = 100.0%) {0.0%}
2  ... 

Histogram: Net.QuicSession.AsyncRead recorded 1092 samples, mean = 0.6 (flags = 0x41)
0  ------------------------------------------O                               (402 = 36.8%)
1  ------------------------------------------------------------------------O (690 = 63.2%) {36.8%}
2  O                                                                         (0 = 0.0%) {100.0%}

Histogram: Net.QuicSession.BlockedFrames.Received recorded 68 samples, mean = 0.0 (flags = 0x41)
0  --------------------------------------------------------------------O     (68 = 100.0%)
1  ... 

Histogram: Net.QuicSession.BlockedFrames.Sent recorded 68 samples, mean = 0.0 (flags = 0x41)
0  --------------------------------------------------------------------O     (68 = 100.0%)
1  ... 

Histogram: Net.QuicSession.CertVerificationResult recorded 69 samples (flags = 0x41)
0  ---------------------------------------------------------------------O    (69 = 100.0%)

Histogram: Net.QuicSession.ClientSideMtu recorded 68 samples (flags = 0x41)
1250  --------------------------------------------------------------------O     (68 = 100.0%)

Histogram: Net.QuicSession.CloseAllSessionsError recorded 3 samples (flags = 0x41)
3  ---O                                                                      (3 = 100.0%)

Histogram: Net.QuicSession.ClosedDuringInitializeSession recorded 68 samples, mean = 0.0 (flags = 0x41)
0  --------------------------------------------------------------------O     (68 = 100.0%)
1  ... 

Histogram: Net.QuicSession.CoalesceStreamFrameStatus recorded 646 samples, mean = 0.4 (flags = 0x41)
0  ------------------------------------------------------------------------O (401 = 62.1%)
1  --------------------------------------------O                             (245 = 37.9%) {62.1%}
2  O                                                                         (0 = 0.0%) {100.0%}

Histogram: Net.QuicSession.ConnectRandomPortForHTTPS recorded 68 samples, mean = 0.0 (flags = 0x41)
0  --------------------------------------------------------------------O     (68 = 100.0%)
1  ... 

Histogram: Net.QuicSession.ConnectRandomPortRequiringConfirmationForHTTPS recorded 2 samples, mean = 0.0 (flags = 0x41)
0  --O                                                                       (2 = 100.0%)
1  ... 

Histogram: Net.QuicSession.ConnectionClose.NumOpenStreams.TimedOut recorded 68 samples, mean = 0.0 (flags = 0x41)
0  --------------------------------------------------------------------O     (68 = 100.0%)
1  ... 

Histogram: Net.QuicSession.ConnectionCloseErrorCodeClient recorded 68 samples (flags = 0x41)
25  --------------------------------------------------------------------O     (68 = 100.0%)

Histogram: Net.QuicSession.ConnectionCloseErrorCodeClient.HandshakeConfirmed recorded 68 samples (flags = 0x41)
25  --------------------------------------------------------------------O     (68 = 100.0%)

Histogram: Net.QuicSession.ConnectionCloseErrorCodeClientGoogle recorded 65 samples (flags = 0x41)
25  -----------------------------------------------------------------O        (65 = 100.0%)

Histogram: Net.QuicSession.ConnectionCloseErrorCodeClientGoogle.HandshakeConfirmed recorded 65 samples (flags = 0x41)
25  -----------------------------------------------------------------O        (65 = 100.0%)

Histogram: Net.QuicSession.ConnectionDuration recorded 68 samples, mean = 29545.7 (flags = 0x41)
0      ... 
27425  -------------------------------------------------------------------O      (67 = 98.5%) {0.0%}
31655  -O                                                                        (1 = 1.5%) {98.5%}
36538  ... 

Histogram: Net.QuicSession.ConnectionFlowControlBlocked recorded 36 samples, mean = 0.9 (flags = 0x41)
0  --O                                                                       (2 = 5.6%)
1  ----------------------------------O                                       (34 = 94.4%) {5.6%}
2  O                                                                         (0 = 0.0%) {100.0%}

Histogram: Net.QuicSession.ConnectionIpPooled recorded 68 samples, mean = 0.0 (flags = 0x41)
0  --------------------------------------------------------------------O     (68 = 100.0%)
1  ... 

Histogram: Net.QuicSession.ConnectionTypeFromSelf recorded 68 samples, mean = 1.0 (flags = 0x41)
0  O                                                                         (0 = 0.0%)
1  --------------------------------------------------------------------O     (68 = 100.0%) {0.0%}
2  O                                                                         (0 = 0.0%) {100.0%}

Histogram: Net.QuicSession.CryptoRetransmitCount.HandshakeConfirmed recorded 68 samples, mean = 0.3 (flags = 0x41)
0  --------------------------------------------------------------O           (62 = 91.2%)
1  ---O                                                                      (3 = 4.4%) {91.2%}
2  ... 
5  -O                                                                        (1 = 1.5%) {95.6%}
6  O                                                                         (0 = 0.0%) {97.1%}
7  --O                                                                       (2 = 2.9%) {97.1%}
8  ... 

Histogram: Net.QuicSession.DuplicatePacketsReceived recorded 68 samples, mean = 0.0 (flags = 0x41)
0  --------------------------------------------------------------------O     (68 = 100.0%)
1  ... 

Histogram: Net.QuicSession.EcnMarksObserved recorded 68 samples, mean = 1.0 (flags = 0x41)
0  O                                                                         (0 = 0.0%)
1  --------------------------------------------------------------------O     (68 = 100.0%) {0.0%}
2  ... 

Histogram: Net.QuicSession.EncryptionEstablishedTime recorded 68 samples, mean = 34.3 (flags = 0x41)
0    -------------------------------------------------------O                  (55 = 80.9%)
1    ... 
7    -O                                                                        (1 = 1.5%) {80.9%}
8    -O                                                                        (1 = 1.5%) {82.4%}
10   O                                                                         (0 = 0.0%) {83.8%}
12   -O                                                                        (1 = 1.5%) {83.8%}
14   ... 
20   ---O                                                                      (3 = 4.4%) {85.3%}
24   -O                                                                        (1 = 1.5%) {89.7%}
29   ... 
57   -O                                                                        (1 = 1.5%) {91.2%}
68   -O                                                                        (1 = 1.5%) {92.6%}
81   O                                                                         (0 = 0.0%) {94.1%}
96   -O                                                                        (1 = 1.5%) {94.1%}
114  ... 
633  ---O                                                                      (3 = 4.4%) {95.6%}
752  ... 

Histogram: Net.QuicSession.FinchConfigIsValid recorded 3 samples, mean = 1.0 (flags = 0x41)
0  O                                                                         (0 = 0.0%)
1  ---O                                                                      (3 = 100.0%) {0.0%}
2  O                                                                         (0 = 0.0%) {100.0%}

Histogram: Net.QuicSession.FindMatchingIpSessionResult recorded 136 samples, mean = 2.0 (flags = 0x41)
0  ... 
2  ------------------------------------------------------------------------O (136 = 100.0%) {0.0%}
3  O                                                                         (0 = 0.0%) {100.0%}

Histogram: Net.QuicSession.FindMatchingIpSessionResultGoogle recorded 130 samples, mean = 2.0 (flags = 0x41)
0  ... 
2  ------------------------------------------------------------------------O (130 = 100.0%) {0.0%}
3  O                                                                         (0 = 0.0%) {100.0%}

Histogram: Net.QuicSession.HandshakeConfirmedTime recorded 68 samples, mean = 88.4 (flags = 0x41)
0    ... 
7    -O                                                                        (1 = 1.5%) {0.0%}
8    ... 
20   -O                                                                        (1 = 1.5%) {1.5%}
24   -O                                                                        (1 = 1.5%) {2.9%}
29   ... 
48   -------------------O                                                      (19 = 27.9%) {4.4%}
57   ---------------------------O                                              (27 = 39.7%) {32.4%}
68   -------O                                                                  (7 = 10.3%) {72.1%}
81   -------O                                                                  (7 = 10.3%) {82.4%}
96   --O                                                                       (2 = 2.9%) {92.6%}
114  ... 
633  ---O                                                                      (3 = 4.4%) {95.6%}
752  ... 

Histogram: Net.QuicSession.HeaderCompressionRatioQpackReceived recorded 71 samples, mean = 10.5 (flags = 0x41)
0   ... 
2   --------------------------------------------------------------O           (62 = 87.3%) {0.0%}
3   ... 
63  -O                                                                        (1 = 1.4%) {87.3%}
64  ... 
67  -O                                                                        (1 = 1.4%) {88.7%}
68  -O                                                                        (1 = 1.4%) {90.1%}
69  ----O                                                                     (4 = 5.6%) {91.5%}
70  -O                                                                        (1 = 1.4%) {97.2%}
71  ... 
74  -O                                                                        (1 = 1.4%) {98.6%}
75  ... 

Histogram: Net.QuicSession.HeaderCompressionRatioQpackSent recorded 71 samples, mean = 68.8 (flags = 0x41)
0   ... 
68  -----------------------------------------------------------O              (59 = 83.1%) {0.0%}
69  O                                                                         (0 = 0.0%) {83.1%}
70  --O                                                                       (2 = 2.8%) {83.1%}
71  -O                                                                        (1 = 1.4%) {85.9%}
72  --O                                                                       (2 = 2.8%) {87.3%}
73  --O                                                                       (2 = 2.8%) {90.1%}
74  O                                                                         (0 = 0.0%) {93.0%}
75  -----O                                                                    (5 = 7.0%) {93.0%}
76  ... 

Histogram: Net.QuicSession.HostResolution.HandshakeConfirmedTime recorded 68 samples, mean = 88.7 (flags = 0x41)
0    ... 
8    -O                                                                        (1 = 1.5%) {0.0%}
10   ... 
20   -O                                                                        (1 = 1.5%) {1.5%}
24   -O                                                                        (1 = 1.5%) {2.9%}
29   ... 
48   -----------------O                                                        (17 = 25.0%) {4.4%}
57   -----------------------------O                                            (29 = 42.6%) {29.4%}
68   -----O                                                                    (5 = 7.4%) {72.1%}
81   ---------O                                                                (9 = 13.2%) {79.4%}
96   --O                                                                       (2 = 2.9%) {92.6%}
114  ... 
633  ---O                                                                      (3 = 4.4%) {95.6%}
752  ... 

Histogram: Net.QuicSession.IncorrectConnectionIDsReceived recorded 68 samples, mean = 0.0 (flags = 0x41)
0  --------------------------------------------------------------------O     (68 = 100.0%)
1  ... 

Histogram: Net.QuicSession.InitialRttEsitmateSource recorded 68 samples, mean = 0.9 (flags = 0x41)
0  ------O                                                                   (6 = 8.8%)
1  --------------------------------------------------------------O           (62 = 91.2%) {8.8%}
2  ... 

Histogram: Net.QuicSession.KeyUpdate.PerConnection2 recorded 68 samples, mean = 0.0 (flags = 0x41)
0  --------------------------------------------------------------------O     (68 = 100.0%)
1  ... 

Histogram: Net.QuicSession.KeyUpdate.PotentialPeerKeyUpdateAttemptCount recorded 68 samples, mean = 0.0 (flags = 0x41)
0  --------------------------------------------------------------------O     (68 = 100.0%)
1  ... 

Histogram: Net.QuicSession.MaxConsecutiveRtoWithForwardProgress recorded 68 samples, mean = 0.1 (flags = 0x41)
0  ---------------------------------------------------------------O          (63 = 92.6%)
1  -----O                                                                    (5 = 7.4%) {92.6%}
2  ... 

Histogram: Net.QuicSession.MaxReordering recorded 1 samples, mean = 1.0 (flags = 0x41)
0  O                                                                         (0 = 0.0%)
1  -O                                                                        (1 = 100.0%) {0.0%}
2  ... 

Histogram: Net.QuicSession.MaxReorderingTime recorded 1 samples, mean = 0.0 (flags = 0x41)
0  -O                                                                        (1 = 100.0%)
1  ... 

Histogram: Net.QuicSession.MinRTT recorded 68 samples, mean = 44.1 (flags = 0x41)
0   ... 
3   ---O                                                                      (3 = 4.4%) {0.0%}
4   ... 
34  ---------------------------------O                                        (33 = 48.5%) {4.4%}
40  ---------------O                                                          (15 = 22.1%) {52.9%}
48  ---O                                                                      (3 = 4.4%) {75.0%}
57  -----------O                                                              (11 = 16.2%) {79.4%}
68  --O                                                                       (2 = 2.9%) {95.6%}
81  -O                                                                        (1 = 1.5%) {98.5%}
96  ... 

Histogram: Net.QuicSession.MtuProbesSent recorded 68 samples, mean = 0.0 (flags = 0x41)
0  --------------------------------------------------------------------O     (68 = 100.0%)
1  ... 

Histogram: Net.QuicSession.NumDefaultPathDegrading recorded 68 samples, mean = 0.0 (flags = 0x41)
0  --------------------------------------------------------------------O     (68 = 100.0%)
1  ... 

Histogram: Net.QuicSession.NumMigrations recorded 68 samples, mean = 0.0 (flags = 0x41)
0  --------------------------------------------------------------------O     (68 = 100.0%)
1  ... 

Histogram: Net.QuicSession.NumOpenStreams recorded 71 samples, mean = 1.0 (flags = 0x41)
0  O                                                                         (0 = 0.0%)
1  ---------------------------------------------------------------------O    (69 = 97.2%) {0.0%}
2  --O                                                                       (2 = 2.8%) {97.2%}
3  ... 

Histogram: Net.QuicSession.NumPingsSent recorded 68 samples, mean = 0.3 (flags = 0x41)
0  --------------------------------------------------------------O           (62 = 91.2%)
1  ---O                                                                      (3 = 4.4%) {91.2%}
2  ... 
4  -O                                                                        (1 = 1.5%) {95.6%}
5  O                                                                         (0 = 0.0%) {97.1%}
6  --O                                                                       (2 = 2.9%) {97.1%}
7  ... 

Histogram: Net.QuicSession.NumQueuedPacketsBeforeWrite recorded 1033 samples, mean = 0.0 (flags = 0x41)
0  ------------------------------------------------------------------------O (1033 = 100.0%)
1  ... 

Histogram: Net.QuicSession.NumTotalStreams recorded 68 samples, mean = 1.0 (flags = 0x41)
0  ---O                                                                      (3 = 4.4%)
1  ----------------------------------------------------------------O         (64 = 94.1%) {4.4%}
2  ... 
7  -O                                                                        (1 = 1.5%) {98.5%}
9  ... 

Histogram: Net.QuicSession.OutOfOrderGapReceived recorded 5 samples, mean = 9.4 (flags = 0x41)
0   O                                                                         (0 = 0.0%)
1   --O                                                                       (2 = 40.0%) {0.0%}
2   ... 
12  --O                                                                       (2 = 40.0%) {40.0%}
16  -O                                                                        (1 = 20.0%) {80.0%}
21  ... 

Histogram: Net.QuicSession.OutOfOrderLargePacketsReceived recorded 68 samples, mean = 0.0 (flags = 0x41)
0  ------------------------------------------------------------------O       (66 = 97.1%)
1  --O                                                                       (2 = 2.9%) {97.1%}
2  ... 

Histogram: Net.QuicSession.OutOfOrderPacketsReceived recorded 68 samples, mean = 0.1 (flags = 0x41)
0  ----------------------------------------------------------------O         (64 = 94.1%)
1  ---O                                                                      (3 = 4.4%) {94.1%}
2  -O                                                                        (1 = 1.5%) {98.5%}
3  ... 

Histogram: Net.QuicSession.PacketGapReceived recorded 15 samples, mean = 2.5 (flags = 0x41)
0  O                                                                         (0 = 0.0%)
1  ----O                                                                     (4 = 26.7%) {0.0%}
2  --O                                                                       (2 = 13.3%) {26.7%}
3  ------O                                                                   (6 = 40.0%) {40.0%}
4  ---O                                                                      (3 = 20.0%) {80.0%}
5  ... 

Histogram: Net.QuicSession.PacketGapReceivedNearPing recorded 19 samples, mean = 2.6 (flags = 0x41)
0  O                                                                         (0 = 0.0%)
1  ----------O                                                               (10 = 52.6%) {0.0%}
2  ... 
4  ------O                                                                   (6 = 31.6%) {52.6%}
5  ---O                                                                      (3 = 15.8%) {84.2%}
7  ... 

Histogram: Net.QuicSession.PacketLossRate_CONNECTION_ETHERNET recorded 5 samples, mean = 58.0 (flags = 0x41)
0    ... 
10   -O                                                                        (1 = 20.0%) {0.0%}
11   ... 
17   -O                                                                        (1 = 20.0%) {20.0%}
18   ... 
71   --O                                                                       (2 = 40.0%) {40.0%}
76   ... 
110  -O                                                                        (1 = 20.0%) {80.0%}
118  ... 

Histogram: Net.QuicSession.PacketWriteTime.Synchronous recorded 778 samples, mean = 0.0 (flags = 0x41)
0  ------------------------------------------------------------------------O (778 = 100.0%)
1  ... 

Histogram: Net.QuicSession.PacketsBeforeEcnTransition recorded 68 samples, mean = 0.0 (flags = 0x41)
0  --------------------------------------------------------------------O     (68 = 100.0%)
1  ... 

Histogram: Net.QuicSession.PreferAesGcm recorded 2 samples, mean = 1.0 (flags = 0x41)
0  O                                                                         (0 = 0.0%)
1  --O                                                                       (2 = 100.0%) {0.0%}
2  O                                                                         (0 = 0.0%) {100.0%}

Histogram: Net.QuicSession.Qpack.HeaderListCountWhenBlockedStreamLimited recorded 9 samples, mean = 3.3 (flags = 0x41)
0  O                                                                         (0 = 0.0%)
1  ---O                                                                      (3 = 33.3%) {0.0%}
2  -O                                                                        (1 = 11.1%) {33.3%}
3  -O                                                                        (1 = 11.1%) {44.4%}
4  -O                                                                        (1 = 11.1%) {55.6%}
5  -O                                                                        (1 = 11.1%) {66.7%}
6  -O                                                                        (1 = 11.1%) {77.8%}
7  -O                                                                        (1 = 11.1%) {88.9%}
8  ... 

Histogram: Net.QuicSession.Qpack.HeaderListCountWhenInsertionNotBlocked recorded 71 samples, mean = 1.3 (flags = 0x41)
0  O                                                                         (0 = 0.0%)
1  -----------------------------------------------------------------O        (65 = 91.5%) {0.0%}
2  -O                                                                        (1 = 1.4%) {91.5%}
3  -O                                                                        (1 = 1.4%) {93.0%}
4  -O                                                                        (1 = 1.4%) {94.4%}
5  -O                                                                        (1 = 1.4%) {95.8%}
6  -O                                                                        (1 = 1.4%) {97.2%}
7  -O                                                                        (1 = 1.4%) {98.6%}
8  ... 

Histogram: Net.QuicSession.Qpack.HeaderListCountWhenNotBlockedStreamLimited recorded 62 samples, mean = 1.0 (flags = 0x41)
0  O                                                                         (0 = 0.0%)
1  --------------------------------------------------------------O           (62 = 100.0%) {0.0%}
2  ... 

Histogram: Net.QuicSession.QuicVersion recorded 68 samples (flags = 0x41)
80  --------------------------------------------------------------------O     (68 = 100.0%)

Histogram: Net.QuicSession.ReceivedSettings.BlockedStreams recorded 65 samples, mean = 100.0 (flags = 0x41)
0   ... 
95  -----------------------------------------------------------------O        (65 = 100.0%) {0.0%}
107 ... 

Histogram: Net.QuicSession.ReceivedSettings.CountPlusOne recorded 68 samples, mean = 6.8 (flags = 0x41)
0  ... 
3  ---O                                                                      (3 = 4.4%) {0.0%}
4  ... 
7  -----------------------------------------------------------------O        (65 = 95.6%) {4.4%}
8  ... 

Histogram: Net.QuicSession.ReceivedSettings.MaxHeaderListSize2 recorded 68 samples, mean = 68427.3 (flags = 0x41)
0       ... 
63662   -----------------------------------------------------------------O        (65 = 95.6%) {0.0%}
83848   O                                                                         (0 = 0.0%) {95.6%}
110434  ---O                                                                      (3 = 4.4%) {95.6%}
145450  ... 

Histogram: Net.QuicSession.ReceivedSettings.MaxTableCapacity2 recorded 65 samples, mean = 65536.0 (flags = 0x41)
0      ... 
63662  -----------------------------------------------------------------O        (65 = 100.0%) {0.0%}
83848  ... 

Histogram: Net.QuicSession.ReceivedSettings.ReservedCountPlusOne recorded 68 samples, mean = 2.0 (flags = 0x41)
0  ... 
2  --------------------------------------------------------------------O     (68 = 100.0%) {0.0%}
3  ... 

Histogram: Net.QuicSession.RstStreamErrorCodeServer recorded 3 samples (flags = 0x41)
20  ---O                                                                      (3 = 100.0%)

Histogram: Net.QuicSession.SendPacketSize.0RTT recorded 64 samples, mean = 94.4 (flags = 0x41)
0    ... 
68   ------------O                                                             (12 = 18.8%) {0.0%}
77   --------------------------------------------------O                       (50 = 78.1%) {18.8%}
87   ... 
524  --O                                                                       (2 = 3.1%) {96.9%}
595  ... 

Histogram: Net.QuicSession.SendPacketSize.ForwardSecure recorded 427 samples, mean = 305.2 (flags = 0x41)
0     ... 
28    ------------------------------------------------------------------------O (117 = 27.4%) {0.0%}
32    -------------------------------------------O                              (70 = 16.4%) {27.4%}
36    -------O                                                                  (11 = 2.6%) {43.8%}
41    --------------------------------------------O                             (71 = 16.6%) {46.4%}
47    ---O                                                                      (5 = 1.2%) {63.0%}
53    O                                                                         (0 = 0.0%) {64.2%}
60    -O                                                                        (1 = 0.2%) {64.2%}
68    -O                                                                        (2 = 0.5%) {64.4%}
77    --O                                                                       (3 = 0.7%) {64.9%}
87    ... 
128   -O                                                                        (1 = 0.2%) {65.6%}
145   ... 
276   ------------------------------------O                                     (59 = 13.8%) {65.8%}
314   O                                                                         (0 = 0.0%) {79.6%}
357   -O                                                                        (1 = 0.2%) {79.6%}
406   -O                                                                        (1 = 0.2%) {79.9%}
461   -O                                                                        (1 = 0.2%) {80.1%}
524   -O                                                                        (2 = 0.5%) {80.3%}
595   --O                                                                       (3 = 0.7%) {80.8%}
676   ... 
991   --O                                                                       (3 = 0.7%) {81.5%}
1126  -----------------------------------------------O                          (76 = 17.8%) {82.2%}
1279  ... 

Histogram: Net.QuicSession.SendPacketSize.Handshake recorded 82 samples, mean = 85.4 (flags = 0x41)
0   ... 
36  -----O                                                                    (5 = 6.1%) {0.0%}
41  ---O                                                                      (3 = 3.7%) {6.1%}
47  -----O                                                                    (5 = 6.1%) {9.8%}
53  ... 
77  ------O                                                                   (6 = 7.3%) {15.9%}
87  -------------------------------------------------------------O            (61 = 74.4%) {23.2%}
99  --O                                                                       (2 = 2.4%) {97.6%}
113 ... 

Histogram: Net.QuicSession.SendPacketSize.Initial recorded 211 samples, mean = 833.1 (flags = 0x41)
0     ... 
41    -O                                                                        (2 = 0.9%) {0.0%}
47    --O                                                                       (3 = 1.4%) {0.9%}
53    ... 
99    ------------O                                                             (21 = 10.0%) {2.4%}
113   --------O                                                                 (15 = 7.1%) {12.3%}
128   --O                                                                       (3 = 1.4%) {19.4%}
145   -------O                                                                  (13 = 6.2%) {20.9%}
165   -------O                                                                  (12 = 5.7%) {27.0%}
188   ---O                                                                      (5 = 2.4%) {32.7%}
214   -O                                                                        (1 = 0.5%) {35.1%}
243   ... 
524   --O                                                                       (3 = 1.4%) {35.5%}
595   --O                                                                       (3 = 1.4%) {37.0%}
676   ... 
1126  ------------------------------------------------------------------------O (130 = 61.6%) {38.4%}
1279  ... 

Histogram: Net.QuicSession.ServerSideMtu recorded 68 samples (flags = 0x41)
1200  ---O                                                                      (3 = 4.4%)
1250  -----------------------------------------------------------------O        (65 = 95.6%)

Histogram: Net.QuicSession.SmoothedRTT recorded 68 samples, mean = 47.6 (flags = 0x41)
0   ... 
4   --O                                                                       (2 = 2.9%) {0.0%}
5   -O                                                                        (1 = 1.5%) {2.9%}
6   ... 
34  --------O                                                                 (8 = 11.8%) {4.4%}
40  --------------------------------O                                         (32 = 47.1%) {16.2%}
48  ---------O                                                                (9 = 13.2%) {63.2%}
57  -----------O                                                              (11 = 16.2%) {76.5%}
68  ----O                                                                     (4 = 5.9%) {92.6%}
81  -O                                                                        (1 = 1.5%) {98.5%}
96  ... 

Histogram: Net.QuicSession.StopSendingErrorCodeClient recorded 3 samples (flags = 0x41)
20  ---O                                                                      (3 = 100.0%)

Histogram: Net.QuicSession.StreamFlowControlBlocked recorded 36 samples, mean = 0.9 (flags = 0x41)
0  --O                                                                       (2 = 5.6%)
1  ----------------------------------O                                       (34 = 94.4%) {5.6%}
2  O                                                                         (0 = 0.0%) {100.0%}

Histogram: Net.QuicSession.StreamFrameDuplicatedShortConnection recorded 65 samples, mean = 0.0 (flags = 0x41)
0  -----------------------------------------------------------------O        (65 = 100.0%)
1  ... 

Histogram: Net.QuicSession.TimeFromResolveHostToConfirmConnection recorded 68 samples, mean = 39.0 (flags = 0x41)
0    --O                                                                       (2 = 2.9%)
1    ... 
4    ----------------O                                                         (16 = 23.5%) {2.9%}
5    --------------------------O                                               (26 = 38.2%) {26.5%}
6    -------O                                                                  (7 = 10.3%) {64.7%}
7    ---O                                                                      (3 = 4.4%) {75.0%}
8    --O                                                                       (2 = 2.9%) {79.4%}
10   ... 
14   --O                                                                       (2 = 2.9%) {82.4%}
17   ... 
24   ---O                                                                      (3 = 4.4%) {85.3%}
29   -O                                                                        (1 = 1.5%) {89.7%}
34   ... 
57   -O                                                                        (1 = 1.5%) {91.2%}
68   -O                                                                        (1 = 1.5%) {92.6%}
81   O                                                                         (0 = 0.0%) {94.1%}
96   -O                                                                        (1 = 1.5%) {94.1%}
114  ... 
633  ---O                                                                      (3 = 4.4%) {95.6%}
752  ... 

Histogram: Net.QuicSession.TooManyOpenStreams recorded 71 samples, mean = 0.0 (flags = 0x41)
0  -----------------------------------------------------------------------O  (71 = 100.0%)
1  ... 

Histogram: Net.QuicSession.TooSmallInitialSentPacket recorded 82 samples, mean = 1019.6 (flags = 0x41)
0     ... 
42    -O                                                                        (1 = 1.2%) {0.0%}
48    ... 
505   --O                                                                       (2 = 2.4%) {1.2%}
571   -O                                                                        (1 = 1.2%) {3.7%}
646   ---O                                                                      (3 = 3.7%) {4.9%}
731   ... 
936   -------------------------------O                                          (31 = 37.8%) {8.5%}
1060  --------------------------------------------O                             (44 = 53.7%) {46.3%}
1200  O                                                                         (0 = 0.0%) {100.0%}

Histogram: Net.QuicSession.UndecryptablePacketsReceived recorded 68 samples, mean = 0.5 (flags = 0x41)
0  -------------------------------------------------------------O            (61 = 89.7%)
1  ---O                                                                      (3 = 4.4%) {89.7%}
2  -O                                                                        (1 = 1.5%) {94.1%}
3  ... 
7  -O                                                                        (1 = 1.5%) {95.6%}
9  --O                                                                       (2 = 2.9%) {97.1%}
12 ... 

Histogram: Net.QuicSession.UndecryptablePacketsReceivedWithDecrypter recorded 68 samples, mean = 0.0 (flags = 0x41)
0  --------------------------------------------------------------------O     (68 = 100.0%)
1  ... 

Histogram: Net.QuicSession.ValidConnectionTime recorded 55 samples, mean = 0.0 (flags = 0x41)
0  -----------------------------------------------------O                    (53 = 96.4%)
1  --O                                                                       (2 = 3.6%) {96.4%}
2  ... 

Histogram: Net.QuicSession.VerifyProofTime recorded 69 samples, mean = 30.6 (flags = 0x41)
0    ---------------------------------------------------------O                (57 = 82.6%)
1    ... 
8    -O                                                                        (1 = 1.4%) {82.6%}
10   --O                                                                       (2 = 2.9%) {84.1%}
12   O                                                                         (0 = 0.0%) {87.0%}
14   ----O                                                                     (4 = 5.8%) {87.0%}
17   O                                                                         (0 = 0.0%) {92.8%}
20   --O                                                                       (2 = 2.9%) {92.8%}
24   ... 
633  ---O                                                                      (3 = 4.3%) {95.7%}
752  ... 

Histogram: Net.QuicSession.VerifyProofTime.google recorded 2 samples, mean = 5.0 (flags = 0x41)
0   -O                                                                        (1 = 50.0%)
1   ... 
10  -O                                                                        (1 = 50.0%) {50.0%}
12  ... 

Histogram: Net.QuicSession.ZeroRttReason recorded 68 samples, mean = 2.3 (flags = 0x41)
0  ... 
2  -------------------------------------------------------------O            (61 = 89.7%) {0.0%}
3  ... 
5  ------O                                                                   (6 = 8.8%) {89.7%}
6  -O                                                                        (1 = 1.5%) {98.5%}
7  ... 

Histogram: Net.QuicSession.ZeroRttReasonGoogle recorded 65 samples, mean = 2.2 (flags = 0x41)
0  ... 
2  -------------------------------------------------------------O            (61 = 93.8%) {0.0%}
3  ... 
5  ---O                                                                      (3 = 4.6%) {93.8%}
6  -O                                                                        (1 = 1.5%) {98.5%}
7  ... 

Histogram: Net.QuicSession.ZeroRttReasonNonGoogle recorded 3 samples, mean = 5.0 (flags = 0x41)
0  ... 
5  ---O                                                                      (3 = 100.0%) {0.0%}
6  ... 

Histogram: Net.QuicSession.ZeroRttState recorded 68 samples, mean = 0.2 (flags = 0x41)
0  -------------------------------------------------------------O            (61 = 89.7%)
1  -O                                                                        (1 = 1.5%) {89.7%}
2  ------O                                                                   (6 = 8.8%) {91.2%}
3  O                                                                         (0 = 0.0%) {100.0%}

Histogram: Net.Reporting.HeaderType recorded 66 samples, mean = 0.0 (flags = 0x41)
0  ------------------------------------------------------------------O       (66 = 100.0%)
1  ... 

Histogram: Net.RestrictedCookieManager.SiteForCookiesOK recorded 2 samples, mean = 1.0 (flags = 0x41)
0  O                                                                         (0 = 0.0%)
1  --O                                                                       (2 = 100.0%) {0.0%}
2  O                                                                         (0 = 0.0%) {100.0%}

Histogram: Net.RestrictedCookieManager.TopFrameOriginOK recorded 2 samples, mean = 1.0 (flags = 0x41)
0  O                                                                         (0 = 0.0%)
1  --O                                                                       (2 = 100.0%) {0.0%}
2  O                                                                         (0 = 0.0%) {100.0%}

Histogram: Net.SSLHandshakeDetails recorded 16 samples, mean = 6.1 (flags = 0x41)
0  ... 
6  --------------O                                                           (14 = 87.5%) {0.0%}
7  --O                                                                       (2 = 12.5%) {87.5%}
8  ... 

Histogram: Net.SSLNegotiatedAlpnProtocol recorded 16 samples, mean = 1.9 (flags = 0x41)
0  O                                                                         (0 = 0.0%)
1  -O                                                                        (1 = 6.2%) {0.0%}
2  ---------------O                                                          (15 = 93.8%) {6.2%}
3  ... 

Histogram: Net.SSLRenegotiationInfoSupported recorded 16 samples, mean = 1.0 (flags = 0x41)
0  O                                                                         (0 = 0.0%)
1  ----------------O                                                         (16 = 100.0%) {0.0%}
2  O                                                                         (0 = 0.0%) {100.0%}

Histogram: Net.SSLSignatureAlgorithm recorded 16 samples (flags = 0x41)
1027  -----------O                                                              (11 = 68.8%)
2052  -----O                                                                    (5 = 31.2%)

Histogram: Net.SSLVersion recorded 16 samples, mean = 6.0 (flags = 0x41)
0  ... 
6  ----------------O                                                         (16 = 100.0%) {0.0%}
7  ... 

Histogram: Net.SSL_CipherSuite recorded 16 samples (flags = 0x41)
4865  ---------O                                                                (9 = 56.2%)
4866  -------O                                                                  (7 = 43.8%)

Histogram: Net.SSL_Connection_Error recorded 16 samples (flags = 0x41)
0  ----------------O                                                         (16 = 100.0%)

Histogram: Net.SSL_Connection_Latency_2 recorded 16 samples, mean = 258.4 (flags = 0x41)
0    ... 
7    -O                                                                        (1 = 6.2%) {0.0%}
8    O                                                                         (0 = 0.0%) {6.2%}
9    ---O                                                                      (3 = 18.8%) {6.2%}
10   ... 
34   -O                                                                        (1 = 6.2%) {25.0%}
38   ... 
51   -O                                                                        (1 = 6.2%) {31.2%}
56   -O                                                                        (1 = 6.2%) {37.5%}
62   ... 
164  -O                                                                        (1 = 6.2%) {43.8%}
181  O                                                                         (0 = 0.0%) {50.0%}
200  -O                                                                        (1 = 6.2%) {50.0%}
221  -O                                                                        (1 = 6.2%) {56.2%}
244  ... 
440  -O                                                                        (1 = 6.2%) {62.5%}
485  O                                                                         (0 = 0.0%) {68.8%}
535  ---O                                                                      (3 = 18.8%) {68.8%}
590  --O                                                                       (2 = 12.5%) {87.5%}
651  ... 

Histogram: Net.SSL_KeyExchange.ECDHE recorded 16 samples (flags = 0x41)
29     -------------O                                                            (13 = 81.2%)
25497  ---O                                                                      (3 = 18.8%)

Histogram: Net.SharedDictionaryStorageOnDisk.IsMetadataReadyOnFirstUse recorded 1 samples, mean = 1.0 (flags = 0x41)
0  O                                                                         (0 = 0.0%)
1  -O                                                                        (1 = 100.0%) {0.0%}
2  O                                                                         (0 = 0.0%) {100.0%}

Histogram: Net.SharedDictionaryStorageOnDisk.MetadataReadTime.Empty recorded 1 samples, mean = 1.0 (flags = 0x41)
0  O                                                                         (0 = 0.0%)
1  -O                                                                        (1 = 100.0%) {0.0%}
2  ... 

Histogram: Net.SharedDictionaryStore.DeleteExpiredDictionaries.Error recorded 2 samples, mean = 0.0 (flags = 0x41)
0  --O                                                                       (2 = 100.0%)
1  ... 

Histogram: Net.SharedDictionaryStore.GetDictionaries.Error recorded 1 samples, mean = 0.0 (flags = 0x41)
0  -O                                                                        (1 = 100.0%)
1  ... 

Histogram: Net.SharedDictionaryStore.ProcessEviction.Error recorded 1 samples, mean = 0.0 (flags = 0x41)
0  -O                                                                        (1 = 100.0%)
1  ... 

Histogram: Net.SpdyFrameStreamAndSessionFlowControlState recorded 4 samples, mean = 0.0 (flags = 0x41)
0  ----O                                                                     (4 = 100.0%)
1  ... 

Histogram: Net.SpdyHeadersCompressionPercentage recorded 47 samples, mean = 80.3 (flags = 0x41)
0   ... 
34  -O                                                                        (1 = 2.1%) {0.0%}
35  -O                                                                        (1 = 2.1%) {2.1%}
36  O                                                                         (0 = 0.0%) {4.3%}
37  --O                                                                       (2 = 4.3%) {4.3%}
38  O                                                                         (0 = 0.0%) {8.5%}
39  -O                                                                        (1 = 2.1%) {8.5%}
40  -O                                                                        (1 = 2.1%) {10.6%}
41  -O                                                                        (1 = 2.1%) {12.8%}
42  -O                                                                        (1 = 2.1%) {14.9%}
43  O                                                                         (0 = 0.0%) {17.0%}
44  -O                                                                        (1 = 2.1%) {17.0%}
45  -O                                                                        (1 = 2.1%) {19.1%}
46  ... 
76  -O                                                                        (1 = 2.1%) {21.3%}
77  O                                                                         (0 = 0.0%) {23.4%}
78  -O                                                                        (1 = 2.1%) {23.4%}
79  -O                                                                        (1 = 2.1%) {25.5%}
80  ... 
84  -O                                                                        (1 = 2.1%) {27.7%}
85  ... 
90  -O                                                                        (1 = 2.1%) {29.8%}
91  O                                                                         (0 = 0.0%) {31.9%}
92  ---------O                                                                (9 = 19.1%) {31.9%}
93  ----------------O                                                         (16 = 34.0%) {51.1%}
94  -------O                                                                  (7 = 14.9%) {85.1%}
95  ... 

Histogram: Net.SpdyResponseCode recorded 47 samples (flags = 0x41)
200  -----------------------------------------O                                (41 = 87.2%)
204  -O                                                                        (1 = 2.1%)
302  -O                                                                        (1 = 2.1%)
308  -O                                                                        (1 = 2.1%)
400  -O                                                                        (1 = 2.1%)
403  --O                                                                       (2 = 4.3%)

Histogram: Net.SpdySession.AcceptChForOrigin recorded 47 samples, mean = 0.1 (flags = 0x41)
0  ------------------------------------------O                               (42 = 89.4%)
1  -----O                                                                    (5 = 10.6%) {89.4%}
2  O                                                                         (0 = 0.0%) {100.0%}

Histogram: Net.SpdySession.AlpsAcceptChEntries recorded 4 samples, mean = 1.0 (flags = 0x41)
0  O                                                                         (0 = 0.0%)
1  ----O                                                                     (4 = 100.0%) {0.0%}
2  ... 

Histogram: Net.SpdySession.AlpsDecoderStatus recorded 4 samples, mean = 0.0 (flags = 0x41)
0  ----O                                                                     (4 = 100.0%)
1  ... 

Histogram: Net.SpdySession.AlpsDecoderStatus.Bypassed recorded 4 samples, mean = 0.0 (flags = 0x41)
0  ----O                                                                     (4 = 100.0%)
1  ... 

Histogram: Net.SpdySession.AlpsSettingParameterCount recorded 4 samples, mean = 0.0 (flags = 0x41)
0  ----O                                                                     (4 = 100.0%)
1  ... 

Histogram: Net.SpdySession.ClosedOnError recorded 10 samples (flags = 0x41)
0  ----------O                                                               (10 = 100.0%)

Histogram: Net.SpdySession.CreateStreamWithSocketConnected recorded 47 samples, mean = 1.0 (flags = 0x41)
0  O                                                                         (0 = 0.0%)
1  -----------------------------------------------O                          (47 = 100.0%) {0.0%}
2  O                                                                         (0 = 0.0%) {100.0%}

Histogram: Net.SpdySession.GoAwayReceived recorded 10 samples (flags = 0x41)
0  ----------O                                                               (10 = 100.0%)

Histogram: Net.SpdySession.OnSettings.ActiveStreamCount2 recorded 10 samples, mean = 1.8 (flags = 0x41)
0   -O                                                                        (1 = 10.0%)
1   --------O                                                                 (8 = 80.0%) {10.0%}
2   ... 
10  -O                                                                        (1 = 10.0%) {90.0%}
11  ... 

Histogram: Net.SpdySession.OnSettings.CreatedAndActiveStreamCount2 recorded 10 samples, mean = 1.9 (flags = 0x41)
0   -O                                                                        (1 = 10.0%)
1   --------O                                                                 (8 = 80.0%) {10.0%}
2   ... 
11  -O                                                                        (1 = 10.0%) {90.0%}
12  ... 

Histogram: Net.SpdySession.OnSettings.CreatedStreamCount2 recorded 10 samples, mean = 0.1 (flags = 0x41)
0  ---------O                                                                (9 = 90.0%)
1  -O                                                                        (1 = 10.0%) {90.0%}
2  ... 

Histogram: Net.SpdySession.OnSettings.PendingStreamCount2 recorded 10 samples, mean = 0.0 (flags = 0x41)
0  ----------O                                                               (10 = 100.0%)
1  ... 

Histogram: Net.SpdySession.ServerSupportsWebSocket recorded 10 samples, mean = 0.0 (flags = 0x41)
0  ----------O                                                               (10 = 100.0%)
1  ... 

Histogram: Net.SpdySessionGet recorded 41 samples, mean = 1.5 (flags = 0x41)
0  O                                                                         (0 = 0.0%)
1  -------------------------------O                                          (31 = 75.6%) {0.0%}
2  O                                                                         (0 = 0.0%) {75.6%}
3  ----------O                                                               (10 = 24.4%) {75.6%}
4  O                                                                         (0 = 0.0%) {100.0%}

Histogram: Net.SpdyStreamsAbandonedPerSession recorded 10 samples, mean = 0.0 (flags = 0x41)
0  ----------O                                                               (10 = 100.0%)
1  ... 

Histogram: Net.SpdyStreamsPerSession recorded 10 samples, mean = 4.7 (flags = 0x41)
0   O                                                                         (0 = 0.0%)
1   ----O                                                                     (4 = 40.0%) {0.0%}
2   ----O                                                                     (4 = 40.0%) {40.0%}
3   ... 
5   -O                                                                        (1 = 10.0%) {80.0%}
6   ... 
30  -O                                                                        (1 = 10.0%) {90.0%}
33  ... 

Histogram: Net.TCP_Connection_Latency recorded 16 samples, mean = 56.1 (flags = 0x41)
0    ... 
3    -O                                                                        (1 = 6.2%) {0.0%}
4    ---O                                                                      (3 = 18.8%) {6.2%}
5    -O                                                                        (1 = 6.2%) {25.0%}
6    -O                                                                        (1 = 6.2%) {31.2%}
7    ... 
37   -O                                                                        (1 = 6.2%) {37.5%}
42   O                                                                         (0 = 0.0%) {43.8%}
48   ---O                                                                      (3 = 18.8%) {43.8%}
54   -O                                                                        (1 = 6.2%) {62.5%}
61   -O                                                                        (1 = 6.2%) {68.8%}
69   -O                                                                        (1 = 6.2%) {75.0%}
78   -O                                                                        (1 = 6.2%) {81.2%}
88   ... 
186  --O                                                                       (2 = 12.5%) {87.5%}
211  ... 

Histogram: Net.TcpConnectAttempt.Latency.Success recorded 16 samples, mean = 56.0 (flags = 0x41)
0    ------O                                                                   (6 = 37.5%)
10   ... 
33   -O                                                                        (1 = 6.2%) {37.5%}
41   -O                                                                        (1 = 6.2%) {43.8%}
50   ---O                                                                      (3 = 18.8%) {50.0%}
61   --O                                                                       (2 = 12.5%) {68.8%}
75   -O                                                                        (1 = 6.2%) {81.2%}
92   ... 
171  --O                                                                       (2 = 12.5%) {87.5%}
210  ... 

Histogram: Net.UDPSocketWinClose recorded 379 samples, mean = 0.0 (flags = 0x41)
0  ------------------------------------------------------------------------O (379 = 100.0%)
1  ... 

Histogram: Net.URLLoaderThrottle.OnReceiveResponseTime recorded 49 samples, mean = 0.2 (flags = 0x41)
0  ----------------------------------------------O                           (46 = 93.9%)
1  --O                                                                       (2 = 4.1%) {93.9%}
2  ... 
8  -O                                                                        (1 = 2.0%) {98.0%}
10 ... 

Histogram: Net.URLLoaderThrottleExecutionTime.BeforeWillProcessResponse recorded 247 samples, mean = 0.0 (flags = 0x41)
0  ------------------------------------------------------------------------O (247 = 100.0%)
1  ... 

Histogram: Net.URLLoaderThrottleExecutionTime.WillOnCompleteWithError recorded 20 samples, mean = 0.0 (flags = 0x41)
0  --------------------O                                                     (20 = 100.0%)
1  ... 

Histogram: Net.URLLoaderThrottleExecutionTime.WillProcessResponse recorded 247 samples, mean = 0.0 (flags = 0x41)
0  ------------------------------------------------------------------------O (247 = 100.0%)
1  ... 

Histogram: Net.URLLoaderThrottleExecutionTime.WillRedirectRequest recorded 21 samples, mean = 0.0 (flags = 0x41)
0  ---------------------O                                                    (21 = 100.0%)
1  ... 

Histogram: Net.URLLoaderThrottleExecutionTime.WillStartRequest recorded 267 samples, mean = 0.0 (flags = 0x41)
0  ------------------------------------------------------------------------O (267 = 100.0%)
1  ... 

Histogram: Net.URLRequest.ReferrerHasInformativePath.CrossOrigin recorded 110 samples, mean = 0.0 (flags = 0x41)
0  ------------------------------------------------------------------------O (110 = 100.0%)
1  ... 

Histogram: Net.URLRequest.ReferrerHasInformativePath.SameOrigin recorded 13 samples, mean = 1.0 (flags = 0x41)
0  O                                                                         (0 = 0.0%)
1  -------------O                                                            (13 = 100.0%) {0.0%}
2  O                                                                         (0 = 0.0%) {100.0%}

Histogram: Net.URLRequest.ReferrerPolicyForRequest.CrossOrigin recorded 110 samples, mean = 2.2 (flags = 0x41)
0  O                                                                         (0 = 0.0%)
1  -------------------------------------------O                              (43 = 39.1%) {0.0%}
2  O                                                                         (0 = 0.0%) {39.1%}
3  -------------------------------------------------------------------O      (67 = 60.9%) {39.1%}
4  ... 

Histogram: Net.URLRequest.ReferrerPolicyForRequest.SameOrigin recorded 13 samples, mean = 1.0 (flags = 0x41)
0  O                                                                         (0 = 0.0%)
1  -------------O                                                            (13 = 100.0%) {0.0%}
2  ... 

Histogram: Network.Mdns.Googlecast recorded 3 samples, mean = 0.0 (flags = 0x41)
0  ---O                                                                      (3 = 100.0%)
1  ... 

Histogram: NetworkService.DeletedOldCacheData recorded 1 samples, mean = 0.0 (flags = 0x41)
0  -O                                                                        (1 = 100.0%)
1  ... 

Histogram: NetworkService.GrantSandboxResult recorded 3 samples, mean = 2.3 (flags = 0x41)
0  --O                                                                       (2 = 66.7%)
1  ... 
7  -O                                                                        (1 = 33.3%) {66.7%}
8  ... 

Histogram: NetworkService.NetworkLoaderCompletionTime2.Network recorded 116 samples, mean = 333.7 (flags = 0x41)
0     ... 
6     -O                                                                        (1 = 0.9%) {0.0%}
7     O                                                                         (0 = 0.0%) {0.9%}
8     -O                                                                        (1 = 0.9%) {0.9%}
10    -O                                                                        (1 = 0.9%) {1.7%}
12    --O                                                                       (2 = 1.7%) {2.6%}
14    -O                                                                        (1 = 0.9%) {4.3%}
17    --O                                                                       (2 = 1.7%) {5.2%}
20    O                                                                         (0 = 0.0%) {6.9%}
24    -O                                                                        (1 = 0.9%) {6.9%}
29    O                                                                         (0 = 0.0%) {7.8%}
34    ---------O                                                                (9 = 7.8%) {7.8%}
40    ---O                                                                      (3 = 2.6%) {15.5%}
48    --------------O                                                           (14 = 12.1%) {18.1%}
57    ---O                                                                      (3 = 2.6%) {30.2%}
68    --O                                                                       (2 = 1.7%) {32.8%}
81    ... 
114   -O                                                                        (1 = 0.9%) {34.5%}
135   O                                                                         (0 = 0.0%) {35.3%}
160   -O                                                                        (1 = 0.9%) {35.3%}
190   ---O                                                                      (3 = 2.6%) {36.2%}
226   ---O                                                                      (3 = 2.6%) {38.8%}
268   O                                                                         (0 = 0.0%) {41.4%}
318   ------------O                                                             (12 = 10.3%) {41.4%}
378   ---------------O                                                          (15 = 12.9%) {51.7%}
449   -------------O                                                            (13 = 11.2%) {64.7%}
533   -------------------O                                                      (19 = 16.4%) {75.9%}
633   ----O                                                                     (4 = 3.4%) {92.2%}
752   --O                                                                       (2 = 1.7%) {95.7%}
894   O                                                                         (0 = 0.0%) {97.4%}
1062  ---O                                                                      (3 = 2.6%) {97.4%}
1262  ... 

Histogram: NetworkService.TimeToGrantCacheAccess recorded 1 samples, mean = 3.0 (flags = 0x41)
0  ... 
3  -O                                                                        (1 = 100.0%) {0.0%}
4  ... 

Histogram: NetworkService.TimeToGrantDataAccess recorded 2 samples, mean = 5.5 (flags = 0x41)
0  ... 
2  -O                                                                        (1 = 50.0%) {0.0%}
3  ... 
8  -O                                                                        (1 = 50.0%) {50.0%}
10 ... 

Histogram: NetworkService.TimeToGrantSharedDictionaryAccess recorded 1 samples, mean = 5.0 (flags = 0x41)
0  ... 
5  -O                                                                        (1 = 100.0%) {0.0%}
6  ... 

Histogram: NetworkService.TimeToMigrateData recorded 2 samples, mean = 1.0 (flags = 0x41)
0  -O                                                                        (1 = 50.0%)
1  O                                                                         (0 = 0.0%) {50.0%}
2  -O                                                                        (1 = 50.0%) {50.0%}
3  ... 

Histogram: NetworkedProfile.Check recorded 1 samples, mean = 4.0 (flags = 0x41)
0  ... 
4  -O                                                                        (1 = 100.0%) {0.0%}
5  ... 

Histogram: NewTabPage.MostVisited.DeciScore.0.Local recorded 1 samples, mean = 30.0 (flags = 0x41)
0   ... 
28  -O                                                                        (1 = 100.0%) {0.0%}
37  ... 

Histogram: NewTabPage.MostVisited.DeciScore.1.Local recorded 1 samples, mean = 30.0 (flags = 0x41)
0   ... 
28  -O                                                                        (1 = 100.0%) {0.0%}
37  ... 

Histogram: Notifications.UsingSystemNotificationCenter recorded 1 samples, mean = 0.0 (flags = 0x41)
0  -O                                                                        (1 = 100.0%)
1  ... 

Histogram: Notifications.Windows.GetDisplayedStatus recorded 1 samples, mean = 0.0 (flags = 0x41)
0  -O                                                                        (1 = 100.0%)
1  ... 

Histogram: Notifications.Windows.GetSettingPolicyStartup recorded 1 samples, mean = 2.0 (flags = 0x41)
0  ... 
2  -O                                                                        (1 = 100.0%) {0.0%}
3  ... 

Histogram: Notifications.Windows.GetSettingStatusStartup recorded 1 samples, mean = 0.0 (flags = 0x41)
0  -O                                                                        (1 = 100.0%)
1  ... 

Histogram: Notifications.Windows.HistoryStatus recorded 1 samples, mean = 0.0 (flags = 0x41)
0  -O                                                                        (1 = 100.0%)
1  ... 

Histogram: Notifications.Windows.SetReadyCallbackStatus2 recorded 1 samples, mean = 3.0 (flags = 0x41)
0  ... 
3  -O                                                                        (1 = 100.0%) {0.0%}
4  ... 

Histogram: Notifications.Windows.StartMenuShortcutStatus recorded 1 samples, mean = 2.0 (flags = 0x41)
0  ... 
2  -O                                                                        (1 = 100.0%) {0.0%}
3  ... 

Histogram: OSCrypt.AppBoundEncryption.SupportLevel recorded 1 samples, mean = 4.0 (flags = 0x41)
0  ... 
4  -O                                                                        (1 = 100.0%) {0.0%}
5  ... 

Histogram: OSCrypt.AppBoundProvider.KeyRetrieval.Status recorded 1 samples, mean = 1.0 (flags = 0x41)
0  O                                                                         (0 = 0.0%)
1  -O                                                                        (1 = 100.0%) {0.0%}
2  ... 

Histogram: OSCrypt.AsyncInitialization.Result recorded 1 samples, mean = 1.0 (flags = 0x41)
0  O                                                                         (0 = 0.0%)
1  -O                                                                        (1 = 100.0%) {0.0%}
2  O                                                                         (0 = 0.0%) {100.0%}

Histogram: OSCrypt.AsyncInitialization.Time recorded 1 samples, mean = 0.0 (flags = 0x41)
0  -O                                                                        (1 = 100.0%)
1  ... 

Histogram: OSCrypt.DPAPIProvider.Status recorded 1 samples, mean = 0.0 (flags = 0x41)
0  -O                                                                        (1 = 100.0%)
1  ... 

Histogram: OSCrypt.Win.Encrypt.Result recorded 1 samples, mean = 1.0 (flags = 0x41)
0  O                                                                         (0 = 0.0%)
1  -O                                                                        (1 = 100.0%) {0.0%}
2  O                                                                         (0 = 0.0%) {100.0%}

Histogram: OSCrypt.Win.Encrypt.Time recorded 1 samples, mean = 0.0 (flags = 0x41)
0  -O                                                                        (1 = 100.0%)
1  ... 

Histogram: Omnibox.KeywordModeUsageByEngineType.ActiveOnStartup recorded 4 samples, mean = 3.5 (flags = 0x41)
0  ... 
2  -O                                                                        (1 = 25.0%) {0.0%}
3  -O                                                                        (1 = 25.0%) {25.0%}
4  -O                                                                        (1 = 25.0%) {50.0%}
5  -O                                                                        (1 = 25.0%) {75.0%}
6  O                                                                         (0 = 0.0%) {100.0%}

Histogram: Omnibox.KeywordModeUsageByEngineType.InactiveOnStartup recorded 5 samples, mean = 1.0 (flags = 0x41)
0  O                                                                         (0 = 0.0%)
1  -----O                                                                    (5 = 100.0%) {0.0%}
2  ... 

Histogram: Omnibox.TemplateUrl.RlzPresent recorded 176 samples, mean = 0.0 (flags = 0x41)
0  ------------------------------------------------------------------------O (176 = 100.0%)
1  ... 

Histogram: Omnibox.TemplateUrl.SearchClientPresent recorded 176 samples, mean = 0.0 (flags = 0x41)
0  ------------------------------------------------------------------------O (176 = 100.0%)
1  ... 

Histogram: OptimizationGuide.ApplyDecision.AboutThisSite recorded 1 samples, mean = 8.0 (flags = 0x41)
0  ... 
8  -O                                                                        (1 = 100.0%) {0.0%}
9  ... 

Histogram: OptimizationGuide.ApplyDecision.HistoryClusters recorded 4 samples, mean = 8.0 (flags = 0x41)
0  ... 
8  ----O                                                                     (4 = 100.0%) {0.0%}
9  ... 

Histogram: OptimizationGuide.ApplyDecision.V8CompileHints recorded 1 samples, mean = 8.0 (flags = 0x41)
0  ... 
8  -O                                                                        (1 = 100.0%) {0.0%}
9  ... 

Histogram: OptimizationGuide.ClearFetchedHints.StoreAvailable recorded 1 samples, mean = 1.0 (flags = 0x41)
0  O                                                                         (0 = 0.0%)
1  -O                                                                        (1 = 100.0%) {0.0%}
2  O                                                                         (0 = 0.0%) {100.0%}

Histogram: OptimizationGuide.HintCacheLevelDBStore.LoadMetadataResult recorded 1 samples, mean = 2.0 (flags = 0x41)
0  ... 
2  -O                                                                        (1 = 100.0%) {0.0%}
3  ... 

Histogram: OptimizationGuide.HintCacheLevelDBStore.Status recorded 3 samples, mean = 1.0 (flags = 0x41)
0  -O                                                                        (1 = 33.3%)
1  -O                                                                        (1 = 33.3%) {33.3%}
2  -O                                                                        (1 = 33.3%) {66.7%}
3  ... 

Histogram: OptimizationGuide.HintsManager.HintCacheInitialized recorded 1 samples, mean = 1.0 (flags = 0x40)
0  O                                                                         (0 = 0.0%)
1  -O                                                                        (1 = 100.0%) {0.0%}
2  O                                                                         (0 = 0.0%) {100.0%}

Histogram: OptimizationGuide.LoadedHint.Result recorded 4 samples, mean = 0.0 (flags = 0x40)
0  ----O                                                                     (4 = 100.0%)
1  ... 

Histogram: OptimizationGuide.ModelExecution.FeatureCurrentlyEnabledResult.Compose recorded 1 samples, mean = 1.0 (flags = 0x41)
0  O                                                                         (0 = 0.0%)
1  -O                                                                        (1 = 100.0%) {0.0%}
2  ... 

Histogram: OptimizationGuide.ModelExecution.FeatureCurrentlyEnabledResult.HistorySearch recorded 2 samples, mean = 3.0 (flags = 0x41)
0  ... 
3  --O                                                                       (2 = 100.0%) {0.0%}
4  ... 

Histogram: OptimizationGuide.ModelExecution.FeatureCurrentlyEnabledResult.TabOrganization recorded 1 samples, mean = 3.0 (flags = 0x41)
0  ... 
3  -O                                                                        (1 = 100.0%) {0.0%}
4  ... 

Histogram: OptimizationGuide.ModelExecution.FeatureCurrentlyEnabledResult.WallpaperSearch recorded 1 samples, mean = 1.0 (flags = 0x41)
0  O                                                                         (0 = 0.0%)
1  -O                                                                        (1 = 100.0%) {0.0%}
2  ... 

Histogram: OptimizationGuide.ModelExecution.FeatureEnabledAtStartup.Compose recorded 1 samples, mean = 0.0 (flags = 0x41)
0  -O                                                                        (1 = 100.0%)
1  ... 

Histogram: OptimizationGuide.ModelExecution.FeatureEnabledAtStartup.HistorySearch recorded 1 samples, mean = 0.0 (flags = 0x41)
0  -O                                                                        (1 = 100.0%)
1  ... 

Histogram: OptimizationGuide.ModelExecution.FeatureEnabledAtStartup.TabOrganization recorded 1 samples, mean = 0.0 (flags = 0x41)
0  -O                                                                        (1 = 100.0%)
1  ... 

Histogram: OptimizationGuide.ModelExecution.FeatureEnabledAtStartup.WallpaperSearch recorded 1 samples, mean = 0.0 (flags = 0x41)
0  -O                                                                        (1 = 100.0%)
1  ... 

Histogram: OptimizationGuide.ModelExecution.OnDeviceModelInstallCriteria.AtRegistration.All recorded 1 samples, mean = 0.0 (flags = 0x41)
0  -O                                                                        (1 = 100.0%)
1  ... 

Histogram: OptimizationGuide.ModelExecution.OnDeviceModelInstallCriteria.AtRegistration.DeviceCapability recorded 1 samples, mean = 0.0 (flags = 0x41)
0  -O                                                                        (1 = 100.0%)
1  ... 

Histogram: OptimizationGuide.ModelExecution.OnDeviceModelInstallCriteria.AtRegistration.DiskSpace recorded 1 samples, mean = 1.0 (flags = 0x41)
0  O                                                                         (0 = 0.0%)
1  -O                                                                        (1 = 100.0%) {0.0%}
2  O                                                                         (0 = 0.0%) {100.0%}

Histogram: OptimizationGuide.ModelExecution.OnDeviceModelInstallCriteria.AtRegistration.EnabledByEnterprisePolicy recorded 1 samples, mean = 1.0 (flags = 0x41)
0  O                                                                         (0 = 0.0%)
1  -O                                                                        (1 = 100.0%) {0.0%}
2  O                                                                         (0 = 0.0%) {100.0%}

Histogram: OptimizationGuide.ModelExecution.OnDeviceModelInstallCriteria.AtRegistration.EnabledByFeature recorded 1 samples, mean = 0.0 (flags = 0x41)
0  -O                                                                        (1 = 100.0%)
1  ... 

Histogram: OptimizationGuide.ModelExecution.OnDeviceModelInstallCriteria.AtRegistration.FeatureUse recorded 1 samples, mean = 0.0 (flags = 0x41)
0  -O                                                                        (1 = 100.0%)
1  ... 

Histogram: OptimizationGuide.ModelExecutor.ExecutionStatus.PageVisibility recorded 4 samples, mean = 3.0 (flags = 0x41)
0  ... 
3  ----O                                                                     (4 = 100.0%) {0.0%}
4  ... 

Histogram: OptimizationGuide.ModelExecutor.ModelAvailableToLoad.PageVisibility recorded 4 samples, mean = 0.0 (flags = 0x41)
0  ----O                                                                     (4 = 100.0%)
1  ... 

Histogram: OptimizationGuide.ModelExecutor.TaskExecutionLatency.PageVisibility recorded 4 samples, mean = 331.0 (flags = 0x41)
0    ... 
280  ----O                                                                     (4 = 100.0%) {0.0%}
356  ... 

Histogram: OptimizationGuide.ModelExecutor.TaskSchedulingLatency.PageVisibility recorded 4 samples, mean = 0.0 (flags = 0x41)
0  ----O                                                                     (4 = 100.0%)
1  ... 

Histogram: OptimizationGuide.ModelHandler.HandlerCreated.GeolocationPermissions recorded 1 samples, mean = 1.0 (flags = 0x41)
0  O                                                                         (0 = 0.0%)
1  -O                                                                        (1 = 100.0%) {0.0%}
2  O                                                                         (0 = 0.0%) {100.0%}

Histogram: OptimizationGuide.ModelHandler.HandlerCreated.NewTabPageHistoryClustersModuleRanking recorded 1 samples, mean = 1.0 (flags = 0x41)
0  O                                                                         (0 = 0.0%)
1  -O                                                                        (1 = 100.0%) {0.0%}
2  O                                                                         (0 = 0.0%) {100.0%}

Histogram: OptimizationGuide.ModelHandler.HandlerCreated.NotificationPermissions recorded 1 samples, mean = 1.0 (flags = 0x41)
0  O                                                                         (0 = 0.0%)
1  -O                                                                        (1 = 100.0%) {0.0%}
2  O                                                                         (0 = 0.0%) {100.0%}

Histogram: OptimizationGuide.ModelHandler.HandlerCreated.OmniboxUrlScoring recorded 1 samples, mean = 1.0 (flags = 0x41)
0  O                                                                         (0 = 0.0%)
1  -O                                                                        (1 = 100.0%) {0.0%}
2  O                                                                         (0 = 0.0%) {100.0%}

Histogram: OptimizationGuide.ModelHandler.HandlerCreated.PageTopicsV2 recorded 1 samples, mean = 1.0 (flags = 0x41)
0  O                                                                         (0 = 0.0%)
1  -O                                                                        (1 = 100.0%) {0.0%}
2  O                                                                         (0 = 0.0%) {100.0%}

Histogram: OptimizationGuide.ModelHandler.HandlerCreated.PageVisibility recorded 1 samples, mean = 1.0 (flags = 0x41)
0  O                                                                         (0 = 0.0%)
1  -O                                                                        (1 = 100.0%) {0.0%}
2  O                                                                         (0 = 0.0%) {100.0%}

Histogram: OptimizationGuide.ModelHandler.HandlerCreated.SegmentationChromeLowUserEngagement recorded 1 samples, mean = 1.0 (flags = 0x41)
0  O                                                                         (0 = 0.0%)
1  -O                                                                        (1 = 100.0%) {0.0%}
2  O                                                                         (0 = 0.0%) {100.0%}

Histogram: OptimizationGuide.ModelHandler.HandlerCreated.SegmentationComposePromotion recorded 1 samples, mean = 1.0 (flags = 0x41)
0  O                                                                         (0 = 0.0%)
1  -O                                                                        (1 = 100.0%) {0.0%}
2  O                                                                         (0 = 0.0%) {100.0%}

Histogram: OptimizationGuide.ModelHandler.HandlerCreated.SegmentationDeviceSwitcher recorded 1 samples, mean = 1.0 (flags = 0x41)
0  O                                                                         (0 = 0.0%)
1  -O                                                                        (1 = 100.0%) {0.0%}
2  O                                                                         (0 = 0.0%) {100.0%}

Histogram: OptimizationGuide.ModelHandler.HandlerCreated.SegmentationSearchUser recorded 1 samples, mean = 1.0 (flags = 0x41)
0  O                                                                         (0 = 0.0%)
1  -O                                                                        (1 = 100.0%) {0.0%}
2  O                                                                         (0 = 0.0%) {100.0%}

Histogram: OptimizationGuide.ModelHandler.HandlerCreated.SegmentationShoppingUser recorded 1 samples, mean = 1.0 (flags = 0x41)
0  O                                                                         (0 = 0.0%)
1  -O                                                                        (1 = 100.0%) {0.0%}
2  O                                                                         (0 = 0.0%) {100.0%}

Histogram: OptimizationGuide.ModelHandler.HandlerCreated.URLVisitResumptionRanker recorded 1 samples, mean = 1.0 (flags = 0x41)
0  O                                                                         (0 = 0.0%)
1  -O                                                                        (1 = 100.0%) {0.0%}
2  O                                                                         (0 = 0.0%) {100.0%}

Histogram: OptimizationGuide.ModelHandler.HandlerCreated.WebAppInstallationPromo recorded 1 samples, mean = 1.0 (flags = 0x41)
0  O                                                                         (0 = 0.0%)
1  -O                                                                        (1 = 100.0%) {0.0%}
2  O                                                                         (0 = 0.0%) {100.0%}

Histogram: OptimizationGuide.PageContentAnnotations.AnnotateVisitResultCached recorded 4 samples, mean = 0.0 (flags = 0x41)
0  ----O                                                                     (4 = 100.0%)
1  ... 

Histogram: OptimizationGuide.PageContentAnnotations.BatchRequestedSize.ContentVisibility recorded 1 samples, mean = 4.0 (flags = 0x41)
0  ... 
4  -O                                                                        (1 = 100.0%) {0.0%}
5  ... 

Histogram: OptimizationGuide.PageContentAnnotations.BatchSuccess.ContentVisibility recorded 1 samples, mean = 0.0 (flags = 0x41)
0  -O                                                                        (1 = 100.0%)
1  ... 

Histogram: OptimizationGuide.PageContentAnnotations.JobExecutionTime.ContentVisibility recorded 1 samples, mean = 331.0 (flags = 0x41)
0    ... 
280  -O                                                                        (1 = 100.0%) {0.0%}
356  ... 

Histogram: OptimizationGuide.PageContentAnnotations.JobScheduleTime.ContentVisibility recorded 1 samples, mean = 0.0 (flags = 0x41)
0  -O                                                                        (1 = 100.0%)
1  ... 

Histogram: OptimizationGuide.PageContentAnnotationsService.ContentAnnotated recorded 4 samples, mean = 0.0 (flags = 0x41)
0  ----O                                                                     (4 = 100.0%)
1  ... 

Histogram: OptimizationGuide.PredictionManager.DownloadServiceAvailabilityBlockedFetch recorded 61 samples, mean = 0.0 (flags = 0x41)
0  -------------------------------------------------------------O            (61 = 100.0%)
1  ... 

Histogram: OptimizationGuide.PredictionManager.FirstModelFetchSinceServiceInit recorded 1 samples, mean = 10002.0 (flags = 0x41)
0     ... 
8000  -O                                                                        (1 = 100.0%) {0.0%}
10165 ... 

Histogram: OptimizationGuide.PredictionManager.ModelAvailableAtRegistration.ClientSidePhishing recorded 1 samples, mean = 0.0 (flags = 0x41)
0  -O                                                                        (1 = 100.0%)
1  ... 

Histogram: OptimizationGuide.PredictionManager.ModelAvailableAtRegistration.GeolocationPermissions recorded 1 samples, mean = 0.0 (flags = 0x41)
0  -O                                                                        (1 = 100.0%)
1  ... 

Histogram: OptimizationGuide.PredictionManager.ModelAvailableAtRegistration.LanguageDetection recorded 2 samples, mean = 0.0 (flags = 0x41)
0  --O                                                                       (2 = 100.0%)
1  ... 

Histogram: OptimizationGuide.PredictionManager.ModelAvailableAtRegistration.NewTabPageHistoryClustersModuleRanking recorded 1 samples, mean = 0.0 (flags = 0x41)
0  -O                                                                        (1 = 100.0%)
1  ... 

Histogram: OptimizationGuide.PredictionManager.ModelAvailableAtRegistration.NotificationPermissions recorded 1 samples, mean = 0.0 (flags = 0x41)
0  -O                                                                        (1 = 100.0%)
1  ... 

Histogram: OptimizationGuide.PredictionManager.ModelAvailableAtRegistration.OmniboxUrlScoring recorded 1 samples, mean = 0.0 (flags = 0x41)
0  -O                                                                        (1 = 100.0%)
1  ... 

Histogram: OptimizationGuide.PredictionManager.ModelAvailableAtRegistration.PageTopicsV2 recorded 1 samples, mean = 0.0 (flags = 0x41)
0  -O                                                                        (1 = 100.0%)
1  ... 

Histogram: OptimizationGuide.PredictionManager.ModelAvailableAtRegistration.PageVisibility recorded 1 samples, mean = 0.0 (flags = 0x41)
0  -O                                                                        (1 = 100.0%)
1  ... 

Histogram: OptimizationGuide.PredictionManager.ModelAvailableAtRegistration.SegmentationChromeLowUserEngagement recorded 1 samples, mean = 0.0 (flags = 0x41)
0  -O                                                                        (1 = 100.0%)
1  ... 

Histogram: OptimizationGuide.PredictionManager.ModelAvailableAtRegistration.SegmentationComposePromotion recorded 1 samples, mean = 0.0 (flags = 0x41)
0  -O                                                                        (1 = 100.0%)
1  ... 

Histogram: OptimizationGuide.PredictionManager.ModelAvailableAtRegistration.SegmentationDeviceSwitcher recorded 1 samples, mean = 0.0 (flags = 0x41)
0  -O                                                                        (1 = 100.0%)
1  ... 

Histogram: OptimizationGuide.PredictionManager.ModelAvailableAtRegistration.SegmentationSearchUser recorded 1 samples, mean = 0.0 (flags = 0x41)
0  -O                                                                        (1 = 100.0%)
1  ... 

Histogram: OptimizationGuide.PredictionManager.ModelAvailableAtRegistration.SegmentationShoppingUser recorded 1 samples, mean = 0.0 (flags = 0x41)
0  -O                                                                        (1 = 100.0%)
1  ... 

Histogram: OptimizationGuide.PredictionManager.ModelAvailableAtRegistration.TextSafety recorded 1 samples, mean = 0.0 (flags = 0x41)
0  -O                                                                        (1 = 100.0%)
1  ... 

Histogram: OptimizationGuide.PredictionManager.ModelAvailableAtRegistration.URLVisitResumptionRanker recorded 1 samples, mean = 0.0 (flags = 0x41)
0  -O                                                                        (1 = 100.0%)
1  ... 

Histogram: OptimizationGuide.PredictionManager.ModelAvailableAtRegistration.VisualSearchClassification recorded 1 samples, mean = 0.0 (flags = 0x41)
0  -O                                                                        (1 = 100.0%)
1  ... 

Histogram: OptimizationGuide.PredictionManager.ModelAvailableAtRegistration.WebAppInstallationPromo recorded 1 samples, mean = 0.0 (flags = 0x41)
0  -O                                                                        (1 = 100.0%)
1  ... 

Histogram: OptimizationGuide.PredictionManager.ModelDeliveryEvents.ClientSidePhishing recorded 122 samples, mean = 5.5 (flags = 0x41)
0  ... 
3  -------------------------------------------------------------O            (61 = 50.0%) {0.0%}
4  ... 
8  -------------------------------------------------------------O            (61 = 50.0%) {50.0%}
9  ... 

Histogram: OptimizationGuide.PredictionManager.ModelDeliveryEvents.GeolocationPermissions recorded 122 samples, mean = 5.5 (flags = 0x41)
0  ... 
3  -------------------------------------------------------------O            (61 = 50.0%) {0.0%}
4  ... 
8  -------------------------------------------------------------O            (61 = 50.0%) {50.0%}
9  ... 

Histogram: OptimizationGuide.PredictionManager.ModelDeliveryEvents.LanguageDetection recorded 122 samples, mean = 5.5 (flags = 0x41)
0  ... 
3  -------------------------------------------------------------O            (61 = 50.0%) {0.0%}
4  ... 
8  -------------------------------------------------------------O            (61 = 50.0%) {50.0%}
9  ... 

Histogram: OptimizationGuide.PredictionManager.ModelDeliveryEvents.NewTabPageHistoryClustersModuleRanking recorded 122 samples, mean = 5.5 (flags = 0x41)
0  ... 
3  -------------------------------------------------------------O            (61 = 50.0%) {0.0%}
4  ... 
8  -------------------------------------------------------------O            (61 = 50.0%) {50.0%}
9  ... 

Histogram: OptimizationGuide.PredictionManager.ModelDeliveryEvents.NotificationPermissions recorded 122 samples, mean = 5.5 (flags = 0x41)
0  ... 
3  -------------------------------------------------------------O            (61 = 50.0%) {0.0%}
4  ... 
8  -------------------------------------------------------------O            (61 = 50.0%) {50.0%}
9  ... 

Histogram: OptimizationGuide.PredictionManager.ModelDeliveryEvents.OmniboxUrlScoring recorded 122 samples, mean = 5.5 (flags = 0x41)
0  ... 
3  -------------------------------------------------------------O            (61 = 50.0%) {0.0%}
4  ... 
8  -------------------------------------------------------------O            (61 = 50.0%) {50.0%}
9  ... 

Histogram: OptimizationGuide.PredictionManager.ModelDeliveryEvents.PageTopicsV2 recorded 122 samples, mean = 5.5 (flags = 0x41)
0  ... 
3  -------------------------------------------------------------O            (61 = 50.0%) {0.0%}
4  ... 
8  -------------------------------------------------------------O            (61 = 50.0%) {50.0%}
9  ... 

Histogram: OptimizationGuide.PredictionManager.ModelDeliveryEvents.PageVisibility recorded 122 samples, mean = 5.5 (flags = 0x41)
0  ... 
3  -------------------------------------------------------------O            (61 = 50.0%) {0.0%}
4  ... 
8  -------------------------------------------------------------O            (61 = 50.0%) {50.0%}
9  ... 

Histogram: OptimizationGuide.PredictionManager.ModelDeliveryEvents.SegmentationChromeLowUserEngagement recorded 122 samples, mean = 5.5 (flags = 0x41)
0  ... 
3  -------------------------------------------------------------O            (61 = 50.0%) {0.0%}
4  ... 
8  -------------------------------------------------------------O            (61 = 50.0%) {50.0%}
9  ... 

Histogram: OptimizationGuide.PredictionManager.ModelDeliveryEvents.SegmentationComposePromotion recorded 122 samples, mean = 5.5 (flags = 0x41)
0  ... 
3  -------------------------------------------------------------O            (61 = 50.0%) {0.0%}
4  ... 
8  -------------------------------------------------------------O            (61 = 50.0%) {50.0%}
9  ... 

Histogram: OptimizationGuide.PredictionManager.ModelDeliveryEvents.SegmentationDeviceSwitcher recorded 122 samples, mean = 5.5 (flags = 0x41)
0  ... 
3  -------------------------------------------------------------O            (61 = 50.0%) {0.0%}
4  ... 
8  -------------------------------------------------------------O            (61 = 50.0%) {50.0%}
9  ... 

Histogram: OptimizationGuide.PredictionManager.ModelDeliveryEvents.SegmentationSearchUser recorded 122 samples, mean = 5.5 (flags = 0x41)
0  ... 
3  -------------------------------------------------------------O            (61 = 50.0%) {0.0%}
4  ... 
8  -------------------------------------------------------------O            (61 = 50.0%) {50.0%}
9  ... 

Histogram: OptimizationGuide.PredictionManager.ModelDeliveryEvents.SegmentationShoppingUser recorded 122 samples, mean = 5.5 (flags = 0x41)
0  ... 
3  -------------------------------------------------------------O            (61 = 50.0%) {0.0%}
4  ... 
8  -------------------------------------------------------------O            (61 = 50.0%) {50.0%}
9  ... 

Histogram: OptimizationGuide.PredictionManager.ModelDeliveryEvents.TextSafety recorded 122 samples, mean = 5.5 (flags = 0x41)
0  ... 
3  -------------------------------------------------------------O            (61 = 50.0%) {0.0%}
4  ... 
8  -------------------------------------------------------------O            (61 = 50.0%) {50.0%}
9  ... 

Histogram: OptimizationGuide.PredictionManager.ModelDeliveryEvents.URLVisitResumptionRanker recorded 122 samples, mean = 5.5 (flags = 0x41)
0  ... 
3  -------------------------------------------------------------O            (61 = 50.0%) {0.0%}
4  ... 
8  -------------------------------------------------------------O            (61 = 50.0%) {50.0%}
9  ... 

Histogram: OptimizationGuide.PredictionManager.ModelDeliveryEvents.VisualSearchClassification recorded 122 samples, mean = 5.5 (flags = 0x41)
0  ... 
3  -------------------------------------------------------------O            (61 = 50.0%) {0.0%}
4  ... 
8  -------------------------------------------------------------O            (61 = 50.0%) {50.0%}
9  ... 

Histogram: OptimizationGuide.PredictionManager.ModelDeliveryEvents.WebAppInstallationPromo recorded 122 samples, mean = 5.5 (flags = 0x41)
0  ... 
3  -------------------------------------------------------------O            (61 = 50.0%) {0.0%}
4  ... 
8  -------------------------------------------------------------O            (61 = 50.0%) {50.0%}
9  ... 

Histogram: OptimizationGuide.PredictionManager.RegistrationTimeSinceServiceInit.ClientSidePhishing recorded 1 samples, mean = 0.0 (flags = 0x41)
0  -O                                                                        (1 = 100.0%)
1  ... 

Histogram: OptimizationGuide.PredictionManager.RegistrationTimeSinceServiceInit.GeolocationPermissions recorded 1 samples, mean = 0.0 (flags = 0x41)
0  -O                                                                        (1 = 100.0%)
1  ... 

Histogram: OptimizationGuide.PredictionManager.RegistrationTimeSinceServiceInit.LanguageDetection recorded 2 samples, mean = 8.5 (flags = 0x41)
0   -O                                                                        (1 = 50.0%)
1   ... 
16  -O                                                                        (1 = 50.0%) {50.0%}
20  ... 

Histogram: OptimizationGuide.PredictionManager.RegistrationTimeSinceServiceInit.NewTabPageHistoryClustersModuleRanking recorded 1 samples, mean = 0.0 (flags = 0x41)
0  -O                                                                        (1 = 100.0%)
1  ... 

Histogram: OptimizationGuide.PredictionManager.RegistrationTimeSinceServiceInit.NotificationPermissions recorded 1 samples, mean = 0.0 (flags = 0x41)
0  -O                                                                        (1 = 100.0%)
1  ... 

Histogram: OptimizationGuide.PredictionManager.RegistrationTimeSinceServiceInit.OmniboxUrlScoring recorded 1 samples, mean = 0.0 (flags = 0x41)
0  -O                                                                        (1 = 100.0%)
1  ... 

Histogram: OptimizationGuide.PredictionManager.RegistrationTimeSinceServiceInit.PageTopicsV2 recorded 1 samples, mean = 0.0 (flags = 0x41)
0  -O                                                                        (1 = 100.0%)
1  ... 

Histogram: OptimizationGuide.PredictionManager.RegistrationTimeSinceServiceInit.PageVisibility recorded 1 samples, mean = 0.0 (flags = 0x41)
0  -O                                                                        (1 = 100.0%)
1  ... 

Histogram: OptimizationGuide.PredictionManager.RegistrationTimeSinceServiceInit.SegmentationChromeLowUserEngagement recorded 1 samples, mean = 2715.0 (flags = 0x41)
0     ... 
2415  -O                                                                        (1 = 100.0%) {0.0%}
3069  ... 

Histogram: OptimizationGuide.PredictionManager.RegistrationTimeSinceServiceInit.SegmentationComposePromotion recorded 1 samples, mean = 2716.0 (flags = 0x41)
0     ... 
2415  -O                                                                        (1 = 100.0%) {0.0%}
3069  ... 

Histogram: OptimizationGuide.PredictionManager.RegistrationTimeSinceServiceInit.SegmentationDeviceSwitcher recorded 1 samples, mean = 2716.0 (flags = 0x41)
0     ... 
2415  -O                                                                        (1 = 100.0%) {0.0%}
3069  ... 

Histogram: OptimizationGuide.PredictionManager.RegistrationTimeSinceServiceInit.SegmentationSearchUser recorded 1 samples, mean = 2716.0 (flags = 0x41)
0     ... 
2415  -O                                                                        (1 = 100.0%) {0.0%}
3069  ... 

Histogram: OptimizationGuide.PredictionManager.RegistrationTimeSinceServiceInit.SegmentationShoppingUser recorded 1 samples, mean = 2716.0 (flags = 0x41)
0     ... 
2415  -O                                                                        (1 = 100.0%) {0.0%}
3069  ... 

Histogram: OptimizationGuide.PredictionManager.RegistrationTimeSinceServiceInit.TextSafety recorded 1 samples, mean = 0.0 (flags = 0x41)
0  -O                                                                        (1 = 100.0%)
1  ... 

Histogram: OptimizationGuide.PredictionManager.RegistrationTimeSinceServiceInit.URLVisitResumptionRanker recorded 1 samples, mean = 2716.0 (flags = 0x41)
0     ... 
2415  -O                                                                        (1 = 100.0%) {0.0%}
3069  ... 

Histogram: OptimizationGuide.PredictionManager.RegistrationTimeSinceServiceInit.VisualSearchClassification recorded 1 samples, mean = 0.0 (flags = 0x41)
0  -O                                                                        (1 = 100.0%)
1  ... 

Histogram: OptimizationGuide.PredictionManager.RegistrationTimeSinceServiceInit.WebAppInstallationPromo recorded 1 samples, mean = 2716.0 (flags = 0x41)
0     ... 
2415  -O                                                                        (1 = 100.0%) {0.0%}
3069  ... 

Histogram: OptimizationGuide.PredictionManager.StoreInitialized recorded 1 samples, mean = 1.0 (flags = 0x40)
0  O                                                                         (0 = 0.0%)
1  -O                                                                        (1 = 100.0%) {0.0%}
2  O                                                                         (0 = 0.0%) {100.0%}

Histogram: OptimizationGuide.PredictionManager.SupportedModelEngineVersion recorded 61 samples, mean = 18.0 (flags = 0x40)
0   ... 
18  -------------------------------------------------------------O            (61 = 100.0%) {0.0%}
19  ... 

Histogram: OptimizationGuide.PredictionModelFetcher.GetModelsResponse.NetErrorCode recorded 61 samples (flags = 0x41)
379  -------------------------------------------------------------O            (61 = 100.0%)

Histogram: OptimizationGuide.PredictionModelFetcher.GetModelsResponse.NetErrorCode.ClientSidePhishing recorded 61 samples (flags = 0x41)
379  -------------------------------------------------------------O            (61 = 100.0%)

Histogram: OptimizationGuide.PredictionModelFetcher.GetModelsResponse.NetErrorCode.GeolocationPermissions recorded 61 samples (flags = 0x41)
379  -------------------------------------------------------------O            (61 = 100.0%)

Histogram: OptimizationGuide.PredictionModelFetcher.GetModelsResponse.NetErrorCode.LanguageDetection recorded 61 samples (flags = 0x41)
379  -------------------------------------------------------------O            (61 = 100.0%)

Histogram: OptimizationGuide.PredictionModelFetcher.GetModelsResponse.NetErrorCode.NewTabPageHistoryClustersModuleRanking recorded 61 samples (flags = 0x41)
379  -------------------------------------------------------------O            (61 = 100.0%)

Histogram: OptimizationGuide.PredictionModelFetcher.GetModelsResponse.NetErrorCode.NotificationPermissions recorded 61 samples (flags = 0x41)
379  -------------------------------------------------------------O            (61 = 100.0%)

Histogram: OptimizationGuide.PredictionModelFetcher.GetModelsResponse.NetErrorCode.OmniboxUrlScoring recorded 61 samples (flags = 0x41)
379  -------------------------------------------------------------O            (61 = 100.0%)

Histogram: OptimizationGuide.PredictionModelFetcher.GetModelsResponse.NetErrorCode.PageTopicsV2 recorded 61 samples (flags = 0x41)
379  -------------------------------------------------------------O            (61 = 100.0%)

Histogram: OptimizationGuide.PredictionModelFetcher.GetModelsResponse.NetErrorCode.PageVisibility recorded 61 samples (flags = 0x41)
379  -------------------------------------------------------------O            (61 = 100.0%)

Histogram: OptimizationGuide.PredictionModelFetcher.GetModelsResponse.NetErrorCode.SegmentationChromeLowUserEngagement recorded 61 samples (flags = 0x41)
379  -------------------------------------------------------------O            (61 = 100.0%)

Histogram: OptimizationGuide.PredictionModelFetcher.GetModelsResponse.NetErrorCode.SegmentationComposePromotion recorded 61 samples (flags = 0x41)
379  -------------------------------------------------------------O            (61 = 100.0%)

Histogram: OptimizationGuide.PredictionModelFetcher.GetModelsResponse.NetErrorCode.SegmentationDeviceSwitcher recorded 61 samples (flags = 0x41)
379  -------------------------------------------------------------O            (61 = 100.0%)

Histogram: OptimizationGuide.PredictionModelFetcher.GetModelsResponse.NetErrorCode.SegmentationSearchUser recorded 61 samples (flags = 0x41)
379  -------------------------------------------------------------O            (61 = 100.0%)

Histogram: OptimizationGuide.PredictionModelFetcher.GetModelsResponse.NetErrorCode.SegmentationShoppingUser recorded 61 samples (flags = 0x41)
379  -------------------------------------------------------------O            (61 = 100.0%)

Histogram: OptimizationGuide.PredictionModelFetcher.GetModelsResponse.NetErrorCode.TextSafety recorded 61 samples (flags = 0x41)
379  -------------------------------------------------------------O            (61 = 100.0%)

Histogram: OptimizationGuide.PredictionModelFetcher.GetModelsResponse.NetErrorCode.URLVisitResumptionRanker recorded 61 samples (flags = 0x41)
379  -------------------------------------------------------------O            (61 = 100.0%)

Histogram: OptimizationGuide.PredictionModelFetcher.GetModelsResponse.NetErrorCode.VisualSearchClassification recorded 61 samples (flags = 0x41)
379  -------------------------------------------------------------O            (61 = 100.0%)

Histogram: OptimizationGuide.PredictionModelFetcher.GetModelsResponse.NetErrorCode.WebAppInstallationPromo recorded 61 samples (flags = 0x41)
379  -------------------------------------------------------------O            (61 = 100.0%)

Histogram: OptimizationGuide.PredictionModelFetcher.GetModelsResponse.Status recorded 61 samples, mean = 403.0 (flags = 0x41)
0    ... 
403  -------------------------------------------------------------O            (61 = 100.0%) {0.0%}
404  ... 

Histogram: OptimizationGuide.PredictionModelFetcher.GetModelsResponse.Status.ClientSidePhishing recorded 61 samples, mean = 403.0 (flags = 0x41)
0    ... 
403  -------------------------------------------------------------O            (61 = 100.0%) {0.0%}
404  ... 

Histogram: OptimizationGuide.PredictionModelFetcher.GetModelsResponse.Status.GeolocationPermissions recorded 61 samples, mean = 403.0 (flags = 0x41)
0    ... 
403  -------------------------------------------------------------O            (61 = 100.0%) {0.0%}
404  ... 

Histogram: OptimizationGuide.PredictionModelFetcher.GetModelsResponse.Status.LanguageDetection recorded 61 samples, mean = 403.0 (flags = 0x41)
0    ... 
403  -------------------------------------------------------------O            (61 = 100.0%) {0.0%}
404  ... 

Histogram: OptimizationGuide.PredictionModelFetcher.GetModelsResponse.Status.NewTabPageHistoryClustersModuleRanking recorded 61 samples, mean = 403.0 (flags = 0x41)
0    ... 
403  -------------------------------------------------------------O            (61 = 100.0%) {0.0%}
404  ... 

Histogram: OptimizationGuide.PredictionModelFetcher.GetModelsResponse.Status.NotificationPermissions recorded 61 samples, mean = 403.0 (flags = 0x41)
0    ... 
403  -------------------------------------------------------------O            (61 = 100.0%) {0.0%}
404  ... 

Histogram: OptimizationGuide.PredictionModelFetcher.GetModelsResponse.Status.OmniboxUrlScoring recorded 61 samples, mean = 403.0 (flags = 0x41)
0    ... 
403  -------------------------------------------------------------O            (61 = 100.0%) {0.0%}
404  ... 

Histogram: OptimizationGuide.PredictionModelFetcher.GetModelsResponse.Status.PageTopicsV2 recorded 61 samples, mean = 403.0 (flags = 0x41)
0    ... 
403  -------------------------------------------------------------O            (61 = 100.0%) {0.0%}
404  ... 

Histogram: OptimizationGuide.PredictionModelFetcher.GetModelsResponse.Status.PageVisibility recorded 61 samples, mean = 403.0 (flags = 0x41)
0    ... 
403  -------------------------------------------------------------O            (61 = 100.0%) {0.0%}
404  ... 

Histogram: OptimizationGuide.PredictionModelFetcher.GetModelsResponse.Status.SegmentationChromeLowUserEngagement recorded 61 samples, mean = 403.0 (flags = 0x41)
0    ... 
403  -------------------------------------------------------------O            (61 = 100.0%) {0.0%}
404  ... 

Histogram: OptimizationGuide.PredictionModelFetcher.GetModelsResponse.Status.SegmentationComposePromotion recorded 61 samples, mean = 403.0 (flags = 0x41)
0    ... 
403  -------------------------------------------------------------O            (61 = 100.0%) {0.0%}
404  ... 

Histogram: OptimizationGuide.PredictionModelFetcher.GetModelsResponse.Status.SegmentationDeviceSwitcher recorded 61 samples, mean = 403.0 (flags = 0x41)
0    ... 
403  -------------------------------------------------------------O            (61 = 100.0%) {0.0%}
404  ... 

Histogram: OptimizationGuide.PredictionModelFetcher.GetModelsResponse.Status.SegmentationSearchUser recorded 61 samples, mean = 403.0 (flags = 0x41)
0    ... 
403  -------------------------------------------------------------O            (61 = 100.0%) {0.0%}
404  ... 

Histogram: OptimizationGuide.PredictionModelFetcher.GetModelsResponse.Status.SegmentationShoppingUser recorded 61 samples, mean = 403.0 (flags = 0x41)
0    ... 
403  -------------------------------------------------------------O            (61 = 100.0%) {0.0%}
404  ... 

Histogram: OptimizationGuide.PredictionModelFetcher.GetModelsResponse.Status.TextSafety recorded 61 samples, mean = 403.0 (flags = 0x41)
0    ... 
403  -------------------------------------------------------------O            (61 = 100.0%) {0.0%}
404  ... 

Histogram: OptimizationGuide.PredictionModelFetcher.GetModelsResponse.Status.URLVisitResumptionRanker recorded 61 samples, mean = 403.0 (flags = 0x41)
0    ... 
403  -------------------------------------------------------------O            (61 = 100.0%) {0.0%}
404  ... 

Histogram: OptimizationGuide.PredictionModelFetcher.GetModelsResponse.Status.VisualSearchClassification recorded 61 samples, mean = 403.0 (flags = 0x41)
0    ... 
403  -------------------------------------------------------------O            (61 = 100.0%) {0.0%}
404  ... 

Histogram: OptimizationGuide.PredictionModelFetcher.GetModelsResponse.Status.WebAppInstallationPromo recorded 61 samples, mean = 403.0 (flags = 0x41)
0    ... 
403  -------------------------------------------------------------O            (61 = 100.0%) {0.0%}
404  ... 

Histogram: OptimizationGuide.ProcessingComponentAtShutdown recorded 1 samples, mean = 0.0 (flags = 0x41)
0  -O                                                                        (1 = 100.0%)
1  ... 

Histogram: OptimizationGuide.RemoteFetchingEnabled recorded 1 samples, mean = 0.0 (flags = 0x41)
0  -O                                                                        (1 = 100.0%)
1  ... 

Histogram: OriginTrials.PersistentOriginTrial.LevelDbInitSuccess recorded 1 samples, mean = 1.0 (flags = 0x41)
0  O                                                                         (0 = 0.0%)
1  -O                                                                        (1 = 100.0%) {0.0%}
2  O                                                                         (0 = 0.0%) {100.0%}

Histogram: OriginTrials.PersistentOriginTrial.LevelDbLoadSize recorded 1 samples, mean = 0.0 (flags = 0x41)
0  -O                                                                        (1 = 100.0%)
1  ... 

Histogram: OriginTrials.PersistentOriginTrial.LevelDbLoadSuccess recorded 1 samples, mean = 1.0 (flags = 0x41)
0  O                                                                         (0 = 0.0%)
1  -O                                                                        (1 = 100.0%) {0.0%}
2  O                                                                         (0 = 0.0%) {100.0%}

Histogram: OriginTrials.PersistentOriginTrial.LevelDbLoadTime recorded 1 samples, mean = 2715.0 (flags = 0x41)
0     ... 
2516  -O                                                                        (1 = 100.0%) {0.0%}
2990  ... 

Histogram: OriginTrials.PersistentOriginTrial.OriginLookupsBeforeDbLoad recorded 1 samples, mean = 0.0 (flags = 0x41)
0  -O                                                                        (1 = 100.0%)
1  ... 

Histogram: OriginTrials.PersistentOriginTrial.OriginsAddedBeforeDbLoad recorded 1 samples, mean = 0.0 (flags = 0x41)
0  -O                                                                        (1 = 100.0%)
1  ... 

Histogram: PageActionController.ExtensionsWithPageActions recorded 1 samples, mean = 0.0 (flags = 0x41)
0  -O                                                                        (1 = 100.0%)
1  ... 

Histogram: PageContentAnnotations.AnnotateVisit.AnnotationRequestQueued recorded 4 samples, mean = 1.0 (flags = 0x40)
0  O                                                                         (0 = 0.0%)
1  ----O                                                                     (4 = 100.0%) {0.0%}
2  O                                                                         (0 = 0.0%) {100.0%}

Histogram: PageContentAnnotations.AnnotateVisit.AnnotationRequested recorded 4 samples, mean = 1.0 (flags = 0x40)
0  O                                                                         (0 = 0.0%)
1  ----O                                                                     (4 = 100.0%) {0.0%}
2  O                                                                         (0 = 0.0%) {100.0%}

Histogram: PageContentAnnotations.AnnotateVisit.BatchAnnotationStarted recorded 1 samples, mean = 1.0 (flags = 0x40)
0  O                                                                         (0 = 0.0%)
1  -O                                                                        (1 = 100.0%) {0.0%}
2  O                                                                         (0 = 0.0%) {100.0%}

Histogram: PageLoad.Clients.Ads.AllPages.NonAdNetworkBytes recorded 1 samples, mean = 1381.0 (flags = 0x41)
0     ... 
1174  -O                                                                        (1 = 100.0%) {0.0%}
1529  ... 

Histogram: PageLoad.Clients.Ads.AllPages.PercentNetworkBytesAds recorded 1 samples, mean = 0.0 (flags = 0x41)
0  -O                                                                        (1 = 100.0%)
1  ... 

Histogram: PageLoad.Clients.Ads.AllPages.PercentTotalBytesAds recorded 1 samples, mean = 0.0 (flags = 0x41)
0  -O                                                                        (1 = 100.0%)
1  ... 

Histogram: PageLoad.Clients.Ads.AverageViewportAdDensity recorded 1 samples, mean = 0.0 (flags = 0x41)
0  -O                                                                        (1 = 100.0%)
1  ... 

Histogram: PageLoad.Clients.Ads.FrameCounts.AdFrames.Total recorded 1 samples, mean = 0.0 (flags = 0x41)
0  -O                                                                        (1 = 100.0%)
1  ... 

Histogram: PageLoad.Clients.Ads.NonVisible.FrameCounts.AdFrames.Total recorded 1 samples, mean = 0.0 (flags = 0x41)
0  -O                                                                        (1 = 100.0%)
1  ... 

Histogram: PageLoad.Clients.Ads.Visible.FrameCounts.AdFrames.Total recorded 1 samples, mean = 0.0 (flags = 0x41)
0  -O                                                                        (1 = 100.0%)
1  ... 

Histogram: PageLoad.Clients.CrossOrigin.LayoutInstability.CumulativeShiftScore recorded 1 samples, mean = 0.0 (flags = 0x41)
0  -O                                                                        (1 = 100.0%)
1  ... 

Histogram: PageLoad.Clients.CrossOrigin.LayoutInstability.CumulativeShiftScore.MainFrame recorded 1 samples, mean = 0.0 (flags = 0x41)
0  -O                                                                        (1 = 100.0%)
1  ... 

Histogram: PageLoad.Clients.Leakage2.AbandonReasonAt.LoaderStart recorded 1 samples, mean = 10.0 (flags = 0x41)
0   ... 
10  -O                                                                        (1 = 100.0%) {0.0%}
11  ... 

Histogram: PageLoad.Clients.Leakage2.LastMilestoneBeforeAbandon.NewReloadNavigation recorded 1 samples, mean = 1.0 (flags = 0x41)
0  O                                                                         (0 = 0.0%)
1  -O                                                                        (1 = 100.0%) {0.0%}
2  ... 

Histogram: PageLoad.Clients.Leakage2.LoaderStartToAbandon.NewReloadNavigation recorded 1 samples, mean = 2359.0 (flags = 0x41)
0     ... 
2176  -O                                                                        (1 = 100.0%) {0.0%}
2435  ... 

Histogram: PageLoad.Clients.Leakage2.NavigationStart recorded 2 samples, mean = 2759.5 (flags = 0x41)
0     ... 
2176  -O                                                                        (1 = 50.0%) {0.0%}
2435  ... 
3049  -O                                                                        (1 = 50.0%) {50.0%}
3412  ... 

Histogram: PageLoad.Clients.Leakage2.NavigationStartToCommitReceived recorded 1 samples, mean = 3128.0 (flags = 0x41)
0     ... 
3049  -O                                                                        (1 = 100.0%) {0.0%}
3412  ... 

Histogram: PageLoad.Clients.Leakage2.NavigationStartToCommitSent recorded 1 samples, mean = 3126.0 (flags = 0x41)
0     ... 
3049  -O                                                                        (1 = 100.0%) {0.0%}
3412  ... 

Histogram: PageLoad.Clients.Leakage2.NavigationStartToDOMContentLoaded recorded 1 samples, mean = 3295.0 (flags = 0x41)
0     ... 
3049  -O                                                                        (1 = 100.0%) {0.0%}
3412  ... 

Histogram: PageLoad.Clients.Leakage2.NavigationStartToDidCommit recorded 1 samples, mean = 3134.0 (flags = 0x41)
0     ... 
3049  -O                                                                        (1 = 100.0%) {0.0%}
3412  ... 

Histogram: PageLoad.Clients.Leakage2.NavigationStartToFirstRedirectResponseLoaderCallback recorded 1 samples, mean = 2856.0 (flags = 0x41)
0     ... 
2725  -O                                                                        (1 = 100.0%) {0.0%}
3049  ... 

Histogram: PageLoad.Clients.Leakage2.NavigationStartToFirstRedirectResponseStart recorded 1 samples, mean = 2853.0 (flags = 0x41)
0     ... 
2725  -O                                                                        (1 = 100.0%) {0.0%}
3049  ... 

Histogram: PageLoad.Clients.Leakage2.NavigationStartToFirstRedirectedRequestStart recorded 1 samples, mean = 2640.0 (flags = 0x41)
0     ... 
2435  -O                                                                        (1 = 100.0%) {0.0%}
2725  ... 

Histogram: PageLoad.Clients.Leakage2.NavigationStartToLoadStarted recorded 1 samples, mean = 4306.0 (flags = 0x41)
0     ... 
4272  -O                                                                        (1 = 100.0%) {0.0%}
4780  ... 

Histogram: PageLoad.Clients.Leakage2.NavigationStartToLoaderStart recorded 2 samples, mean = 1170.0 (flags = 0x41)
0     ... 
24    -O                                                                        (1 = 50.0%) {0.0%}
27    ... 
2176  -O                                                                        (1 = 50.0%) {50.0%}
2435  ... 

Histogram: PageLoad.Clients.Leakage2.NavigationStartToNonRedirectResponseLoaderCallback recorded 1 samples, mean = 3117.0 (flags = 0x41)
0     ... 
3049  -O                                                                        (1 = 100.0%) {0.0%}
3412  ... 

Histogram: PageLoad.Clients.Leakage2.NavigationStartToNonRedirectResponseStart recorded 1 samples, mean = 3114.0 (flags = 0x41)
0     ... 
3049  -O                                                                        (1 = 100.0%) {0.0%}
3412  ... 

Histogram: PageLoad.Clients.Leakage2.NavigationStartToNonRedirectedRequestStart recorded 1 samples, mean = 2874.0 (flags = 0x41)
0     ... 
2725  -O                                                                        (1 = 100.0%) {0.0%}
3049  ... 

Histogram: PageLoad.Clients.Leakage2.NavigationStartToParseStart recorded 1 samples, mean = 3132.0 (flags = 0x41)
0     ... 
3049  -O                                                                        (1 = 100.0%) {0.0%}
3412  ... 

Histogram: PageLoad.Clients.Leakage2.RendererProcessCreatedBeforeNav recorded 1 samples, mean = 1.0 (flags = 0x41)
0  O                                                                         (0 = 0.0%)
1  -O                                                                        (1 = 100.0%) {0.0%}
2  O                                                                         (0 = 0.0%) {100.0%}

Histogram: PageLoad.Clients.LinkPreview.Usage recorded 1 samples, mean = 0.0 (flags = 0x41)
0  -O                                                                        (1 = 100.0%)
1  ... 

Histogram: PageLoad.Clients.MultiTabLoading.WithTabCount_0.DocumentTiming.NavigationToDOMContentLoadedEventFired recorded 1 samples, mean = 3295.0 (flags = 0x41)
0     ... 
3049  -O                                                                        (1 = 100.0%) {0.0%}
3412  ... 

Histogram: PageLoad.Clients.MultiTabLoading.WithTabCount_0.DocumentTiming.NavigationToLoadEventFired recorded 1 samples, mean = 4306.0 (flags = 0x41)
0     ... 
4272  -O                                                                        (1 = 100.0%) {0.0%}
4780  ... 

Histogram: PageLoad.Clients.MultiTabLoading.With_0_OtherLoading.DocumentTiming.NavigationToDOMContentLoadedEventFired recorded 1 samples, mean = 3295.0 (flags = 0x41)
0     ... 
3049  -O                                                                        (1 = 100.0%) {0.0%}
3412  ... 

Histogram: PageLoad.Clients.MultiTabLoading.With_0_OtherLoading.DocumentTiming.NavigationToLoadEventFired recorded 1 samples, mean = 4306.0 (flags = 0x41)
0     ... 
4272  -O                                                                        (1 = 100.0%) {0.0%}
4780  ... 

Histogram: PageLoad.Clients.PerformanceManager.LoadedIdleWithoutLCP recorded 1 samples, mean = 6204.0 (flags = 0x41)
0     ... 
4955  -O                                                                        (1 = 100.0%) {0.0%}
6296  ... 

Histogram: PageLoad.Clients.PerformanceManager.LoadedIdleWithoutLCP.Foreground recorded 1 samples, mean = 6204.0 (flags = 0x41)
0     ... 
4955  -O                                                                        (1 = 100.0%) {0.0%}
6296  ... 

Histogram: PageLoad.Clients.Protocol.H2.DocumentTiming.NavigationToDOMContentLoadedEventFired recorded 1 samples, mean = 3295.0 (flags = 0x41)
0     ... 
3049  -O                                                                        (1 = 100.0%) {0.0%}
3412  ... 

Histogram: PageLoad.Clients.Protocol.H2.DocumentTiming.NavigationToLoadEventFired recorded 1 samples, mean = 4306.0 (flags = 0x41)
0     ... 
4272  -O                                                                        (1 = 100.0%) {0.0%}
4780  ... 

Histogram: PageLoad.Clients.Protocol.H2.ParseTiming.NavigationToParseStart recorded 1 samples, mean = 3132.0 (flags = 0x41)
0     ... 
3049  -O                                                                        (1 = 100.0%) {0.0%}
3412  ... 

Histogram: PageLoad.Clients.Scheme.HTTPS.ParseTiming.NavigationToParseStart recorded 1 samples, mean = 3132.0 (flags = 0x41)
0     ... 
3049  -O                                                                        (1 = 100.0%) {0.0%}
3412  ... 

Histogram: PageLoad.Clients.SubresourceLoading.DaysSinceLastVisitToOrigin recorded 1 samples, mean = 0.0 (flags = 0x40)
0  -O                                                                        (1 = 100.0%)
1  ... 

Histogram: PageLoad.Clients.SubresourceLoading.HasPreviousVisitToOrigin recorded 1 samples, mean = 1.0 (flags = 0x40)
0  O                                                                         (0 = 0.0%)
1  -O                                                                        (1 = 100.0%) {0.0%}
2  O                                                                         (0 = 0.0%) {100.0%}

Histogram: PageLoad.Clients.TPCD.CookieAccess.ThirdPartyCookieAllowMechanism3 recorded 1 samples, mean = 2.0 (flags = 0x41)
0  ... 
2  -O                                                                        (1 = 100.0%) {0.0%}
3  ... 

Histogram: PageLoad.Clients.TPCD.ThirdPartyCookieAccessBlockedByExperiment2 recorded 1 samples, mean = 0.0 (flags = 0x41)
0  -O                                                                        (1 = 100.0%)
1  ... 

Histogram: PageLoad.Clients.ThirdParty.Origins.CookieRead2 recorded 1 samples, mean = 0.0 (flags = 0x41)
0  -O                                                                        (1 = 100.0%)
1  ... 

Histogram: PageLoad.Cpu.TotalUsage recorded 1 samples, mean = 218.0 (flags = 0x41)
0    ... 
206  -O                                                                        (1 = 100.0%) {0.0%}
230  ... 

Histogram: PageLoad.Cpu.TotalUsageForegrounded recorded 1 samples, mean = 218.0 (flags = 0x41)
0    ... 
206  -O                                                                        (1 = 100.0%) {0.0%}
230  ... 

Histogram: PageLoad.DocumentTiming.NavigationToDOMContentLoadedEventFired recorded 1 samples, mean = 3295.0 (flags = 0x41)
0     ... 
3049  -O                                                                        (1 = 100.0%) {0.0%}
3412  ... 

Histogram: PageLoad.DocumentTiming.NavigationToLoadEventFired recorded 1 samples, mean = 4306.0 (flags = 0x41)
0     ... 
4272  -O                                                                        (1 = 100.0%) {0.0%}
4780  ... 

Histogram: PageLoad.Experimental.NavigationTiming.FinalLoaderCallbackToNavigationCommitSent recorded 1 samples, mean = 8.0 (flags = 0x41)
0  -O                                                                        (1 = 100.0%)
10 ... 

Histogram: PageLoad.Experimental.NavigationTiming.FinalRequestStartToFinalResponseStart recorded 1 samples, mean = 239.0 (flags = 0x41)
0    ... 
230  -O                                                                        (1 = 100.0%) {0.0%}
257  ... 

Histogram: PageLoad.Experimental.NavigationTiming.FinalResponseStartToFinalLoaderCallback recorded 1 samples, mean = 3.0 (flags = 0x41)
0  -O                                                                        (1 = 100.0%)
10 ... 

Histogram: PageLoad.Experimental.NavigationTiming.FirstRequestStartToFirstResponseStart recorded 1 samples, mean = 212.0 (flags = 0x41)
0    ... 
206  -O                                                                        (1 = 100.0%) {0.0%}
230  ... 

Histogram: PageLoad.Experimental.NavigationTiming.FirstResponseStartToFirstLoaderCallback recorded 1 samples, mean = 2.0 (flags = 0x41)
0  -O                                                                        (1 = 100.0%)
10 ... 

Histogram: PageLoad.Experimental.NavigationTiming.NavigationStartToFinalLoaderCallback recorded 1 samples, mean = 3117.0 (flags = 0x41)
0     ... 
3049  -O                                                                        (1 = 100.0%) {0.0%}
3412  ... 

Histogram: PageLoad.Experimental.NavigationTiming.NavigationStartToFinalRequestStart recorded 1 samples, mean = 2874.0 (flags = 0x41)
0     ... 
2725  -O                                                                        (1 = 100.0%) {0.0%}
3049  ... 

Histogram: PageLoad.Experimental.NavigationTiming.NavigationStartToFinalResponseStart recorded 1 samples, mean = 3114.0 (flags = 0x41)
0     ... 
3049  -O                                                                        (1 = 100.0%) {0.0%}
3412  ... 

Histogram: PageLoad.Experimental.NavigationTiming.NavigationStartToFirstLoaderCallback recorded 1 samples, mean = 2856.0 (flags = 0x41)
0     ... 
2725  -O                                                                        (1 = 100.0%) {0.0%}
3049  ... 

Histogram: PageLoad.Experimental.NavigationTiming.NavigationStartToFirstRequestStart recorded 1 samples, mean = 2640.0 (flags = 0x41)
0     ... 
2435  -O                                                                        (1 = 100.0%) {0.0%}
2725  ... 

Histogram: PageLoad.Experimental.NavigationTiming.NavigationStartToFirstResponseStart recorded 1 samples, mean = 2853.0 (flags = 0x41)
0     ... 
2725  -O                                                                        (1 = 100.0%) {0.0%}
3049  ... 

Histogram: PageLoad.Experimental.NavigationTiming.NavigationStartToNavigationCommitSent recorded 1 samples, mean = 3126.0 (flags = 0x41)
0     ... 
3049  -O                                                                        (1 = 100.0%) {0.0%}
3412  ... 

Histogram: PageLoad.Experimental.PageTiming.CommitSentToFirstSubresourceLoadStart recorded 1 samples, mean = 11.0 (flags = 0x41)
0   ... 
11  -O                                                                        (1 = 100.0%) {0.0%}
12  ... 

Histogram: PageLoad.Experimental.PageTiming.NavigationToFirstSubresourceLoadStart recorded 1 samples, mean = 3137.0 (flags = 0x41)
0     ... 
3049  -O                                                                        (1 = 100.0%) {0.0%}
3412  ... 

Histogram: PageLoad.Experimental.PageTiming.ResourceLoadTime. recorded 6 samples, mean = 233.3 (flags = 0x41)
0    ... 
41   -O                                                                        (1 = 16.7%) {0.0%}
52   -O                                                                        (1 = 16.7%) {16.7%}
66   ... 
173  -O                                                                        (1 = 16.7%) {33.3%}
220  --O                                                                       (2 = 33.3%) {50.0%}
280  ... 
574  -O                                                                        (1 = 16.7%) {83.3%}
729  ... 

Histogram: PageLoad.Experimental.PageTiming.ResourceLoadTime.document recorded 1 samples, mean = 241.0 (flags = 0x41)
0    ... 
220  -O                                                                        (1 = 100.0%) {0.0%}
280  ... 

Histogram: PageLoad.Experimental.PageTiming.ResourceLoadTime.font recorded 5 samples, mean = 25.0 (flags = 0x41)
0   ... 
6   -O                                                                        (1 = 20.0%) {0.0%}
8   O                                                                         (0 = 0.0%) {20.0%}
10  -O                                                                        (1 = 20.0%) {20.0%}
13  O                                                                         (0 = 0.0%) {40.0%}
16  --O                                                                       (2 = 40.0%) {40.0%}
20  ... 
66  -O                                                                        (1 = 20.0%) {80.0%}
84  ... 

Histogram: PageLoad.Experimental.PageTiming.ResourceLoadTime.image recorded 2 samples, mean = 316.0 (flags = 0x41)
0    ... 
173  -O                                                                        (1 = 50.0%) {0.0%}
220  ... 
356  -O                                                                        (1 = 50.0%) {50.0%}
452  ... 

Histogram: PageLoad.Experimental.PageTiming.ResourceLoadTime.manifest recorded 1 samples, mean = 229.0 (flags = 0x41)
0    ... 
220  -O                                                                        (1 = 100.0%) {0.0%}
280  ... 

Histogram: PageLoad.Experimental.PageTiming.ResourceLoadTime.script recorded 26 samples, mean = 52.8 (flags = 0x41)
0    ... 
5    -O                                                                        (1 = 3.8%) {0.0%}
6    O                                                                         (0 = 0.0%) {3.8%}
8    --O                                                                       (2 = 7.7%) {3.8%}
10   -O                                                                        (1 = 3.8%) {11.5%}
13   ... 
32   --------O                                                                 (8 = 30.8%) {15.4%}
41   ------------O                                                             (12 = 46.2%) {46.2%}
52   -O                                                                        (1 = 3.8%) {92.3%}
66   ... 
356  -O                                                                        (1 = 3.8%) {96.2%}
452  ... 

Histogram: PageLoad.Experimental.PageTiming.ResourceLoadTime.style recorded 8 samples, mean = 35.5 (flags = 0x41)
0   ... 
25  -O                                                                        (1 = 12.5%) {0.0%}
32  -------O                                                                  (7 = 87.5%) {12.5%}
41  ... 

Histogram: PageLoad.Experimental.PageVisitFinalStatus recorded 1 samples, mean = 1.0 (flags = 0x41)
0  O                                                                         (0 = 0.0%)
1  -O                                                                        (1 = 100.0%) {0.0%}
2  ... 

Histogram: PageLoad.Experimental.PageVisitType2 recorded 1 samples, mean = 6.0 (flags = 0x41)
0  ... 
6  -O                                                                        (1 = 100.0%) {0.0%}
7  ... 

Histogram: PageLoad.Experimental.PaintTiming.FirstEligibleToPaintToFirstPaint recorded 1 samples, mean = 530.0 (flags = 0x41)
0    ... 
505  -O                                                                        (1 = 100.0%) {0.0%}
565  ... 

Histogram: PageLoad.Experimental.TotalForegroundDuration recorded 1 samples, mean = 10045583.0 (flags = 0x41)
0        ... 
3600000  -O                                                                        (1 = 100.0%) {0.0%}

Histogram: PageLoad.Experimental.TotalForegroundDuration.AllVisit recorded 1 samples, mean = 10045583.0 (flags = 0x41)
0        ... 
3600000  -O                                                                        (1 = 100.0%) {0.0%}

Histogram: PageLoad.Experimental.TotalForegroundDuration.IndependentUIVisit recorded 1 samples, mean = 10045583.0 (flags = 0x41)
0        ... 
3600000  -O                                                                        (1 = 100.0%) {0.0%}

Histogram: PageLoad.Expermental.SoftNavigations.Count recorded 1 samples, mean = 0.0 (flags = 0x41)
0  -O                                                                        (1 = 100.0%)
1  ... 

Histogram: PageLoad.Internal.PageLoadTimingStatus recorded 15 samples, mean = 0.0 (flags = 0x41)
0  ---------------O                                                          (15 = 100.0%)
1  ... 

Histogram: PageLoad.Internal.PageLoadTimingStatus.AtTimingCallbackDispatch recorded 4 samples, mean = 0.0 (flags = 0x41)
0  ----O                                                                     (4 = 100.0%)
1  ... 

Histogram: PageLoad.Internal.PageType recorded 2 samples, mean = 0.0 (flags = 0x41)
0  --O                                                                       (2 = 100.0%)
1  ... 

Histogram: PageLoad.Internal.SuppressedEventsBeforeMissingFirstPaint recorded 1 samples, mean = 0.0 (flags = 0x41)
0  -O                                                                        (1 = 100.0%)
1  ... 

Histogram: PageLoad.Internal.SuppressedEventsCountBeforePaint3 recorded 1 samples, mean = 0.0 (flags = 0x41)
0  -O                                                                        (1 = 100.0%)
1  ... 

Histogram: PageLoad.Internal.SuppressedEventsTimingBeforePaint3 recorded 1 samples, mean = 0.0 (flags = 0x41)
0  -O                                                                        (1 = 100.0%)
1  ... 

Histogram: PageLoad.Internal.SuppressedInteractionsCountBeforePaint3 recorded 1 samples, mean = 0.0 (flags = 0x41)
0  -O                                                                        (1 = 100.0%)
1  ... 

Histogram: PageLoad.LayoutInstability.CumulativeShiftScore recorded 1 samples, mean = 0.0 (flags = 0x41)
0  -O                                                                        (1 = 100.0%)
1  ... 

Histogram: PageLoad.LayoutInstability.CumulativeShiftScore.MainFrame recorded 1 samples, mean = 0.0 (flags = 0x41)
0  -O                                                                        (1 = 100.0%)
1  ... 

Histogram: PageLoad.LayoutInstability.MaxCumulativeShiftScore.SessionWindow.Gap1000ms.Max5000ms recorded 1 samples, mean = 0.0 (flags = 0x41)
0  -O                                                                        (1 = 100.0%)
1  ... 

Histogram: PageLoad.LayoutInstability.MaxCumulativeShiftScore.SessionWindow.Gap1000ms.Max5000ms2 recorded 1 samples, mean = 0.0 (flags = 0x41)
0  -O                                                                        (1 = 100.0%)
1  ... 

Histogram: PageLoad.PageTiming.ForegroundDuration recorded 1 samples, mean = 10045583.0 (flags = 0x41)
0        ... 
3600000  -O                                                                        (1 = 100.0%) {0.0%}

Histogram: PageLoad.PageTiming.ForegroundDuration.AfterPaint recorded 1 samples, mean = 10041778.0 (flags = 0x41)
0        ... 
3600000  -O                                                                        (1 = 100.0%) {0.0%}

Histogram: PageLoad.PageTiming.ForegroundDuration.NoCommit recorded 1 samples, mean = 70.0 (flags = 0x41)
0   ... 
62  -O                                                                        (1 = 100.0%) {0.0%}
71  ... 

Histogram: PageLoad.PageTiming.ForegroundDuration.WithPaint recorded 1 samples, mean = 10045583.0 (flags = 0x41)
0        ... 
3600000  -O                                                                        (1 = 100.0%) {0.0%}

Histogram: PageLoad.PaintTiming.NavigationToFirstPaint recorded 1 samples, mean = 3805.0 (flags = 0x41)
0     ... 
3412  -O                                                                        (1 = 100.0%) {0.0%}
3818  ... 

Histogram: PageLoad.ParseTiming.NavigationToParseStart recorded 1 samples, mean = 3132.0 (flags = 0x41)
0     ... 
3049  -O                                                                        (1 = 100.0%) {0.0%}
3412  ... 

Histogram: PageLoad.ParseTiming.NavigationToParseStart.LoadType.NewNavigation recorded 1 samples, mean = 3132.0 (flags = 0x41)
0     ... 
3049  -O                                                                        (1 = 100.0%) {0.0%}
3412  ... 

Histogram: PageLoad.ParseTiming.ParseBlockedOnScriptExecution recorded 1 samples, mean = 4.0 (flags = 0x41)
0  -O                                                                        (1 = 100.0%)
10 ... 

Histogram: PageLoad.ParseTiming.ParseBlockedOnScriptExecutionFromDocumentWrite recorded 1 samples, mean = 0.0 (flags = 0x41)
0  -O                                                                        (1 = 100.0%)
10 ... 

Histogram: PageLoad.ParseTiming.ParseBlockedOnScriptLoad recorded 1 samples, mean = 75.0 (flags = 0x41)
0   ... 
75  -O                                                                        (1 = 100.0%) {0.0%}
84  ... 

Histogram: PaintHolding.CommitTrigger2 recorded 1 samples, mean = 3.0 (flags = 0x41)
0  ... 
3  -O                                                                        (1 = 100.0%) {0.0%}
4  ... 

Histogram: PasswordManager.AccountStore.BlacklistedSitesHiRes3.WithoutCustomPassphrase recorded 1 samples, mean = 0.0 (flags = 0x41)
0  -O                                                                        (1 = 100.0%)
1  ... 

Histogram: PasswordManager.AccountStore.InaccessiblePasswords3 recorded 1 samples, mean = 0.0 (flags = 0x41)
0  -O                                                                        (1 = 100.0%)
1  ... 

Histogram: PasswordManager.AccountStore.LoginDatabaseEncryptionStatus recorded 1 samples, mean = 0.0 (flags = 0x41)
0  -O                                                                        (1 = 100.0%)
1  ... 

Histogram: PasswordManager.AccountStore.PasswordNotes.CountCredentialsWithNonEmptyNotes2 recorded 1 samples, mean = 0.0 (flags = 0x41)
0  -O                                                                        (1 = 100.0%)
1  ... 

Histogram: PasswordManager.AccountStore.TotalAccountsHiRes3.ByType.AutoGenerated.WithoutCustomPassphrase recorded 1 samples, mean = 0.0 (flags = 0x41)
0  -O                                                                        (1 = 100.0%)
1  ... 

Histogram: PasswordManager.AccountStore.TotalAccountsHiRes3.ByType.Overall recorded 1 samples, mean = 0.0 (flags = 0x41)
0  -O                                                                        (1 = 100.0%)
1  ... 

Histogram: PasswordManager.AccountStore.TotalAccountsHiRes3.ByType.Overall.WithoutCustomPassphrase recorded 1 samples, mean = 0.0 (flags = 0x41)
0  -O                                                                        (1 = 100.0%)
1  ... 

Histogram: PasswordManager.AccountStore.TotalAccountsHiRes3.ByType.ReceivedViaSharing.WithoutCustomPassphrase recorded 1 samples, mean = 0.0 (flags = 0x41)
0  -O                                                                        (1 = 100.0%)
1  ... 

Histogram: PasswordManager.AccountStore.TotalAccountsHiRes3.ByType.UserCreated.WithoutCustomPassphrase recorded 1 samples, mean = 0.0 (flags = 0x41)
0  -O                                                                        (1 = 100.0%)
1  ... 

Histogram: PasswordManager.AccountStore.TotalAccountsHiRes3.WithScheme.Android recorded 1 samples, mean = 0.0 (flags = 0x41)
0  -O                                                                        (1 = 100.0%)
1  ... 

Histogram: PasswordManager.AccountStore.TotalAccountsHiRes3.WithScheme.Ftp recorded 1 samples, mean = 0.0 (flags = 0x41)
0  -O                                                                        (1 = 100.0%)
1  ... 

Histogram: PasswordManager.AccountStore.TotalAccountsHiRes3.WithScheme.Http recorded 1 samples, mean = 0.0 (flags = 0x41)
0  -O                                                                        (1 = 100.0%)
1  ... 

Histogram: PasswordManager.AccountStore.TotalAccountsHiRes3.WithScheme.Https recorded 1 samples, mean = 0.0 (flags = 0x41)
0  -O                                                                        (1 = 100.0%)
1  ... 

Histogram: PasswordManager.AccountStore.TotalAccountsHiRes3.WithScheme.Other recorded 1 samples, mean = 0.0 (flags = 0x41)
0  -O                                                                        (1 = 100.0%)
1  ... 

Histogram: PasswordManager.AffiliationDatabase.DatabaseSize recorded 1 samples, mean = 52.0 (flags = 0x41)
0  -O                                                                        (1 = 100.0%)
1000... 

Histogram: PasswordManager.BiometricAuthBeforeFillingEnabled2 recorded 1 samples, mean = 0.0 (flags = 0x41)
0  -O                                                                        (1 = 100.0%)
1  ... 

Histogram: PasswordManager.BubbleSuppression.AccountsInStatisticsTable2 recorded 1 samples, mean = 0.0 (flags = 0x41)
0  -O                                                                        (1 = 100.0%)
1  ... 

Histogram: PasswordManager.CompromisedCredentials3.CountLeaked recorded 1 samples, mean = 0.0 (flags = 0x41)
0  -O                                                                        (1 = 100.0%)
1  ... 

Histogram: PasswordManager.CompromisedCredentials3.CountPhished recorded 1 samples, mean = 0.0 (flags = 0x41)
0  -O                                                                        (1 = 100.0%)
1  ... 

Histogram: PasswordManager.CredentialsWithDuplicates3 recorded 1 samples, mean = 0.0 (flags = 0x41)
0  -O                                                                        (1 = 100.0%)
1  ... 

Histogram: PasswordManager.CredentialsWithMismatchedDuplicates3 recorded 1 samples, mean = 0.0 (flags = 0x41)
0  -O                                                                        (1 = 100.0%)
1  ... 

Histogram: PasswordManager.EnableState recorded 1 samples, mean = 0.0 (flags = 0x41)
0  -O                                                                        (1 = 100.0%)
1  ... 

Histogram: PasswordManager.GetAllLogins.TimeSinceInit recorded 4 samples, mean = 30015.0 (flags = 0x41)
0      ... 
26495  ----O                                                                     (4 = 100.0%) {0.0%}
33665  ... 

Histogram: PasswordManager.GetAutofillableLogins.TimeSinceInit recorded 6 samples, mean = 41088.0 (flags = 0x41)
0      ... 
3069   --O                                                                       (2 = 33.3%) {0.0%}
3900   ... 
54351  ----O                                                                     (4 = 66.7%) {33.3%}
69059  ... 

Histogram: PasswordManager.LoginDatabaseInit2 recorded 2 samples, mean = 0.0 (flags = 0x41)
0  --O                                                                       (2 = 100.0%)
1  ... 

Histogram: PasswordManager.OnEncryptorReceived.Success recorded 2 samples, mean = 1.0 (flags = 0x41)
0  O                                                                         (0 = 0.0%)
1  --O                                                                       (2 = 100.0%) {0.0%}
2  O                                                                         (0 = 0.0%) {100.0%}

Histogram: PasswordManager.PasswordStore.InitTime recorded 2 samples, mean = 2423.5 (flags = 0x41)
0     ... 
2117  --O                                                                       (2 = 100.0%) {0.0%}
2516  ... 

Histogram: PasswordManager.PasswordStoreBackend.GetAllLoginsAsync recorded 8 samples, mean = 1.0 (flags = 0x41)
0  ----O                                                                     (4 = 50.0%)
1  O                                                                         (0 = 0.0%) {50.0%}
2  ----O                                                                     (4 = 50.0%) {50.0%}
3  ... 

Histogram: PasswordManager.PasswordStoreBackend.GetAllLoginsAsync.Latency recorded 4 samples, mean = 0.0 (flags = 0x41)
0  ----O                                                                     (4 = 100.0%)
1  ... 

Histogram: PasswordManager.PasswordStoreBackend.GetAllLoginsAsync.Success recorded 4 samples, mean = 1.0 (flags = 0x41)
0  O                                                                         (0 = 0.0%)
1  ----O                                                                     (4 = 100.0%) {0.0%}
2  O                                                                         (0 = 0.0%) {100.0%}

Histogram: PasswordManager.PasswordStoreBackend.GetAutofillableLoginsAsync recorded 12 samples, mean = 1.0 (flags = 0x41)
0  ------O                                                                   (6 = 50.0%)
1  O                                                                         (0 = 0.0%) {50.0%}
2  ------O                                                                   (6 = 50.0%) {50.0%}
3  ... 

Histogram: PasswordManager.PasswordStoreBackend.GetAutofillableLoginsAsync.Latency recorded 6 samples, mean = 0.3 (flags = 0x41)
0  ----O                                                                     (4 = 66.7%)
1  --O                                                                       (2 = 33.3%) {66.7%}
2  ... 

Histogram: PasswordManager.PasswordStoreBackend.GetAutofillableLoginsAsync.Success recorded 6 samples, mean = 1.0 (flags = 0x41)
0  O                                                                         (0 = 0.0%)
1  ------O                                                                   (6 = 100.0%) {0.0%}
2  O                                                                         (0 = 0.0%) {100.0%}

Histogram: PasswordManager.PasswordStoreBuiltInBackend.GetAllLoginsAsync recorded 8 samples, mean = 1.0 (flags = 0x41)
0  ----O                                                                     (4 = 50.0%)
1  O                                                                         (0 = 0.0%) {50.0%}
2  ----O                                                                     (4 = 50.0%) {50.0%}
3  ... 

Histogram: PasswordManager.PasswordStoreBuiltInBackend.GetAllLoginsAsync.Latency recorded 4 samples, mean = 0.0 (flags = 0x41)
0  ----O                                                                     (4 = 100.0%)
1  ... 

Histogram: PasswordManager.PasswordStoreBuiltInBackend.GetAllLoginsAsync.Success recorded 4 samples, mean = 1.0 (flags = 0x41)
0  O                                                                         (0 = 0.0%)
1  ----O                                                                     (4 = 100.0%) {0.0%}
2  O                                                                         (0 = 0.0%) {100.0%}

Histogram: PasswordManager.PasswordStoreBuiltInBackend.GetAutofillableLoginsAsync recorded 12 samples, mean = 1.0 (flags = 0x41)
0  ------O                                                                   (6 = 50.0%)
1  O                                                                         (0 = 0.0%) {50.0%}
2  ------O                                                                   (6 = 50.0%) {50.0%}
3  ... 

Histogram: PasswordManager.PasswordStoreBuiltInBackend.GetAutofillableLoginsAsync.Latency recorded 6 samples, mean = 0.3 (flags = 0x41)
0  ----O                                                                     (4 = 66.7%)
1  --O                                                                       (2 = 33.3%) {66.7%}
2  ... 

Histogram: PasswordManager.PasswordStoreBuiltInBackend.GetAutofillableLoginsAsync.Success recorded 6 samples, mean = 1.0 (flags = 0x41)
0  O                                                                         (0 = 0.0%)
1  ------O                                                                   (6 = 100.0%) {0.0%}
2  O                                                                         (0 = 0.0%) {100.0%}

Histogram: PasswordManager.ProfileStore.BlacklistedSitesHiRes3.WithoutCustomPassphrase recorded 1 samples, mean = 0.0 (flags = 0x41)
0  -O                                                                        (1 = 100.0%)
1  ... 

Histogram: PasswordManager.ProfileStore.InaccessiblePasswords3 recorded 1 samples, mean = 0.0 (flags = 0x41)
0  -O                                                                        (1 = 100.0%)
1  ... 

Histogram: PasswordManager.ProfileStore.LoginDatabaseEncryptionStatus recorded 1 samples, mean = 0.0 (flags = 0x41)
0  -O                                                                        (1 = 100.0%)
1  ... 

Histogram: PasswordManager.ProfileStore.PasswordNotes.CountCredentialsWithNonEmptyNotes2 recorded 1 samples, mean = 0.0 (flags = 0x41)
0  -O                                                                        (1 = 100.0%)
1  ... 

Histogram: PasswordManager.ProfileStore.TotalAccountsHiRes3.ByType.AutoGenerated.WithoutCustomPassphrase recorded 1 samples, mean = 0.0 (flags = 0x41)
0  -O                                                                        (1 = 100.0%)
1  ... 

Histogram: PasswordManager.ProfileStore.TotalAccountsHiRes3.ByType.Overall recorded 1 samples, mean = 0.0 (flags = 0x41)
0  -O                                                                        (1 = 100.0%)
1  ... 

Histogram: PasswordManager.ProfileStore.TotalAccountsHiRes3.ByType.Overall.WithoutCustomPassphrase recorded 1 samples, mean = 0.0 (flags = 0x41)
0  -O                                                                        (1 = 100.0%)
1  ... 

Histogram: PasswordManager.ProfileStore.TotalAccountsHiRes3.ByType.ReceivedViaSharing.WithoutCustomPassphrase recorded 1 samples, mean = 0.0 (flags = 0x41)
0  -O                                                                        (1 = 100.0%)
1  ... 

Histogram: PasswordManager.ProfileStore.TotalAccountsHiRes3.ByType.UserCreated.WithoutCustomPassphrase recorded 1 samples, mean = 0.0 (flags = 0x41)
0  -O                                                                        (1 = 100.0%)
1  ... 

Histogram: PasswordManager.ProfileStore.TotalAccountsHiRes3.WithScheme.Android recorded 1 samples, mean = 0.0 (flags = 0x41)
0  -O                                                                        (1 = 100.0%)
1  ... 

Histogram: PasswordManager.ProfileStore.TotalAccountsHiRes3.WithScheme.Ftp recorded 1 samples, mean = 0.0 (flags = 0x41)
0  -O                                                                        (1 = 100.0%)
1  ... 

Histogram: PasswordManager.ProfileStore.TotalAccountsHiRes3.WithScheme.Http recorded 1 samples, mean = 0.0 (flags = 0x41)
0  -O                                                                        (1 = 100.0%)
1  ... 

Histogram: PasswordManager.ProfileStore.TotalAccountsHiRes3.WithScheme.Https recorded 1 samples, mean = 0.0 (flags = 0x41)
0  -O                                                                        (1 = 100.0%)
1  ... 

Histogram: PasswordManager.ProfileStore.TotalAccountsHiRes3.WithScheme.Other recorded 1 samples, mean = 0.0 (flags = 0x41)
0  -O                                                                        (1 = 100.0%)
1  ... 

Histogram: PasswordManager.SavedGaiaPasswordHashCount2 recorded 1 samples, mean = 0.0 (flags = 0x41)
0  -O                                                                        (1 = 100.0%)
1  ... 

Histogram: PasswordManager.SyncMetadataReadError2 recorded 2 samples, mean = 0.0 (flags = 0x41)
0  --O                                                                       (2 = 100.0%)
1  ... 

Histogram: PasswordManager.SyncingAccountState3 recorded 1 samples, mean = 2.0 (flags = 0x41)
0  ... 
2  -O                                                                        (1 = 100.0%) {0.0%}
3  ... 

Histogram: PaymentRequest.IsCanMakePaymentAllowedByPref.Startup recorded 1 samples, mean = 1.0 (flags = 0x41)
0  O                                                                         (0 = 0.0%)
1  -O                                                                        (1 = 100.0%) {0.0%}
2  O                                                                         (0 = 0.0%) {100.0%}

Histogram: PerformanceManager.LoadingNotQuiescentPageCount.All recorded 334 samples, mean = 0.0 (flags = 0x41)
0  ------------------------------------------------------------------------O (334 = 100.0%)
1  ... 

Histogram: PerformanceManager.LoadingNotQuiescentPageCount.Hidden recorded 334 samples, mean = 0.0 (flags = 0x41)
0  ------------------------------------------------------------------------O (334 = 100.0%)
1  ... 

Histogram: PerformanceManager.LoadingNotQuiescentPageCount.MixedVisibility recorded 334 samples, mean = 0.0 (flags = 0x41)
0  ------------------------------------------------------------------------O (334 = 100.0%)
1  ... 

Histogram: PerformanceManager.LoadingNotQuiescentPageCount.Visible recorded 334 samples, mean = 0.0 (flags = 0x41)
0  ------------------------------------------------------------------------O (334 = 100.0%)
1  ... 

Histogram: PerformanceManager.QuiescentPageCount recorded 334 samples, mean = 1.0 (flags = 0x41)
0  O                                                                         (0 = 0.0%)
1  ------------------------------------------------------------------------O (334 = 100.0%) {0.0%}
2  ... 

Histogram: PerformanceManager.SiteDB.DatabaseInit recorded 1 samples, mean = 0.0 (flags = 0x41)
0  -O                                                                        (1 = 100.0%)
1  ... 

Histogram: PerformanceManager.SiteDB.WriteCompleted.WriteSiteDataIntoStore recorded 1 samples, mean = 1.0 (flags = 0x41)
0  O                                                                         (0 = 0.0%)
1  -O                                                                        (1 = 100.0%) {0.0%}
2  O                                                                         (0 = 0.0%) {100.0%}

Histogram: PerformanceManager.SiteDB.WriteScheduled.WriteSiteDataIntoStore recorded 1 samples, mean = 1.0 (flags = 0x41)
0  O                                                                         (0 = 0.0%)
1  -O                                                                        (1 = 100.0%) {0.0%}
2  O                                                                         (0 = 0.0%) {100.0%}

Histogram: PerformanceManager.TabRevisitTracker.TimeToClose2 recorded 1 samples, mean = 10045.0 (flags = 0x41)
0     ... 
9976  -O                                                                        (1 = 100.0%) {0.0%}
10497 ... 

Histogram: PerformanceManager.UserTuning.BatterySaverModeEnabledPercent recorded 1 samples, mean = 0.0 (flags = 0x41)
0  -O                                                                        (1 = 100.0%)
1  ... 

Histogram: PerformanceManager.UserTuning.MemorySaverModeEnabledPercent recorded 1 samples, mean = 0.0 (flags = 0x41)
0  -O                                                                        (1 = 100.0%)
1  ... 

Histogram: PerformanceMonitor.AverageCPU8.BrowserProcess recorded 83 samples, mean = 29931.5 (flags = 0x41)
0      ... 
558    -O                                                                        (1 = 1.2%) {0.0%}
674    ... 
1187   -O                                                                        (1 = 1.2%) {1.2%}
1433   ... 
2088   -O                                                                        (1 = 1.2%) {2.4%}
2521   ... 
4434   --O                                                                       (2 = 2.4%) {3.6%}
5353   ... 
9417   --O                                                                       (2 = 2.4%) {6.0%}
11368  -O                                                                        (1 = 1.2%) {8.4%}
13724  ------O                                                                   (6 = 7.2%) {9.6%}
16567  -----O                                                                    (5 = 6.0%) {16.9%}
20000  ----------------------------------------------------------------O         (64 = 77.1%) {22.9%}

Histogram: PerformanceMonitor.AverageCPU8.GPUProcess recorded 83 samples, mean = 17.3 (flags = 0x41)
0    ... 
5    --O                                                                       (2 = 2.4%) {0.0%}
6    ---------O                                                                (9 = 10.8%) {2.4%}
7    -------O                                                                  (7 = 8.4%) {13.3%}
8    -------------------O                                                      (19 = 22.9%) {21.7%}
10   --------O                                                                 (8 = 9.6%) {44.6%}
12   ----------O                                                               (10 = 12.0%) {54.2%}
15   --------O                                                                 (8 = 9.6%) {66.3%}
18   ---------O                                                                (9 = 10.8%) {75.9%}
22   ----------O                                                               (10 = 12.0%) {86.7%}
27   ... 
383  -O                                                                        (1 = 1.2%) {98.8%}
462  ... 

Histogram: PerformanceMonitor.AverageCPU8.NetworkProcess recorded 83 samples, mean = 2.5 (flags = 0x41)
0   ... 
2   ------------------------------------------------------------------------O (74 = 89.2%) {0.0%}
3   -O                                                                        (1 = 1.2%) {89.2%}
4   -O                                                                        (1 = 1.2%) {90.4%}
5   -----O                                                                    (5 = 6.0%) {91.6%}
6   -O                                                                        (1 = 1.2%) {97.6%}
7   ... 
18  -O                                                                        (1 = 1.2%) {98.8%}
22  ... 

Histogram: PerformanceMonitor.AverageCPU8.OtherProcess recorded 83 samples, mean = 0.0 (flags = 0x41)
0  ------------------------------------------------------------------------O (83 = 100.0%)
1  ... 

Histogram: PerformanceMonitor.AverageCPU8.RendererExtensionEventProcess recorded 83 samples, mean = 0.0 (flags = 0x41)
0  ------------------------------------------------------------------------O (83 = 100.0%)
1  ... 

Histogram: PerformanceMonitor.AverageCPU8.RendererExtensionPersistentProcess recorded 83 samples, mean = 0.0 (flags = 0x41)
0  ------------------------------------------------------------------------O (83 = 100.0%)
1  ... 

Histogram: PerformanceMonitor.AverageCPU8.RendererProcess recorded 83 samples, mean = 2.6 (flags = 0x41)
0    ------------------------------------------------------------------------O (82 = 98.8%)
1    ... 
181  -O                                                                        (1 = 1.2%) {98.8%}
218  ... 

Histogram: PerformanceMonitor.AverageCPU8.Total recorded 83 samples, mean = 29949.0 (flags = 0x41)
0      ... 
558    -O                                                                        (1 = 1.2%) {0.0%}
674    ... 
1187   -O                                                                        (1 = 1.2%) {1.2%}
1433   ... 
2088   -O                                                                        (1 = 1.2%) {2.4%}
2521   ... 
4434   --O                                                                       (2 = 2.4%) {3.6%}
5353   ... 
9417   --O                                                                       (2 = 2.4%) {6.0%}
11368  -O                                                                        (1 = 1.2%) {8.4%}
13724  ------O                                                                   (6 = 7.2%) {9.6%}
16567  -----O                                                                    (5 = 6.0%) {16.9%}
20000  ----------------------------------------------------------------O         (64 = 77.1%) {22.9%}

Histogram: PerformanceMonitor.AverageCPU8.Total.ZeroWindow recorded 83 samples, mean = 29949.0 (flags = 0x41)
0      ... 
558    -O                                                                        (1 = 1.2%) {0.0%}
674    ... 
1187   -O                                                                        (1 = 1.2%) {1.2%}
1433   ... 
2088   -O                                                                        (1 = 1.2%) {2.4%}
2521   ... 
4434   --O                                                                       (2 = 2.4%) {3.6%}
5353   ... 
9417   --O                                                                       (2 = 2.4%) {6.0%}
11368  -O                                                                        (1 = 1.2%) {8.4%}
13724  ------O                                                                   (6 = 7.2%) {9.6%}
16567  -----O                                                                    (5 = 6.0%) {16.9%}
20000  ----------------------------------------------------------------O         (64 = 77.1%) {22.9%}

Histogram: PerformanceMonitor.AverageCPU8.UtilityProcess recorded 83 samples, mean = 17.7 (flags = 0x41)
0     ------------------------------------------------------------------------O (82 = 98.8%)
1     ... 
1433  -O                                                                        (1 = 1.2%) {98.8%}
1730  ... 

Histogram: PerformanceMonitor.HasPreciseCPUUsage recorded 9 samples, mean = 1.0 (flags = 0x41)
0  O                                                                         (0 = 0.0%)
1  ---------O                                                                (9 = 100.0%) {0.0%}
2  O                                                                         (0 = 0.0%) {100.0%}

Histogram: PerformanceMonitor.UsageScenario.LongInterval recorded 83 samples, mean = 13.0 (flags = 0x41)
0   ... 
13  ------------------------------------------------------------------------O (83 = 100.0%) {0.0%}
14  ... 

Histogram: Permissions.API.CreatedPermissionStatusObjects recorded 1 samples, mean = 0.0 (flags = 0x41)
0  -O                                                                        (1 = 100.0%)
1  ... 

Histogram: Permissions.Experimental.PrimaryMainNavigationFinished.AudioCapture.TopLevelHeaderPolicy recorded 1 samples, mean = 0.0 (flags = 0x41)
0  -O                                                                        (1 = 100.0%)
1  ... 

Histogram: Permissions.Experimental.PrimaryMainNavigationFinished.Geolocation.TopLevelHeaderPolicy recorded 1 samples, mean = 0.0 (flags = 0x41)
0  -O                                                                        (1 = 100.0%)
1  ... 

Histogram: Permissions.Experimental.PrimaryMainNavigationFinished.VideoCapture.TopLevelHeaderPolicy recorded 1 samples, mean = 0.0 (flags = 0x41)
0  -O                                                                        (1 = 100.0%)
1  ... 

Histogram: Permissions.QuietNotificationPrompts.EnabledStateInPrefsChangedTo recorded 1 samples, mean = 0.0 (flags = 0x41)
0  -O                                                                        (1 = 100.0%)
1  ... 

Histogram: Permissions.QuietNotificationPrompts.RegularProfile.IsEnabledInPrefs recorded 1 samples, mean = 0.0 (flags = 0x41)
0  -O                                                                        (1 = 100.0%)
1  ... 

Histogram: Platform.IntelMaxMicroArchitecture recorded 1 samples, mean = 13.0 (flags = 0x41)
0   ... 
13  -O                                                                        (1 = 100.0%) {0.0%}
14  O                                                                         (0 = 0.0%) {100.0%}

Histogram: Power.BatteryDischargeMode5 recorded 167 samples, mean = 4.0 (flags = 0x41)
0  ... 
4  ------------------------------------------------------------------------O (167 = 100.0%) {0.0%}
5  ... 

Histogram: Power.BatteryDischargeMode5.Initial recorded 1 samples, mean = 4.0 (flags = 0x41)
0  ... 
4  -O                                                                        (1 = 100.0%) {0.0%}
5  ... 

Histogram: Power.BatteryDischargeMode5.Periodic recorded 166 samples, mean = 4.0 (flags = 0x41)
0  ... 
4  ------------------------------------------------------------------------O (166 = 100.0%) {0.0%}
5  ... 

Histogram: Power.BatteryDischargeMode5.TenMinutes recorded 16 samples, mean = 4.0 (flags = 0x41)
0  ... 
4  ----------------O                                                         (16 = 100.0%) {0.0%}
5  ... 

Histogram: Power.BatteryDischargeMode5.ZeroWindow recorded 167 samples, mean = 4.0 (flags = 0x41)
0  ... 
4  ------------------------------------------------------------------------O (167 = 100.0%) {0.0%}
5  ... 

Histogram: Power.BatteryDischargeMode5.ZeroWindow.Initial recorded 1 samples, mean = 4.0 (flags = 0x41)
0  ... 
4  -O                                                                        (1 = 100.0%) {0.0%}
5  ... 

Histogram: Power.BatteryDischargeMode5.ZeroWindow.Periodic recorded 166 samples, mean = 4.0 (flags = 0x41)
0  ... 
4  ------------------------------------------------------------------------O (166 = 100.0%) {0.0%}
5  ... 

Histogram: Power.HasPreciseBatteryDischargeGranularity recorded 167 samples, mean = 0.0 (flags = 0x41)
0  ------------------------------------------------------------------------O (167 = 100.0%)
1  ... 

Histogram: Prefs.JSonStore.SetValueKey recorded 416 samples (flags = 0x41)
1712681     -O                                                                        (1 = 0.2%)
11877007    -O                                                                        (1 = 0.2%)
13789350    -O                                                                        (1 = 0.2%)
21082293    -O                                                                        (1 = 0.2%)
21974204    -O                                                                        (1 = 0.2%)
26419977    -O                                                                        (1 = 0.2%)
30175592    -O                                                                        (1 = 0.2%)
35350868    -O                                                                        (1 = 0.2%)
38959120    -O                                                                        (1 = 0.2%)
48308786    -O                                                                        (1 = 0.2%)
48970665    -O                                                                        (1 = 0.2%)
50385643    -O                                                                        (1 = 0.2%)
58852327    -O                                                                        (1 = 0.2%)
60074882    -O                                                                        (1 = 0.2%)
63143740    -O                                                                        (1 = 0.2%)
67499933    -O                                                                        (1 = 0.2%)
71261148    -O                                                                        (1 = 0.2%)
74917821    -O                                                                        (1 = 0.2%)
83401060    --O                                                                       (2 = 0.5%)
87117049    -O                                                                        (1 = 0.2%)
95451438    -O                                                                        (1 = 0.2%)
96985887    -O                                                                        (1 = 0.2%)
98402640    -O                                                                        (1 = 0.2%)
109604609   -O                                                                        (1 = 0.2%)
114468136   -O                                                                        (1 = 0.2%)
148962216   -O                                                                        (1 = 0.2%)
158955843   -O                                                                        (1 = 0.2%)
159868137   -O                                                                        (1 = 0.2%)
160553050   -O                                                                        (1 = 0.2%)
174384190   --O                                                                       (2 = 0.5%)
179465432   -O                                                                        (1 = 0.2%)
186151032   -O                                                                        (1 = 0.2%)
242661357   -O                                                                        (1 = 0.2%)
252196214   -O                                                                        (1 = 0.2%)
257191935   -O                                                                        (1 = 0.2%)
263038368   -O                                                                        (1 = 0.2%)
263345014   -O                                                                        (1 = 0.2%)
319755574   -O                                                                        (1 = 0.2%)
321757638   -O                                                                        (1 = 0.2%)
342617479   -O                                                                        (1 = 0.2%)
372024557   -O                                                                        (1 = 0.2%)
372921139   --------------------------------------------------------------O           (62 = 14.9%)
375959834   -O                                                                        (1 = 0.2%)
380934801   -O                                                                        (1 = 0.2%)
386474016   -O                                                                        (1 = 0.2%)
407473099   -O                                                                        (1 = 0.2%)
410772528   -O                                                                        (1 = 0.2%)
418797199   -O                                                                        (1 = 0.2%)
422102490   -O                                                                        (1 = 0.2%)
424104555   -O                                                                        (1 = 0.2%)
427767793   -O                                                                        (1 = 0.2%)
433956830   -O                                                                        (1 = 0.2%)
435583371   -O                                                                        (1 = 0.2%)
445925679   -O                                                                        (1 = 0.2%)
461760843   -O                                                                        (1 = 0.2%)
463198118   -O                                                                        (1 = 0.2%)
471148032   -O                                                                        (1 = 0.2%)
480376758   -O                                                                        (1 = 0.2%)
482523034   -O                                                                        (1 = 0.2%)
488892608   -O                                                                        (1 = 0.2%)
493324768   -O                                                                        (1 = 0.2%)
499024108   -O                                                                        (1 = 0.2%)
511540468   -O                                                                        (1 = 0.2%)
519030766   -O                                                                        (1 = 0.2%)
527162312   -O                                                                        (1 = 0.2%)
540775701   -O                                                                        (1 = 0.2%)
555970183   -O                                                                        (1 = 0.2%)
563306967   -O                                                                        (1 = 0.2%)
572707311   -O                                                                        (1 = 0.2%)
575189634   -O                                                                        (1 = 0.2%)
595699865   -O                                                                        (1 = 0.2%)
598130904   -O                                                                        (1 = 0.2%)
601536729   -O                                                                        (1 = 0.2%)
608410936   -O                                                                        (1 = 0.2%)
613827290   -O                                                                        (1 = 0.2%)
617531793   -O                                                                        (1 = 0.2%)
627084923   -O                                                                        (1 = 0.2%)
642681645   -O                                                                        (1 = 0.2%)
666664082   -O                                                                        (1 = 0.2%)
671461121   -O                                                                        (1 = 0.2%)
679539879   -O                                                                        (1 = 0.2%)
683498415   -O                                                                        (1 = 0.2%)
696297815   -O                                                                        (1 = 0.2%)
697323505   -O                                                                        (1 = 0.2%)
705831090   -O                                                                        (1 = 0.2%)
730380737   -O                                                                        (1 = 0.2%)
740991542   -O                                                                        (1 = 0.2%)
768896682   -O                                                                        (1 = 0.2%)
770301572   -O                                                                        (1 = 0.2%)
777121523   -O                                                                        (1 = 0.2%)
786116064   -O                                                                        (1 = 0.2%)
795070778   -O                                                                        (1 = 0.2%)
795245622   -O                                                                        (1 = 0.2%)
802715303   -O                                                                        (1 = 0.2%)
802924577   -O                                                                        (1 = 0.2%)
810792148   -O                                                                        (1 = 0.2%)
816628188   -O                                                                        (1 = 0.2%)
819550135   -O                                                                        (1 = 0.2%)
830521985   -O                                                                        (1 = 0.2%)
830867825   -O                                                                        (1 = 0.2%)
844769099   -O                                                                        (1 = 0.2%)
848744689   -O                                                                        (1 = 0.2%)
852125461   --O                                                                       (2 = 0.5%)
857791272   -O                                                                        (1 = 0.2%)
864339002   -O                                                                        (1 = 0.2%)
865778887   -O                                                                        (1 = 0.2%)
872344954   -O                                                                        (1 = 0.2%)
872963730   -O                                                                        (1 = 0.2%)
881217658   -O                                                                        (1 = 0.2%)
905734692   -O                                                                        (1 = 0.2%)
913260513   -O                                                                        (1 = 0.2%)
925026084   -O                                                                        (1 = 0.2%)
945162316   -O                                                                        (1 = 0.2%)
958282039   -O                                                                        (1 = 0.2%)
960545962   -O                                                                        (1 = 0.2%)
962247939   -O                                                                        (1 = 0.2%)
962764485   -O                                                                        (1 = 0.2%)
963923282   -O                                                                        (1 = 0.2%)
987246806   -O                                                                        (1 = 0.2%)
991428855   -O                                                                        (1 = 0.2%)
1011313312  -O                                                                        (1 = 0.2%)
1012213893  -O                                                                        (1 = 0.2%)
1029937321  -O                                                                        (1 = 0.2%)
1031488582  -O                                                                        (1 = 0.2%)
1033796515  -O                                                                        (1 = 0.2%)
1035736007  -O                                                                        (1 = 0.2%)
1045889948  -O                                                                        (1 = 0.2%)
1046477838  -O                                                                        (1 = 0.2%)
1051113028  -O                                                                        (1 = 0.2%)
1062610837  -O                                                                        (1 = 0.2%)
1078890699  -O                                                                        (1 = 0.2%)
1081542008  -O                                                                        (1 = 0.2%)
1111105469  -O                                                                        (1 = 0.2%)
1134056779  -O                                                                        (1 = 0.2%)
1139831465  -O                                                                        (1 = 0.2%)
1146036050  -O                                                                        (1 = 0.2%)
1146748962  -O                                                                        (1 = 0.2%)
1157759408  -O                                                                        (1 = 0.2%)
1164925885  -O                                                                        (1 = 0.2%)
1168265797  -O                                                                        (1 = 0.2%)
1170093265  -O                                                                        (1 = 0.2%)
1170146864  -O                                                                        (1 = 0.2%)
1186893056  -O                                                                        (1 = 0.2%)
1191649915  -O                                                                        (1 = 0.2%)
1194755828  -O                                                                        (1 = 0.2%)
1202919152  -O                                                                        (1 = 0.2%)
1204513693  -O                                                                        (1 = 0.2%)
1206946240  -O                                                                        (1 = 0.2%)
1207948742  -O                                                                        (1 = 0.2%)
1217018470  -O                                                                        (1 = 0.2%)
1227647714  -O                                                                        (1 = 0.2%)
1239042930  -O                                                                        (1 = 0.2%)
1250642367  -O                                                                        (1 = 0.2%)
1254057572  -O                                                                        (1 = 0.2%)
1264414433  -O                                                                        (1 = 0.2%)
1276459689  --O                                                                       (2 = 0.5%)
1280906219  -O                                                                        (1 = 0.2%)
1285180254  -O                                                                        (1 = 0.2%)
1294696564  -O                                                                        (1 = 0.2%)
1297436432  -O                                                                        (1 = 0.2%)
1301278111  -O                                                                        (1 = 0.2%)
1313086172  -O                                                                        (1 = 0.2%)
1313270070  -O                                                                        (1 = 0.2%)
1321356235  -O                                                                        (1 = 0.2%)
1333612670  -O                                                                        (1 = 0.2%)
1339319477  -O                                                                        (1 = 0.2%)
1347268800  -O                                                                        (1 = 0.2%)
1356212544  -O                                                                        (1 = 0.2%)
1365845067  -O                                                                        (1 = 0.2%)
1377129115  -O                                                                        (1 = 0.2%)
1379540386  -O                                                                        (1 = 0.2%)
1395982606  -O                                                                        (1 = 0.2%)
1396044923  -O                                                                        (1 = 0.2%)
1403974968  -O                                                                        (1 = 0.2%)
1413520755  -O                                                                        (1 = 0.2%)
1436230589  -O                                                                        (1 = 0.2%)
1441835268  -O                                                                        (1 = 0.2%)
1447558635  -O                                                                        (1 = 0.2%)
1449621037  -O                                                                        (1 = 0.2%)
1458079951  -O                                                                        (1 = 0.2%)
1460117349  -O                                                                        (1 = 0.2%)
1465289833  -O                                                                        (1 = 0.2%)
1475173162  -O                                                                        (1 = 0.2%)
1484611892  -O                                                                        (1 = 0.2%)
1494542448  -O                                                                        (1 = 0.2%)
1502249846  -O                                                                        (1 = 0.2%)
1526276751  -O                                                                        (1 = 0.2%)
1527195949  -O                                                                        (1 = 0.2%)
1535918026  -O                                                                        (1 = 0.2%)
1542400596  -O                                                                        (1 = 0.2%)
1545989813  -O                                                                        (1 = 0.2%)
1548031716  -O                                                                        (1 = 0.2%)
1565577301  -O                                                                        (1 = 0.2%)
1568695205  -O                                                                        (1 = 0.2%)
1575119942  -O                                                                        (1 = 0.2%)
1590148671  -O                                                                        (1 = 0.2%)
1604139248  -O                                                                        (1 = 0.2%)
1625953325  -O                                                                        (1 = 0.2%)
1627819528  -O                                                                        (1 = 0.2%)
1628144753  -O                                                                        (1 = 0.2%)
1634993303  -O                                                                        (1 = 0.2%)
1637903150  -O                                                                        (1 = 0.2%)
1645764719  -O                                                                        (1 = 0.2%)
1648221394  -O                                                                        (1 = 0.2%)
1654304277  -O                                                                        (1 = 0.2%)
1664178055  -O                                                                        (1 = 0.2%)
1673724330  -O                                                                        (1 = 0.2%)
1678274389  -O                                                                        (1 = 0.2%)
1681580510  -O                                                                        (1 = 0.2%)
1692858862  -O                                                                        (1 = 0.2%)
1702456600  -O                                                                        (1 = 0.2%)
1705059164  -O                                                                        (1 = 0.2%)
1706934116  -O                                                                        (1 = 0.2%)
1722128228  -O                                                                        (1 = 0.2%)
1733430817  -O                                                                        (1 = 0.2%)
1764284517  -O                                                                        (1 = 0.2%)
1764633608  -O                                                                        (1 = 0.2%)
1768850504  -O                                                                        (1 = 0.2%)
1771736614  -O                                                                        (1 = 0.2%)
1773175183  -O                                                                        (1 = 0.2%)
1774207023  -O                                                                        (1 = 0.2%)
1791825499  -O                                                                        (1 = 0.2%)
1807713282  -O                                                                        (1 = 0.2%)
1817269169  -O                                                                        (1 = 0.2%)
1820432981  -O                                                                        (1 = 0.2%)
1827806851  -O                                                                        (1 = 0.2%)
1828908270  -O                                                                        (1 = 0.2%)
1840117079  -O                                                                        (1 = 0.2%)
1856694654  -O                                                                        (1 = 0.2%)
1858548678  -O                                                                        (1 = 0.2%)
1865358985  -O                                                                        (1 = 0.2%)
1869182481  -O                                                                        (1 = 0.2%)
1871704243  -O                                                                        (1 = 0.2%)
1879695078  -O                                                                        (1 = 0.2%)
1884546623  -O                                                                        (1 = 0.2%)
1886855768  -O                                                                        (1 = 0.2%)
1902767660  -O                                                                        (1 = 0.2%)
1910938029  -O                                                                        (1 = 0.2%)
1923415074  -------------O                                                            (13 = 3.1%)
1923604962  -O                                                                        (1 = 0.2%)
1924400671  -O                                                                        (1 = 0.2%)
1924555831  -O                                                                        (1 = 0.2%)
1924865606  -O                                                                        (1 = 0.2%)
1927273959  --O                                                                       (2 = 0.5%)
1927847838  -O                                                                        (1 = 0.2%)
1934697731  -O                                                                        (1 = 0.2%)
1936820420  --O                                                                       (2 = 0.5%)
1939178542  -O                                                                        (1 = 0.2%)
1946235510  -O                                                                        (1 = 0.2%)
1953058349  -O                                                                        (1 = 0.2%)
1956100443  -O                                                                        (1 = 0.2%)
1958764657  -O                                                                        (1 = 0.2%)
1965922208  -O                                                                        (1 = 0.2%)
1971738601  -O                                                                        (1 = 0.2%)
1971940901  -O                                                                        (1 = 0.2%)
1985461610  -O                                                                        (1 = 0.2%)
1993242959  -O                                                                        (1 = 0.2%)
1994005658  -O                                                                        (1 = 0.2%)
2005681410  -O                                                                        (1 = 0.2%)
2022894957  -O                                                                        (1 = 0.2%)
2049316039  -O                                                                        (1 = 0.2%)
2053546720  -O                                                                        (1 = 0.2%)
2056672062  -------------------------------------------------------------O            (61 = 14.7%)
2074180478  -O                                                                        (1 = 0.2%)
2082071419  -O                                                                        (1 = 0.2%)
2082524502  -O                                                                        (1 = 0.2%)
2097306482  -O                                                                        (1 = 0.2%)
2109884390  -O                                                                        (1 = 0.2%)
2116434298  -O                                                                        (1 = 0.2%)
2133246549  -O                                                                        (1 = 0.2%)
2134550145  -O                                                                        (1 = 0.2%)
2137725514  -O                                                                        (1 = 0.2%)
2138054526  -O                                                                        (1 = 0.2%)
2139099957  -O                                                                        (1 = 0.2%)
2141172979  -O                                                                        (1 = 0.2%)
2141675741  -O                                                                        (1 = 0.2%)
2145939966  -O                                                                        (1 = 0.2%)

Histogram: Privacy.CookieControlsSetting.RegularProfile recorded 1 samples, mean = 2.0 (flags = 0x41)
0  ... 
2  -O                                                                        (1 = 100.0%) {0.0%}
3  O                                                                         (0 = 0.0%) {100.0%}

Histogram: Privacy.DIPS.BounceCategoryServer.Block3PC recorded 1 samples, mean = 0.0 (flags = 0x41)
0  -O                                                                        (1 = 100.0%)
1  ... 

Histogram: Privacy.DIPS.ClearedSitesCount.Block3PC recorded 3 samples, mean = 0.0 (flags = 0x41)
0  ---O                                                                      (3 = 100.0%)
1  ... 

Histogram: Privacy.DIPS.DIPSErrorCodes recorded 3 samples, mean = 4.0 (flags = 0x41)
0  -O                                                                        (1 = 33.3%)
1  ... 
6  --O                                                                       (2 = 66.7%) {33.3%}
7  ... 

Histogram: Privacy.DIPS.Database.Operation.FilterSitesWithProtectiveEventTime recorded 1 samples, mean = 0.0 (flags = 0x41)
0  -O                                                                        (1 = 100.0%)
1  ... 

Histogram: Privacy.DIPS.Database.Operation.GetSitesThatBouncedWithStateTime recorded 3 samples, mean = 0.0 (flags = 0x41)
0  ---O                                                                      (3 = 100.0%)
1  ... 

Histogram: Privacy.DIPS.Database.Operation.InitTime recorded 1 samples, mean = 65.0 (flags = 0x41)
0   ... 
57  -O                                                                        (1 = 100.0%) {0.0%}
68  ... 

Histogram: Privacy.DIPS.Database.Operation.ReadPopupTime recorded 1 samples, mean = 0.0 (flags = 0x41)
0  -O                                                                        (1 = 100.0%)
1  ... 

Histogram: Privacy.DIPS.Database.Operation.ReadTime recorded 4 samples, mean = 0.0 (flags = 0x41)
0  ----O                                                                     (4 = 100.0%)
1  ... 

Histogram: Privacy.DIPS.Database.Operation.RemoveRowsTime recorded 1 samples, mean = 92.0 (flags = 0x41)
0   ... 
81  -O                                                                        (1 = 100.0%) {0.0%}
96  ... 

Histogram: Privacy.DIPS.Database.Operation.WriteTime recorded 2 samples, mean = 43.5 (flags = 0x41)
0   ... 
40  --O                                                                       (2 = 100.0%) {0.0%}
48  ... 

Histogram: Privacy.DIPS.DatabaseEntryCount recorded 1 samples, mean = 0.0 (flags = 0x41)
0  -O                                                                        (1 = 100.0%)
1  ... 

Histogram: Privacy.DIPS.DatabaseHealthMetricsTime recorded 1 samples, mean = 0.0 (flags = 0x41)
0  -O                                                                        (1 = 100.0%)
1  ... 

Histogram: Privacy.DIPS.DatabaseInit recorded 1 samples, mean = 1.0 (flags = 0x41)
0  O                                                                         (0 = 0.0%)
1  -O                                                                        (1 = 100.0%) {0.0%}
2  ... 

Histogram: Privacy.DIPS.DatabaseSize recorded 1 samples, mean = 36.0 (flags = 0x41)
0  -O                                                                        (1 = 100.0%)
1000... 

Histogram: Privacy.DoNotTrackSetting2 recorded 1 samples, mean = 0.0 (flags = 0x41)
0  -O                                                                        (1 = 100.0%)
1  ... 

Histogram: Privacy.ThirdPartyCookieBlockingSetting.RegularProfile recorded 1 samples, mean = 0.0 (flags = 0x41)
0  -O                                                                        (1 = 100.0%)
1  ... 

Histogram: PrivacyBudget.Identifiability.FinchConfigValidationResult recorded 1 samples, mean = 1.0 (flags = 0x41)
0  O                                                                         (0 = 0.0%)
1  -O                                                                        (1 = 100.0%) {0.0%}
2  O                                                                         (0 = 0.0%) {100.0%}

Histogram: PrivacyBudget.Identifiability.RecordedSample recorded 92 samples, mean = 0.0 (flags = 0x41)
0  ------------------------------------------------------------------------O (92 = 100.0%)
1  ... 

Histogram: PrivacySandbox.IsTopicsAllowed recorded 1 samples, mean = 3.0 (flags = 0x41)
0  ... 
3  -O                                                                        (1 = 100.0%) {0.0%}
4  ... 

Histogram: PrivacySandbox.NoticeRequirement.IsVariationCountryEmpty recorded 3 samples, mean = 1.0 (flags = 0x41)
0  O                                                                         (0 = 0.0%)
1  ---O                                                                      (3 = 100.0%) {0.0%}
2  O                                                                         (0 = 0.0%) {100.0%}

Histogram: PrivacySandbox.NoticeRequirement.IsVariationServiceReady recorded 3 samples, mean = 1.0 (flags = 0x41)
0  O                                                                         (0 = 0.0%)
1  ---O                                                                      (3 = 100.0%) {0.0%}
2  O                                                                         (0 = 0.0%) {100.0%}

Histogram: PrivacySandbox.TrackingProtection.OnboardingStartup.State recorded 1 samples, mean = 0.0 (flags = 0x41)
0  -O                                                                        (1 = 100.0%)
1  ... 

Histogram: PrivacySandbox.TrackingProtection.SilentOnboardingStartup.State recorded 1 samples, mean = 0.0 (flags = 0x41)
0  -O                                                                        (1 = 100.0%)
1  ... 

Histogram: Profile.AppCount recorded 1 samples, mean = 0.0 (flags = 0x41)
0  -O                                                                        (1 = 100.0%)
1  ... 

Histogram: Profile.BookmarksSize recorded 1 samples, mean = 0.0 (flags = 0x41)
0  -O                                                                        (1 = 100.0%)
1  ... 

Histogram: Profile.CookiesSize recorded 1 samples, mean = 0.0 (flags = 0x41)
0  -O                                                                        (1 = 100.0%)
1  ... 

Histogram: Profile.Destroyer.OffTheRecord recorded 1 samples, mean = 1.0 (flags = 0x41)
0  O                                                                         (0 = 0.0%)
1  -O                                                                        (1 = 100.0%) {0.0%}
2  ... 

Histogram: Profile.DidDestroyProfileBeforeShutdown recorded 1 samples, mean = 0.0 (flags = 0x41)
0  -O                                                                        (1 = 100.0%)
1  ... 

Histogram: Profile.ExtensionSize recorded 1 samples, mean = 0.0 (flags = 0x41)
0  -O                                                                        (1 = 100.0%)
1  ... 

Histogram: Profile.FaviconsSize recorded 1 samples, mean = 0.0 (flags = 0x41)
0  -O                                                                        (1 = 100.0%)
1  ... 

Histogram: Profile.HistorySize recorded 1 samples, mean = 0.0 (flags = 0x41)
0  -O                                                                        (1 = 100.0%)
1  ... 

Histogram: Profile.KeepAliveLeakAtShutdown recorded 2 samples, mean = 3.5 (flags = 0x41)
0  -O                                                                        (1 = 50.0%)
1  ... 
7  -O                                                                        (1 = 50.0%) {50.0%}
8  ... 

Histogram: Profile.LiveProfileCount recorded 5 samples, mean = 1.0 (flags = 0x41)
0  O                                                                         (0 = 0.0%)
1  -----O                                                                    (5 = 100.0%) {0.0%}
2  ... 

Histogram: Profile.NumberOfProfiles recorded 1 samples, mean = 0.0 (flags = 0x41)
0  -O                                                                        (1 = 100.0%)
1  ... 

Histogram: Profile.TopSitesSize recorded 1 samples, mean = 0.0 (flags = 0x41)
0  -O                                                                        (1 = 100.0%)
1  ... 

Histogram: Profile.TotalHistorySize recorded 1 samples, mean = 0.0 (flags = 0x41)
0  -O                                                                        (1 = 100.0%)
1  ... 

Histogram: Profile.TotalSize recorded 1 samples, mean = 0.0 (flags = 0x41)
0  -O                                                                        (1 = 100.0%)
1  ... 

Histogram: Profile.TotalSizeRecursive recorded 1 samples, mean = 7.0 (flags = 0x41)
0  ... 
7  -O                                                                        (1 = 100.0%) {0.0%}
8  ... 

Histogram: Profile.TriggeredReset recorded 1 samples, mean = 0.0 (flags = 0x41)
0  -O                                                                        (1 = 100.0%)
1  ... 

Histogram: Profile.VisitedLinksSize recorded 1 samples, mean = 0.0 (flags = 0x41)
0  -O                                                                        (1 = 100.0%)
1  ... 

Histogram: Profile.WebDataSize recorded 1 samples, mean = 0.0 (flags = 0x41)
0  -O                                                                        (1 = 100.0%)
1  ... 

Histogram: Profile.ZombieProfileCount recorded 5 samples, mean = 0.0 (flags = 0x41)
0  -----O                                                                    (5 = 100.0%)
1  ... 

Histogram: ProfilePicker.StartupMode.CreateInitialProfile recorded 1 samples, mean = 0.0 (flags = 0x41)
0  -O                                                                        (1 = 100.0%)
1  ... 

Histogram: ProfilePicker.StartupMode.GetStartupProfile recorded 1 samples, mean = 0.0 (flags = 0x41)
0  -O                                                                        (1 = 100.0%)
1  ... 

Histogram: ProfilePicker.StartupReason.GetStartupProfile recorded 1 samples, mean = 27.0 (flags = 0x41)
0   ... 
27  -O                                                                        (1 = 100.0%) {0.0%}
28  ... 

Histogram: ProtoDB.GetErrorStatus.Metadata recorded 0 samples (flags = 0x41)
0 ... 

Histogram: ProtoDB.GetFound.Metadata recorded 18 samples, mean = 0.0 (flags = 0x41)
0  ------------------O                                                       (18 = 100.0%)
1  ... 

Histogram: ProtoDB.GetSuccess.Metadata recorded 18 samples, mean = 1.0 (flags = 0x41)
0  O                                                                         (0 = 0.0%)
1  ------------------O                                                       (18 = 100.0%) {0.0%}
2  O                                                                         (0 = 0.0%) {100.0%}

Histogram: ProtoDB.InitStatus.BudgetManager recorded 1 samples, mean = 4.0 (flags = 0x41)
0  ... 
4  -O                                                                        (1 = 100.0%) {0.0%}
5  ... 

Histogram: ProtoDB.InitStatus.CartDatabase recorded 1 samples, mean = 4.0 (flags = 0x41)
0  ... 
4  -O                                                                        (1 = 100.0%) {0.0%}
5  ... 

Histogram: ProtoDB.InitStatus.ClientCertificatesDatabase recorded 1 samples, mean = 4.0 (flags = 0x41)
0  ... 
4  -O                                                                        (1 = 100.0%) {0.0%}
5  ... 

Histogram: ProtoDB.InitStatus.CommerceParcelTrackingDatabase recorded 1 samples, mean = 4.0 (flags = 0x41)
0  ... 
4  -O                                                                        (1 = 100.0%) {0.0%}
5  ... 

Histogram: ProtoDB.InitStatus.CommerceSubscriptionDatabase recorded 1 samples, mean = 4.0 (flags = 0x41)
0  ... 
4  -O                                                                        (1 = 100.0%) {0.0%}
5  ... 

Histogram: ProtoDB.InitStatus.CouponDatabase recorded 1 samples, mean = 4.0 (flags = 0x41)
0  ... 
4  -O                                                                        (1 = 100.0%) {0.0%}
5  ... 

Histogram: ProtoDB.InitStatus.DiscountsDatabase recorded 1 samples, mean = 4.0 (flags = 0x41)
0  ... 
4  -O                                                                        (1 = 100.0%) {0.0%}
5  ... 

Histogram: ProtoDB.InitStatus.DownloadDB recorded 1 samples, mean = 4.0 (flags = 0x41)
0  ... 
4  -O                                                                        (1 = 100.0%) {0.0%}
5  ... 

Histogram: ProtoDB.InitStatus.DownloadService recorded 1 samples, mean = 4.0 (flags = 0x41)
0  ... 
4  -O                                                                        (1 = 100.0%) {0.0%}
5  ... 

Histogram: ProtoDB.InitStatus.FeatureEngagementTrackerAvailabilityStore recorded 1 samples, mean = 4.0 (flags = 0x41)
0  ... 
4  -O                                                                        (1 = 100.0%) {0.0%}
5  ... 

Histogram: ProtoDB.InitStatus.FeatureEngagementTrackerEventStore recorded 1 samples, mean = 4.0 (flags = 0x41)
0  ... 
4  -O                                                                        (1 = 100.0%) {0.0%}
5  ... 

Histogram: ProtoDB.InitStatus.GCMKeyStore recorded 1 samples, mean = 0.0 (flags = 0x41)
0  -O                                                                        (1 = 100.0%)
1  ... 

Histogram: ProtoDB.InitStatus.Metadata recorded 1 samples, mean = 0.0 (flags = 0x41)
0  -O                                                                        (1 = 100.0%)
1  ... 

Histogram: ProtoDB.InitStatus.PersistentOriginTrials recorded 1 samples, mean = 4.0 (flags = 0x41)
0  ... 
4  -O                                                                        (1 = 100.0%) {0.0%}
5  ... 

Histogram: ProtoDB.InitStatus.PreviewsHintCacheStore recorded 1 samples, mean = 4.0 (flags = 0x41)
0  ... 
4  -O                                                                        (1 = 100.0%) {0.0%}
5  ... 

Histogram: ProtoDB.InitStatus.SegmentInfoDatabase recorded 1 samples, mean = 4.0 (flags = 0x41)
0  ... 
4  -O                                                                        (1 = 100.0%) {0.0%}
5  ... 

Histogram: ProtoDB.InitStatus.SharedDb recorded 1 samples, mean = 0.0 (flags = 0x41)
0  -O                                                                        (1 = 100.0%)
1  ... 

Histogram: ProtoDB.InitStatus.SignalDatabase recorded 1 samples, mean = 4.0 (flags = 0x41)
0  ... 
4  -O                                                                        (1 = 100.0%) {0.0%}
5  ... 

Histogram: ProtoDB.InitStatus.SignalStorageConfigDatabase recorded 1 samples, mean = 4.0 (flags = 0x41)
0  ... 
4  -O                                                                        (1 = 100.0%) {0.0%}
5  ... 

Histogram: ProtoDB.InitStatus.StrikeService recorded 1 samples, mean = 4.0 (flags = 0x41)
0  ... 
4  -O                                                                        (1 = 100.0%) {0.0%}
5  ... 

Histogram: ProtoDB.LoadEntriesSuccess.CartDatabase recorded 1 samples, mean = 1.0 (flags = 0x41)
0  O                                                                         (0 = 0.0%)
1  -O                                                                        (1 = 100.0%) {0.0%}
2  O                                                                         (0 = 0.0%) {100.0%}

Histogram: ProtoDB.LoadEntriesSuccess.CouponDatabase recorded 1 samples, mean = 1.0 (flags = 0x41)
0  O                                                                         (0 = 0.0%)
1  -O                                                                        (1 = 100.0%) {0.0%}
2  O                                                                         (0 = 0.0%) {100.0%}

Histogram: ProtoDB.LoadEntriesSuccess.DownloadDB recorded 1 samples, mean = 1.0 (flags = 0x41)
0  O                                                                         (0 = 0.0%)
1  -O                                                                        (1 = 100.0%) {0.0%}
2  O                                                                         (0 = 0.0%) {100.0%}

Histogram: ProtoDB.LoadEntriesSuccess.DownloadService recorded 1 samples, mean = 1.0 (flags = 0x41)
0  O                                                                         (0 = 0.0%)
1  -O                                                                        (1 = 100.0%) {0.0%}
2  O                                                                         (0 = 0.0%) {100.0%}

Histogram: ProtoDB.LoadEntriesSuccess.FeatureEngagementTrackerAvailabilityStore recorded 1 samples, mean = 1.0 (flags = 0x41)
0  O                                                                         (0 = 0.0%)
1  -O                                                                        (1 = 100.0%) {0.0%}
2  O                                                                         (0 = 0.0%) {100.0%}

Histogram: ProtoDB.LoadEntriesSuccess.FeatureEngagementTrackerEventStore recorded 1 samples, mean = 1.0 (flags = 0x41)
0  O                                                                         (0 = 0.0%)
1  -O                                                                        (1 = 100.0%) {0.0%}
2  O                                                                         (0 = 0.0%) {100.0%}

Histogram: ProtoDB.LoadEntriesSuccess.GCMKeyStore recorded 1 samples, mean = 1.0 (flags = 0x41)
0  O                                                                         (0 = 0.0%)
1  -O                                                                        (1 = 100.0%) {0.0%}
2  O                                                                         (0 = 0.0%) {100.0%}

Histogram: ProtoDB.LoadEntriesSuccess.PersistentOriginTrials recorded 1 samples, mean = 1.0 (flags = 0x41)
0  O                                                                         (0 = 0.0%)
1  -O                                                                        (1 = 100.0%) {0.0%}
2  O                                                                         (0 = 0.0%) {100.0%}

Histogram: ProtoDB.LoadEntriesSuccess.SegmentInfoDatabase recorded 1 samples, mean = 1.0 (flags = 0x41)
0  O                                                                         (0 = 0.0%)
1  -O                                                                        (1 = 100.0%) {0.0%}
2  O                                                                         (0 = 0.0%) {100.0%}

Histogram: ProtoDB.LoadEntriesSuccess.SignalStorageConfigDatabase recorded 1 samples, mean = 1.0 (flags = 0x41)
0  O                                                                         (0 = 0.0%)
1  -O                                                                        (1 = 100.0%) {0.0%}
2  O                                                                         (0 = 0.0%) {100.0%}

Histogram: ProtoDB.LoadKeysAndEntriesSuccess.PreviewsHintCacheStore recorded 2 samples, mean = 1.0 (flags = 0x41)
0  O                                                                         (0 = 0.0%)
1  --O                                                                       (2 = 100.0%) {0.0%}
2  O                                                                         (0 = 0.0%) {100.0%}

Histogram: ProtoDB.LoadKeysAndEntriesSuccess.SignalDatabase recorded 1180 samples, mean = 1.0 (flags = 0x41)
0  O                                                                         (0 = 0.0%)
1  ------------------------------------------------------------------------O (1180 = 100.0%) {0.0%}
2  O                                                                         (0 = 0.0%) {100.0%}

Histogram: ProtoDB.LoadKeysAndEntriesSuccess.StrikeService recorded 1 samples, mean = 1.0 (flags = 0x41)
0  O                                                                         (0 = 0.0%)
1  -O                                                                        (1 = 100.0%) {0.0%}
2  O                                                                         (0 = 0.0%) {100.0%}

Histogram: ProtoDB.SharedDbInitStatus recorded 55 samples, mean = 9.6 (flags = 0x41)
0   -------------------O                                                      (19 = 34.5%)
1   ... 
7   -----------------O                                                        (17 = 30.9%) {34.5%}
8   ... 
21  -----------------O                                                        (17 = 30.9%) {65.5%}
22  ... 
27  --O                                                                       (2 = 3.6%) {96.4%}
28  ... 

Histogram: ProtoDB.UpdateErrorStatus.CartDatabase recorded 0 samples (flags = 0x41)
0 ... 

Histogram: ProtoDB.UpdateErrorStatus.CouponDatabase recorded 0 samples (flags = 0x41)
0 ... 

Histogram: ProtoDB.UpdateErrorStatus.Default recorded 0 samples (flags = 0x41)
0 ... 

Histogram: ProtoDB.UpdateErrorStatus.FeatureEngagementTrackerAvailabilityStore recorded 0 samples (flags = 0x41)
0 ... 

Histogram: ProtoDB.UpdateErrorStatus.Metadata recorded 0 samples (flags = 0x41)
0 ... 

Histogram: ProtoDB.UpdateErrorStatus.PreviewsHintCacheStore recorded 0 samples (flags = 0x41)
0 ... 

Histogram: ProtoDB.UpdateErrorStatus.SegmentInfoDatabase recorded 0 samples (flags = 0x41)
0 ... 

Histogram: ProtoDB.UpdateErrorStatus.SignalDatabase recorded 0 samples (flags = 0x41)
0 ... 

Histogram: ProtoDB.UpdateErrorStatus.SignalStorageConfigDatabase recorded 0 samples (flags = 0x41)
0 ... 

Histogram: ProtoDB.UpdateSuccess.CartDatabase recorded 1 samples, mean = 1.0 (flags = 0x41)
0  O                                                                         (0 = 0.0%)
1  -O                                                                        (1 = 100.0%) {0.0%}
2  O                                                                         (0 = 0.0%) {100.0%}

Histogram: ProtoDB.UpdateSuccess.CouponDatabase recorded 1 samples, mean = 1.0 (flags = 0x41)
0  O                                                                         (0 = 0.0%)
1  -O                                                                        (1 = 100.0%) {0.0%}
2  O                                                                         (0 = 0.0%) {100.0%}

Histogram: ProtoDB.UpdateSuccess.Default recorded 5 samples, mean = 1.0 (flags = 0x41)
0  O                                                                         (0 = 0.0%)
1  -----O                                                                    (5 = 100.0%) {0.0%}
2  O                                                                         (0 = 0.0%) {100.0%}

Histogram: ProtoDB.UpdateSuccess.FeatureEngagementTrackerAvailabilityStore recorded 1 samples, mean = 1.0 (flags = 0x41)
0  O                                                                         (0 = 0.0%)
1  -O                                                                        (1 = 100.0%) {0.0%}
2  O                                                                         (0 = 0.0%) {100.0%}

Histogram: ProtoDB.UpdateSuccess.Metadata recorded 36 samples, mean = 1.0 (flags = 0x41)
0  O                                                                         (0 = 0.0%)
1  ------------------------------------O                                     (36 = 100.0%) {0.0%}
2  O                                                                         (0 = 0.0%) {100.0%}

Histogram: ProtoDB.UpdateSuccess.PreviewsHintCacheStore recorded 2 samples, mean = 1.0 (flags = 0x41)
0  O                                                                         (0 = 0.0%)
1  --O                                                                       (2 = 100.0%) {0.0%}
2  O                                                                         (0 = 0.0%) {100.0%}

Histogram: ProtoDB.UpdateSuccess.SegmentInfoDatabase recorded 11 samples, mean = 1.0 (flags = 0x41)
0  O                                                                         (0 = 0.0%)
1  -----------O                                                              (11 = 100.0%) {0.0%}
2  O                                                                         (0 = 0.0%) {100.0%}

Histogram: ProtoDB.UpdateSuccess.SignalDatabase recorded 1 samples, mean = 1.0 (flags = 0x41)
0  O                                                                         (0 = 0.0%)
1  -O                                                                        (1 = 100.0%) {0.0%}
2  O                                                                         (0 = 0.0%) {100.0%}

Histogram: ProtoDB.UpdateSuccess.SignalStorageConfigDatabase recorded 8 samples, mean = 1.0 (flags = 0x41)
0  O                                                                         (0 = 0.0%)
1  --------O                                                                 (8 = 100.0%) {0.0%}
2  O                                                                         (0 = 0.0%) {100.0%}

Histogram: Quota.AvailableDiskSpace recorded 8 samples, mean = 676819.4 (flags = 0x41)
0       ... 
655169  --------O                                                                 (8 = 100.0%) {0.0%}
764286  ... 

Histogram: Quota.AvailableDiskSpace2 recorded 2 samples, mean = 676615.0 (flags = 0x41)
0       ... 
655169  --O                                                                       (2 = 100.0%) {0.0%}
764286  ... 

Histogram: Quota.EvictedBucketsPerHour recorded 2 samples, mean = 0.0 (flags = 0x41)
0  --O                                                                       (2 = 100.0%)
1  ... 

Histogram: Quota.EvictionRoundsPerHour recorded 2 samples, mean = 2.0 (flags = 0x41)
0  ... 
2  --O                                                                       (2 = 100.0%) {0.0%}
3  ... 

Histogram: Quota.GlobalTemporaryPoolSize recorded 6 samples, mean = 1525429.0 (flags = 0x41)
0        ... 
1415357  ------O                                                                   (6 = 100.0%) {0.0%}
1651082  ... 

Histogram: Quota.GlobalUsageOfTemporaryStorage recorded 2 samples, mean = 0.0 (flags = 0x41)
0  --O                                                                       (2 = 100.0%)
1  ... 

Histogram: Quota.PercentDiskAvailable recorded 8 samples, mean = 35.0 (flags = 0x41)
0   ... 
35  --------O                                                                 (8 = 100.0%) {0.0%}
36  ... 

Histogram: Quota.PercentDiskAvailable2 recorded 2 samples, mean = 35.0 (flags = 0x41)
0   ... 
35  --O                                                                       (2 = 100.0%) {0.0%}
36  ... 

Histogram: Quota.PercentUsedForTemporaryStorage2 recorded 2 samples, mean = 0.0 (flags = 0x41)
0  --O                                                                       (2 = 100.0%)
1  ... 

Histogram: Quota.SkippedEvictionRoundsPerHour recorded 2 samples, mean = 2.0 (flags = 0x41)
0  ... 
2  --O                                                                       (2 = 100.0%) {0.0%}
3  ... 

Histogram: Quota.StorageKeyNonceCount recorded 2 samples, mean = 0.0 (flags = 0x41)
0  --O                                                                       (2 = 100.0%)
1  ... 

Histogram: Quota.TotalBucketCount recorded 2 samples, mean = 0.0 (flags = 0x41)
0  --O                                                                       (2 = 100.0%)
1  ... 

Histogram: Quota.TotalDiskSpace recorded 8 samples, mean = 1906786.0 (flags = 0x41)
0        ... 
1651082  --------O                                                                 (8 = 100.0%) {0.0%}
1926066  ... 

Histogram: Quota.TotalDiskSpaceIsZero recorded 6 samples, mean = 0.0 (flags = 0x41)
0  ------O                                                                   (6 = 100.0%)
1  ... 

Histogram: ReadingList.Read.Count.OnModelLoaded.AccountStorage recorded 1 samples, mean = 0.0 (flags = 0x41)
0  -O                                                                        (1 = 100.0%)
1  ... 

Histogram: ReadingList.Read.Count.OnModelLoaded.LocalStorage recorded 1 samples, mean = 0.0 (flags = 0x41)
0  -O                                                                        (1 = 100.0%)
1  ... 

Histogram: ReadingList.Unread.Count.OnModelLoaded.AccountStorage recorded 1 samples, mean = 0.0 (flags = 0x41)
0  -O                                                                        (1 = 100.0%)
1  ... 

Histogram: ReadingList.Unread.Count.OnModelLoaded.LocalStorage recorded 1 samples, mean = 0.0 (flags = 0x41)
0  -O                                                                        (1 = 100.0%)
1  ... 

Histogram: Renderer.BrowserLaunchToRunLoopStart recorded 1 samples, mean = 50.0 (flags = 0x41)
0   ... 
48  -O                                                                        (1 = 100.0%) {0.0%}
57  ... 

Histogram: Renderer.Core.Timing.Performance.SwapsPerPerformanceEntryInsertion recorded 47 samples, mean = 1.6 (flags = 0x41)
0  ---------------O                                                          (15 = 31.9%)
1  ------------------O                                                       (18 = 38.3%) {31.9%}
2  ----O                                                                     (4 = 8.5%) {70.2%}
3  --O                                                                       (2 = 4.3%) {78.7%}
4  ---O                                                                      (3 = 6.4%) {83.0%}
5  ---O                                                                      (3 = 6.4%) {89.4%}
6  -O                                                                        (1 = 2.1%) {95.7%}
7  O                                                                         (0 = 0.0%) {97.9%}
8  -O                                                                        (1 = 2.1%) {97.9%}
9  ... 

Histogram: Renderer.CriticalFonts.BlockingResourcesLoadTime recorded 1 samples, mean = 3257.0 (flags = 0x41)
0     ... 
2990  -O                                                                        (1 = 100.0%) {0.0%}
3553  ... 

Histogram: Renderer.CriticalFonts.CriticalFontDelay recorded 1 samples, mean = 0.0 (flags = 0x41)
0  -O                                                                        (1 = 100.0%)
1  ... 

Histogram: Renderer.CriticalFonts.PreloadedFontsLoadTime recorded 1 samples, mean = 3214.0 (flags = 0x41)
0     ... 
2990  -O                                                                        (1 = 100.0%) {0.0%}
3553  ... 

Histogram: Renderer.Font.PrimaryFont.DomContentLoaded recorded 1 samples, mean = 0.0 (flags = 0x41)
0  -O                                                                        (1 = 100.0%)
1  ... 

Histogram: Renderer.Font.PrimaryFont.DomContentLoaded.Style recorded 1 samples, mean = 0.0 (flags = 0x41)
0  -O                                                                        (1 = 100.0%)
1  ... 

Histogram: Renderer.Font.SystemFallback.DomContentLoaded recorded 1 samples, mean = 0.0 (flags = 0x41)
0  -O                                                                        (1 = 100.0%)
1  ... 

Histogram: Renderer.Layout.TextWrapBalance recorded 4 samples, mean = 0.0 (flags = 0x41)
0  ----O                                                                     (4 = 100.0%)
1  ... 

Histogram: Renderer.ProcessLifetime3 recorded 3 samples, mean = 6695517.5 (flags = 0x41)
0        -O                                                                        (1 = 33.3%)
1000     ... 
9538034  --O                                                                       (2 = 66.7%) {33.3%}
10711004 ... 

Histogram: Renderer.ProcessLifetime3.Empty recorded 1 samples, mean = 10042471.0 (flags = 0x41)
0        ... 
9538034  -O                                                                        (1 = 100.0%) {0.0%}
10711004 ... 

Histogram: Renderer.ProcessLifetime3.MainFrame recorded 1 samples, mean = 10043265.0 (flags = 0x41)
0        ... 
9538034  -O                                                                        (1 = 100.0%) {0.0%}
10711004 ... 

Histogram: Renderer.ProcessLifetime3.Speculative recorded 1 samples, mean = 817.0 (flags = 0x41)
0  -O                                                                        (1 = 100.0%)
1000... 

Histogram: Renderer.ReduceSubresourceResponseIPC.DidNotifyBrowser recorded 48 samples, mean = 1.0 (flags = 0x41)
0  O                                                                         (0 = 0.0%)
1  ------------------------------------------------O                         (48 = 100.0%) {0.0%}
2  O                                                                         (0 = 0.0%) {100.0%}

Histogram: Renderer.RenderThreadImpl.Init recorded 1 samples, mean = 9.0 (flags = 0x41)
0  ... 
8  -O                                                                        (1 = 100.0%) {0.0%}
10 ... 

Histogram: Renderer4.GpuRasterizationEnabled recorded 1 samples, mean = 1.0 (flags = 0x41)
0  O                                                                         (0 = 0.0%)
1  -O                                                                        (1 = 100.0%) {0.0%}
2  O                                                                         (0 = 0.0%) {100.0%}

Histogram: RendererScheduler.RendererMainThreadLoad5 recorded 20090 samples, mean = 0.0 (flags = 0x41)
0   ------------------------------------------------------------------------O (20086 = 100.0%)
1   O                                                                         (1 = 0.0%) {100.0%}
2   O                                                                         (1 = 0.0%) {100.0%}
3   ... 
30  O                                                                         (1 = 0.0%) {100.0%}
31  ... 
43  O                                                                         (1 = 0.0%) {100.0%}
44  ... 

Histogram: RendererScheduler.RendererMainThreadLoad5.Background recorded 10042 samples, mean = 0.0 (flags = 0x41)
0  ------------------------------------------------------------------------O (10042 = 100.0%)
1  ... 

Histogram: RendererScheduler.RendererMainThreadLoad5.Background.AfterFifthMinute recorded 9743 samples, mean = 0.0 (flags = 0x41)
0  ------------------------------------------------------------------------O (9743 = 100.0%)
1  ... 

Histogram: RendererScheduler.RendererMainThreadLoad5.Background.AfterFirstMinute recorded 9983 samples, mean = 0.0 (flags = 0x41)
0  ------------------------------------------------------------------------O (9983 = 100.0%)
1  ... 

Histogram: RendererScheduler.RendererMainThreadLoad5.Background.AfterTenthMinute recorded 9443 samples, mean = 0.0 (flags = 0x41)
0  ------------------------------------------------------------------------O (9443 = 100.0%)
1  ... 

Histogram: RendererScheduler.RendererMainThreadLoad5.Foreground recorded 10047 samples, mean = 0.0 (flags = 0x41)
0   ------------------------------------------------------------------------O (10043 = 100.0%)
1   O                                                                         (0 = 0.0%) {100.0%}
2   O                                                                         (2 = 0.0%) {100.0%}
3   ... 
30  O                                                                         (1 = 0.0%) {100.0%}
31  ... 
43  O                                                                         (1 = 0.0%) {100.0%}
44  ... 

Histogram: RendererScheduler.RendererMainThreadLoad5.Foreground.AfterFirstMinute recorded 9983 samples, mean = 0.0 (flags = 0x41)
0  ------------------------------------------------------------------------O (9983 = 100.0%)
1  ... 

Histogram: ReportingAndNEL.NumberOfLoadedNELPolicies recorded 1 samples, mean = 0.0 (flags = 0x41)
0  -O                                                                        (1 = 100.0%)
1  ... 

Histogram: ReportingAndNEL.NumberOfLoadedNELPolicies2 recorded 1 samples, mean = 0.0 (flags = 0x41)
0  -O                                                                        (1 = 100.0%)
1  ... 

Histogram: ReportingAndNEL.NumberOfLoadedReportingEndpointGroups2 recorded 1 samples, mean = 0.0 (flags = 0x41)
0  -O                                                                        (1 = 100.0%)
1  ... 

Histogram: ReportingAndNEL.NumberOfLoadedReportingEndpoints2 recorded 1 samples, mean = 0.0 (flags = 0x41)
0  -O                                                                        (1 = 100.0%)
1  ... 

Histogram: ReportingAndNEL.TimeInitializeDB recorded 1 samples, mean = 32.0 (flags = 0x41)
0   ... 
32  -O                                                                        (1 = 100.0%) {0.0%}
40  ... 

Histogram: ResourceScheduler.RequestQueuingDuration.Priority1 recorded 68 samples, mean = 0.0 (flags = 0x41)
0  -------------------------------------------------------------------O      (67 = 98.5%)
1  -O                                                                        (1 = 1.5%) {98.5%}
2  ... 

Histogram: ResourceScheduler.RequestQueuingDuration.Priority2 recorded 29 samples, mean = 0.0 (flags = 0x41)
0  -----------------------------O                                            (29 = 100.0%)
1  ... 

Histogram: ResourceScheduler.RequestQueuingDuration.Priority3 recorded 1 samples, mean = 0.0 (flags = 0x41)
0  -O                                                                        (1 = 100.0%)
1  ... 

Histogram: ResourceScheduler.RequestQueuingDuration.Priority4 recorded 7 samples, mean = 0.0 (flags = 0x41)
0  -------O                                                                  (7 = 100.0%)
1  ... 

Histogram: ResourceScheduler.RequestQueuingDuration.Priority5 recorded 18 samples, mean = 0.0 (flags = 0x41)
0  ------------------O                                                       (18 = 100.0%)
1  ... 

Histogram: SBClientPhishing.Classifier.Event recorded 2 samples, mean = 1.0 (flags = 0x41)
0  O                                                                         (0 = 0.0%)
1  --O                                                                       (2 = 100.0%) {0.0%}
2  ... 

Histogram: SBClientPhishing.HighConfidenceAllowlistCheckDuration recorded 1 samples, mean = 2.0 (flags = 0x41)
0  ... 
2  -O                                                                        (1 = 100.0%) {0.0%}
3  ... 

Histogram: SBClientPhishing.ImageEmbedder.Event recorded 2 samples, mean = 1.0 (flags = 0x41)
0  O                                                                         (0 = 0.0%)
1  --O                                                                       (2 = 100.0%) {0.0%}
2  ... 

Histogram: SBClientPhishing.LoadReportTimesFromPrefAtServiceCreationSuccessful recorded 1 samples, mean = 1.0 (flags = 0x41)
0  O                                                                         (0 = 0.0%)
1  -O                                                                        (1 = 100.0%) {0.0%}
2  O                                                                         (0 = 0.0%) {100.0%}

Histogram: SBClientPhishing.MatchHighConfidenceAllowlist recorded 1 samples, mean = 3.0 (flags = 0x41)
0  ... 
3  -O                                                                        (1 = 100.0%) {0.0%}
4  O                                                                         (0 = 0.0%) {100.0%}

Histogram: SBClientPhishing.MatchHighConfidenceAllowlist.TriggerModel recorded 1 samples, mean = 3.0 (flags = 0x41)
0  ... 
3  -O                                                                        (1 = 100.0%) {0.0%}
4  O                                                                         (0 = 0.0%) {100.0%}

Histogram: SBClientPhishing.PreClassificationCheckResult recorded 1 samples, mean = 3.0 (flags = 0x41)
0  ... 
3  -O                                                                        (1 = 100.0%) {0.0%}
4  ... 

Histogram: SBIRS.DroppedIncident recorded 2 samples, mean = 1.0 (flags = 0x41)
0  O                                                                         (0 = 0.0%)
1  --O                                                                       (2 = 100.0%) {0.0%}
2  ... 

Histogram: SBIRS.ReceivedIncident recorded 2 samples, mean = 1.0 (flags = 0x41)
0  O                                                                         (0 = 0.0%)
1  --O                                                                       (2 = 100.0%) {0.0%}
2  ... 

Histogram: SSL.Experimental.SubresourceResponse recorded 48 samples, mean = 0.0 (flags = 0x41)
0  ------------------------------------------------O                         (48 = 100.0%)
1  ... 

Histogram: SafeBrowsing.AsyncCheck.CommittedNavigationIdsSize recorded 5 samples, mean = 1.6 (flags = 0x41)
0  -O                                                                        (1 = 20.0%)
1  -O                                                                        (1 = 20.0%) {20.0%}
2  --O                                                                       (2 = 40.0%) {40.0%}
3  -O                                                                        (1 = 20.0%) {80.0%}
4  ... 

Histogram: SafeBrowsing.BrowserThrottle.CheckerOnIOLifetime recorded 1 samples, mean = 802.0 (flags = 0x41)
0    ... 
729  -O                                                                        (1 = 100.0%) {0.0%}
926  ... 

Histogram: SafeBrowsing.BrowserThrottle.IntervalBetweenStartAndProcess recorded 1 samples, mean = 802.0 (flags = 0x41)
0    ... 
752  -O                                                                        (1 = 100.0%) {0.0%}
894  ... 

Histogram: SafeBrowsing.BrowserThrottle.IntervalBetweenStartAndProcess.FromNetwork recorded 1 samples, mean = 802.0 (flags = 0x41)
0    ... 
752  -O                                                                        (1 = 100.0%) {0.0%}
894  ... 

Histogram: SafeBrowsing.BrowserThrottle.IsCheckCompletedOnProcessResponse recorded 1 samples, mean = 1.0 (flags = 0x41)
0  O                                                                         (0 = 0.0%)
1  -O                                                                        (1 = 100.0%) {0.0%}
2  O                                                                         (0 = 0.0%) {100.0%}

Histogram: SafeBrowsing.BrowserThrottle.RequestDestination recorded 1 samples, mean = 3.0 (flags = 0x41)
0  ... 
3  -O                                                                        (1 = 100.0%) {0.0%}
4  ... 

Histogram: SafeBrowsing.BrowserThrottle.RequestDestination.Checked recorded 1 samples, mean = 3.0 (flags = 0x41)
0  ... 
3  -O                                                                        (1 = 100.0%) {0.0%}
4  ... 

Histogram: SafeBrowsing.BrowserThrottle.TotalDelay2.FromNetwork recorded 1 samples, mean = 0.0 (flags = 0x41)
0  -O                                                                        (1 = 100.0%)
1  ... 

Histogram: SafeBrowsing.BrowserThrottle.TotalDelay2.HashPrefixDatabaseCheck recorded 2 samples, mean = 0.0 (flags = 0x41)
0  --O                                                                       (2 = 100.0%)
1  ... 

Histogram: SafeBrowsing.BrowserThrottle.WillProcessResponseCount recorded 1 samples, mean = 1.0 (flags = 0x41)
0  O                                                                         (0 = 0.0%)
1  -O                                                                        (1 = 100.0%) {0.0%}
2  ... 

Histogram: SafeBrowsing.CheckBrowseUrl.HasLocalMatch recorded 2 samples, mean = 1.0 (flags = 0x41)
0  O                                                                         (0 = 0.0%)
1  --O                                                                       (2 = 100.0%) {0.0%}
2  O                                                                         (0 = 0.0%) {100.0%}

Histogram: SafeBrowsing.CheckUrl.Action recorded 2 samples, mean = 0.0 (flags = 0x41)
0  --O                                                                       (2 = 100.0%)
1  ... 

Histogram: SafeBrowsing.CheckUrl.FirstRequestThreatType2 recorded 1 samples, mean = 1.0 (flags = 0x41)
0  O                                                                         (0 = 0.0%)
1  -O                                                                        (1 = 100.0%) {0.0%}
2  ... 

Histogram: SafeBrowsing.CheckUrl.FirstRequestThreatType2.LocalPVer4 recorded 1 samples, mean = 1.0 (flags = 0x41)
0  O                                                                         (0 = 0.0%)
1  -O                                                                        (1 = 100.0%) {0.0%}
2  ... 

Histogram: SafeBrowsing.CheckUrl.FirstRequestTimedOut recorded 1 samples, mean = 0.0 (flags = 0x41)
0  -O                                                                        (1 = 100.0%)
1  ... 

Histogram: SafeBrowsing.CheckUrl.FirstRequestTimedOut.LocalPVer4 recorded 1 samples, mean = 0.0 (flags = 0x41)
0  -O                                                                        (1 = 100.0%)
1  ... 

Histogram: SafeBrowsing.CheckUrl.IsDocumentCheckPrefetch recorded 2 samples, mean = 0.0 (flags = 0x41)
0  --O                                                                       (2 = 100.0%)
1  ... 

Histogram: SafeBrowsing.CheckUrl.TimeTaken.HashDatabase recorded 2 samples, mean = 130.5 (flags = 0x41)
0    O                                                                         (0 = 0.0%)
1    -O                                                                        (1 = 50.0%) {0.0%}
2    ... 
226  -O                                                                        (1 = 50.0%) {50.0%}
268  ... 

Histogram: SafeBrowsing.CheckUrl.Timeout recorded 2 samples, mean = 0.0 (flags = 0x41)
0  --O                                                                       (2 = 100.0%)
1  ... 

Histogram: SafeBrowsing.CheckUrl.UrlScheme recorded 2 samples, mean = 10.0 (flags = 0x41)
0   ... 
10  --O                                                                       (2 = 100.0%) {0.0%}
11  ... 

Histogram: SafeBrowsing.ClientSidePhishingDetection.AllowlistMatchResult recorded 1 samples, mean = 1.0 (flags = 0x41)
0  O                                                                         (0 = 0.0%)
1  -O                                                                        (1 = 100.0%) {0.0%}
2  ... 

Histogram: SafeBrowsing.Daily.BypassCountLast28Days.StandardProtection.AllEvents recorded 1 samples, mean = 0.0 (flags = 0x41)
0  -O                                                                        (1 = 100.0%)
1  ... 

Histogram: SafeBrowsing.Daily.SecuritySensitiveCountLast28Days.StandardProtection.AllEvents recorded 1 samples, mean = 0.0 (flags = 0x41)
0  -O                                                                        (1 = 100.0%)
1  ... 

Histogram: SafeBrowsing.FileTypeUpdate.ResourceBundleResult recorded 1 samples (flags = 0x41)
1  -O                                                                        (1 = 100.0%)

Histogram: SafeBrowsing.FileTypeUpdate.ResourceBundleVersion recorded 1 samples (flags = 0x41)
66  -O                                                                        (1 = 100.0%)

Histogram: SafeBrowsing.HPRT.Cache.FullHashCount recorded 7 samples, mean = 0.0 (flags = 0x41)
0  -------O                                                                  (7 = 100.0%)
1  ... 

Histogram: SafeBrowsing.HPRT.Cache.HashPrefixCount recorded 7 samples, mean = 0.0 (flags = 0x41)
0  -------O                                                                  (7 = 100.0%)
1  ... 

Histogram: SafeBrowsing.HPRT.Ineligible.FeatureOff recorded 1 samples, mean = 0.0 (flags = 0x41)
0  -O                                                                        (1 = 100.0%)
1  ... 

Histogram: SafeBrowsing.HPRT.Ineligible.IneligibleForLocation recorded 1 samples, mean = 0.0 (flags = 0x41)
0  -O                                                                        (1 = 100.0%)
1  ... 

Histogram: SafeBrowsing.HPRT.Ineligible.IneligibleForSessionOrLocation recorded 1 samples, mean = 1.0 (flags = 0x41)
0  O                                                                         (0 = 0.0%)
1  -O                                                                        (1 = 100.0%) {0.0%}
2  O                                                                         (0 = 0.0%) {100.0%}

Histogram: SafeBrowsing.HPRT.Ineligible.NoGoogleChromeBranding recorded 1 samples, mean = 1.0 (flags = 0x41)
0  O                                                                         (0 = 0.0%)
1  -O                                                                        (1 = 100.0%) {0.0%}
2  O                                                                         (0 = 0.0%) {100.0%}

Histogram: SafeBrowsing.HPRT.Ineligible.NotAllowedByPolicy recorded 1 samples, mean = 0.0 (flags = 0x41)
0  -O                                                                        (1 = 100.0%)
1  ... 

Histogram: SafeBrowsing.HPRT.Ineligible.NotStandardProtection recorded 1 samples, mean = 0.0 (flags = 0x41)
0  -O                                                                        (1 = 100.0%)
1  ... 

Histogram: SafeBrowsing.HPRT.Ineligible.OffTheRecord recorded 1 samples, mean = 0.0 (flags = 0x41)
0  -O                                                                        (1 = 100.0%)
1  ... 

Histogram: SafeBrowsing.HasCookieAtStartup2 recorded 1 samples, mean = 0.0 (flags = 0x41)
0  -O                                                                        (1 = 100.0%)
1  ... 

Histogram: SafeBrowsing.PageLoadToken.TokenCount recorded 7 samples, mean = 0.0 (flags = 0x41)
0  -------O                                                                  (7 = 100.0%)
1  ... 

Histogram: SafeBrowsing.Pref.Daily.Extended recorded 1 samples, mean = 0.0 (flags = 0x41)
0  -O                                                                        (1 = 100.0%)
1  ... 

Histogram: SafeBrowsing.Pref.Daily.PasswordLeakToggle recorded 1 samples, mean = 1.0 (flags = 0x41)
0  O                                                                         (0 = 0.0%)
1  -O                                                                        (1 = 100.0%) {0.0%}
2  O                                                                         (0 = 0.0%) {100.0%}

Histogram: SafeBrowsing.Pref.Daily.SafeBrowsingModeManaged recorded 1 samples, mean = 0.0 (flags = 0x41)
0  -O                                                                        (1 = 100.0%)
1  ... 

Histogram: SafeBrowsing.Pref.Daily.SafeBrowsingState recorded 1 samples, mean = 1.0 (flags = 0x41)
0  O                                                                         (0 = 0.0%)
1  -O                                                                        (1 = 100.0%) {0.0%}
2  ... 

Histogram: SafeBrowsing.Pref.Enhanced recorded 1 samples, mean = 0.0 (flags = 0x41)
0  -O                                                                        (1 = 100.0%)
1  ... 

Histogram: SafeBrowsing.Pref.Enhanced.RegularProfile recorded 1 samples, mean = 0.0 (flags = 0x41)
0  -O                                                                        (1 = 100.0%)
1  ... 

Histogram: SafeBrowsing.Pref.Extended recorded 1 samples, mean = 0.0 (flags = 0x41)
0  -O                                                                        (1 = 100.0%)
1  ... 

Histogram: SafeBrowsing.Pref.General recorded 1 samples, mean = 1.0 (flags = 0x41)
0  O                                                                         (0 = 0.0%)
1  -O                                                                        (1 = 100.0%) {0.0%}
2  O                                                                         (0 = 0.0%) {100.0%}

Histogram: SafeBrowsing.RT.CacheManager.CleanUpTime recorded 7 samples, mean = 0.0 (flags = 0x41)
0  -------O                                                                  (7 = 100.0%)
1  ... 

Histogram: SafeBrowsing.RT.CanCheckDatabase recorded 2 samples, mean = 1.0 (flags = 0x41)
0  O                                                                         (0 = 0.0%)
1  --O                                                                       (2 = 100.0%) {0.0%}
2  O                                                                         (0 = 0.0%) {100.0%}

Histogram: SafeBrowsing.RT.ConsumerVersionReason recorded 2 samples, mean = 1.0 (flags = 0x41)
0  -O                                                                        (1 = 50.0%)
1  O                                                                         (0 = 0.0%) {50.0%}
2  -O                                                                        (1 = 50.0%) {50.0%}
3  ... 

Histogram: SafeBrowsing.RendererThrottle.IsCheckCompletedOnProcessResponse recorded 48 samples, mean = 1.0 (flags = 0x41)
0  O                                                                         (0 = 0.0%)
1  ------------------------------------------------O                         (48 = 100.0%) {0.0%}
2  O                                                                         (0 = 0.0%) {100.0%}

Histogram: SafeBrowsing.RendererThrottle.RequestDestination recorded 52 samples, mean = 10.3 (flags = 0x41)
0   ------O                                                                   (6 = 11.5%)
1   ... 
5   ---------O                                                                (9 = 17.3%) {11.5%}
6   ... 
8   --O                                                                       (2 = 3.8%) {28.8%}
9   -O                                                                        (1 = 1.9%) {32.7%}
10  ... 
13  --------------------------O                                               (26 = 50.0%) {34.6%}
14  ... 
16  --------O                                                                 (8 = 15.4%) {84.6%}
17  ... 

Histogram: SafeBrowsing.V4Database.Size recorded 1 samples, mean = 0.0 (flags = 0x41)
0  -O                                                                        (1 = 100.0%)
1  ... 

Histogram: SafeBrowsing.V4Database.Size.ChromeExtMalware recorded 1 samples, mean = 0.0 (flags = 0x41)
0  -O                                                                        (1 = 100.0%)
1  ... 

Histogram: SafeBrowsing.V4Database.Size.UrlBilling recorded 1 samples, mean = 0.0 (flags = 0x41)
0  -O                                                                        (1 = 100.0%)
1  ... 

Histogram: SafeBrowsing.V4Database.Size.UrlCsdDownloadAllowlist recorded 1 samples, mean = 0.0 (flags = 0x41)
0  -O                                                                        (1 = 100.0%)
1  ... 

Histogram: SafeBrowsing.V4Database.Size.UrlMalBin recorded 1 samples, mean = 0.0 (flags = 0x41)
0  -O                                                                        (1 = 100.0%)
1  ... 

Histogram: SafeBrowsing.V4Database.Size.UrlMalware recorded 1 samples, mean = 0.0 (flags = 0x41)
0  -O                                                                        (1 = 100.0%)
1  ... 

Histogram: SafeBrowsing.V4Database.Size.UrlSoceng recorded 1 samples, mean = 0.0 (flags = 0x41)
0  -O                                                                        (1 = 100.0%)
1  ... 

Histogram: SafeBrowsing.V4Database.Size.UrlUws recorded 1 samples, mean = 0.0 (flags = 0x41)
0  -O                                                                        (1 = 100.0%)
1  ... 

Histogram: SafeBrowsing.V4Database.SizeLinear recorded 1 samples, mean = 0.0 (flags = 0x41)
0  -O                                                                        (1 = 100.0%)
1  ... 

Histogram: SafeBrowsing.V4Database.SizeLinear.ChromeExtMalware recorded 1 samples, mean = 0.0 (flags = 0x41)
0  -O                                                                        (1 = 100.0%)
1  ... 

Histogram: SafeBrowsing.V4Database.SizeLinear.UrlMalBin recorded 1 samples, mean = 0.0 (flags = 0x41)
0  -O                                                                        (1 = 100.0%)
1  ... 

Histogram: SafeBrowsing.V4Database.SizeLinear.UrlSoceng recorded 1 samples, mean = 0.0 (flags = 0x41)
0  -O                                                                        (1 = 100.0%)
1  ... 

Histogram: SafeBrowsing.V4DatabaseInitializationTime recorded 1 samples, mean = 2403.0 (flags = 0x41)
0     ... 
2117  -O                                                                        (1 = 100.0%) {0.0%}
2516  ... 

Histogram: SafeBrowsing.V4Store.IsStoreValid recorded 7 samples, mean = 0.0 (flags = 0x41)
0  -------O                                                                  (7 = 100.0%)
1  ... 

Histogram: SafeBrowsing.V4Store.IsStoreValid.ChromeExtMalware recorded 1 samples, mean = 0.0 (flags = 0x41)
0  -O                                                                        (1 = 100.0%)
1  ... 

Histogram: SafeBrowsing.V4Store.IsStoreValid.UrlBilling recorded 1 samples, mean = 0.0 (flags = 0x41)
0  -O                                                                        (1 = 100.0%)
1  ... 

Histogram: SafeBrowsing.V4Store.IsStoreValid.UrlCsdDownloadAllowlist recorded 1 samples, mean = 0.0 (flags = 0x41)
0  -O                                                                        (1 = 100.0%)
1  ... 

Histogram: SafeBrowsing.V4Store.IsStoreValid.UrlMalBin recorded 1 samples, mean = 0.0 (flags = 0x41)
0  -O                                                                        (1 = 100.0%)
1  ... 

Histogram: SafeBrowsing.V4Store.IsStoreValid.UrlMalware recorded 1 samples, mean = 0.0 (flags = 0x41)
0  -O                                                                        (1 = 100.0%)
1  ... 

Histogram: SafeBrowsing.V4Store.IsStoreValid.UrlSoceng recorded 1 samples, mean = 0.0 (flags = 0x41)
0  -O                                                                        (1 = 100.0%)
1  ... 

Histogram: SafeBrowsing.V4Store.IsStoreValid.UrlUws recorded 1 samples, mean = 0.0 (flags = 0x41)
0  -O                                                                        (1 = 100.0%)
1  ... 

Histogram: SafeBrowsing.V4Store.ReadyOnStartup recorded 7 samples, mean = 0.0 (flags = 0x41)
0  -------O                                                                  (7 = 100.0%)
1  ... 

Histogram: SafeBrowsing.V4StoreRead.Result recorded 7 samples, mean = 2.0 (flags = 0x41)
0  ... 
2  -------O                                                                  (7 = 100.0%) {0.0%}
3  ... 

Histogram: SafeBrowsing.V4Update.Network.Result recorded 4 samples (flags = 0x41)
400  ----O                                                                     (4 = 100.0%)

Histogram: SafeBrowsing.V4Update.Result recorded 4 samples, mean = 2.0 (flags = 0x41)
0  ... 
2  ----O                                                                     (4 = 100.0%) {0.0%}
3  ... 

Histogram: Scheduling.MessagePumpTimeKeeper.BrowserIO recorded 0 samples (flags = 0x41)
0 ... 

Histogram: Scheduling.MessagePumpTimeKeeper.BrowserUI recorded 0 samples (flags = 0x41)
0 ... 

Histogram: Scheduling.ThreadController.ActiveIntervalDuration.Any.BrowserUI recorded 65 samples, mean = 0.0 (flags = 0x41)
0  -----------------------------------------------------------------O        (65 = 100.0%)
1  ... 

Histogram: Scheduling.ThreadController.ActiveIntervalDuration.Any.Other recorded 142 samples, mean = 0.1 (flags = 0x41)
0  ------------------------------------------------------------------------O (139 = 97.9%)
1  ... 
5  -O                                                                        (1 = 0.7%) {97.9%}
6  -O                                                                        (1 = 0.7%) {98.6%}
7  -O                                                                        (1 = 0.7%) {99.3%}
8  ... 

Histogram: Scheduling.ThreadController.ActiveIntervalDuration.Medium.Other recorded 3 samples, mean = 6.0 (flags = 0x41)
0  ... 
5  -O                                                                        (1 = 33.3%) {0.0%}
6  -O                                                                        (1 = 33.3%) {33.3%}
7  -O                                                                        (1 = 33.3%) {66.7%}
8  ... 

Histogram: Scheduling.ThreadController.ActiveIntervalDuration.Short.BrowserUI recorded 65 samples, mean = 0.5 (flags = 0x41)
0  ------------------------------------O                                     (36 = 55.4%)
1  -------------------------O                                                (25 = 38.5%) {55.4%}
2  ----O                                                                     (4 = 6.2%) {93.8%}
3  ... 

Histogram: Scheduling.ThreadController.ActiveIntervalDuration.Short.Other recorded 139 samples, mean = 62.7 (flags = 0x41)
0    ... 
3    -O                                                                        (1 = 0.7%) {0.0%}
4    -O                                                                        (1 = 0.7%) {0.7%}
5    O                                                                         (0 = 0.0%) {1.4%}
6    ---O                                                                      (3 = 2.2%) {1.4%}
7    ---------------O                                                          (15 = 10.8%) {3.6%}
8    -------------------------------------------O                              (43 = 30.9%) {14.4%}
9    -------------------O                                                      (19 = 13.7%) {45.3%}
10   -----O                                                                    (5 = 3.6%) {59.0%}
11   -O                                                                        (1 = 0.7%) {62.6%}
12   ----O                                                                     (4 = 2.9%) {63.3%}
13   ---O                                                                      (3 = 2.2%) {66.2%}
14   -O                                                                        (1 = 0.7%) {68.3%}
15   O                                                                         (0 = 0.0%) {69.1%}
16   -O                                                                        (1 = 0.7%) {69.1%}
17   ... 
27   -O                                                                        (1 = 0.7%) {69.8%}
28   O                                                                         (0 = 0.0%) {70.5%}
29   --O                                                                       (2 = 1.4%) {70.5%}
31   O                                                                         (0 = 0.0%) {71.9%}
33   --O                                                                       (2 = 1.4%) {71.9%}
35   ... 
41   -O                                                                        (1 = 0.7%) {73.4%}
43   ---O                                                                      (3 = 2.2%) {74.1%}
45   ... 
49   -O                                                                        (1 = 0.7%) {76.3%}
52   -O                                                                        (1 = 0.7%) {77.0%}
55   -O                                                                        (1 = 0.7%) {77.7%}
58   O                                                                         (0 = 0.0%) {78.4%}
61   -O                                                                        (1 = 0.7%) {78.4%}
64   -O                                                                        (1 = 0.7%) {79.1%}
67   ... 
74   -O                                                                        (1 = 0.7%) {79.9%}
78   O                                                                         (0 = 0.0%) {80.6%}
82   -O                                                                        (1 = 0.7%) {80.6%}
86   ... 
105  ----O                                                                     (4 = 2.9%) {81.3%}
110  ------O                                                                   (6 = 4.3%) {84.2%}
116  O                                                                         (0 = 0.0%) {88.5%}
122  -----O                                                                    (5 = 3.6%) {88.5%}
128  -O                                                                        (1 = 0.7%) {92.1%}
135  O                                                                         (0 = 0.0%) {92.8%}
142  -O                                                                        (1 = 0.7%) {92.8%}
149  O                                                                         (0 = 0.0%) {93.5%}
157  -O                                                                        (1 = 0.7%) {93.5%}
165  O                                                                         (0 = 0.0%) {94.2%}
173  -O                                                                        (1 = 0.7%) {94.2%}
182  -O                                                                        (1 = 0.7%) {95.0%}
191  ... 
547  -O                                                                        (1 = 0.7%) {95.7%}
575  O                                                                         (0 = 0.0%) {96.4%}
605  -O                                                                        (1 = 0.7%) {96.4%}
636  ... 
739  -O                                                                        (1 = 0.7%) {97.1%}
777  O                                                                         (0 = 0.0%) {97.8%}
817  -O                                                                        (1 = 0.7%) {97.8%}
859  -O                                                                        (1 = 0.7%) {98.6%}
904  -O                                                                        (1 = 0.7%) {99.3%}
951  ... 

Histogram: Scheduling.ThreadController.ActiveIntervalOffCpuDuration.Any.BrowserUI recorded 65 samples, mean = 0.0 (flags = 0x41)
0  -----------------------------------------------------------------O        (65 = 100.0%)
1  ... 

Histogram: Scheduling.ThreadController.ActiveIntervalOffCpuDuration.Any.Other recorded 142 samples, mean = 0.0 (flags = 0x41)
0  ------------------------------------------------------------------------O (141 = 99.3%)
1  ... 
4  -O                                                                        (1 = 0.7%) {99.3%}
5  ... 

Histogram: Scheduling.ThreadController.ActiveIntervalOffCpuDuration.Medium.Other recorded 3 samples, mean = 1.3 (flags = 0x41)
0  --O                                                                       (2 = 66.7%)
1  ... 
4  -O                                                                        (1 = 33.3%) {66.7%}
5  ... 

Histogram: Scheduling.ThreadController.ActiveIntervalOffCpuDuration.Short.BrowserUI recorded 65 samples, mean = 0.3 (flags = 0x41)
0  -----------------------------------------------O                          (47 = 72.3%)
1  -----------------O                                                        (17 = 26.2%) {72.3%}
2  -O                                                                        (1 = 1.5%) {98.5%}
3  ... 

Histogram: Scheduling.ThreadController.ActiveIntervalOffCpuDuration.Short.Other recorded 139 samples, mean = 5.3 (flags = 0x41)
0    --------------------------------O                                         (32 = 23.0%)
1    --------------------------------------------------------------------O     (68 = 48.9%) {23.0%}
2    -------------O                                                            (13 = 9.4%) {71.9%}
3    -O                                                                        (1 = 0.7%) {81.3%}
4    -O                                                                        (1 = 0.7%) {82.0%}
5    ... 
7    -O                                                                        (1 = 0.7%) {82.7%}
8    --O                                                                       (2 = 1.4%) {83.5%}
9    O                                                                         (0 = 0.0%) {84.9%}
10   -O                                                                        (1 = 0.7%) {84.9%}
11   -O                                                                        (1 = 0.7%) {85.6%}
12   -O                                                                        (1 = 0.7%) {86.3%}
13   O                                                                         (0 = 0.0%) {87.1%}
14   ----O                                                                     (4 = 2.9%) {87.1%}
15   --O                                                                       (2 = 1.4%) {89.9%}
16   -O                                                                        (1 = 0.7%) {91.4%}
17   O                                                                         (0 = 0.0%) {92.1%}
18   --O                                                                       (2 = 1.4%) {92.1%}
19   ... 
22   -O                                                                        (1 = 0.7%) {93.5%}
23   O                                                                         (0 = 0.0%) {94.2%}
24   -O                                                                        (1 = 0.7%) {94.2%}
25   -O                                                                        (1 = 0.7%) {95.0%}
26   ... 
43   --O                                                                       (2 = 1.4%) {95.7%}
45   ... 
49   --O                                                                       (2 = 1.4%) {97.1%}
52   -O                                                                        (1 = 0.7%) {98.6%}
55   ... 
122  -O                                                                        (1 = 0.7%) {99.3%}
128  ... 

Histogram: Scheduling.ThreadController.ActiveIntervalOnCpuDuration.Any.BrowserUI recorded 65 samples, mean = 0.0 (flags = 0x41)
0  -----------------------------------------------------------------O        (65 = 100.0%)
1  ... 

Histogram: Scheduling.ThreadController.ActiveIntervalOnCpuDuration.Any.Other recorded 142 samples, mean = 0.1 (flags = 0x41)
0  ------------------------------------------------------------------------O (140 = 98.6%)
1  ... 
6  -O                                                                        (1 = 0.7%) {98.6%}
7  -O                                                                        (1 = 0.7%) {99.3%}
8  ... 

Histogram: Scheduling.ThreadController.ActiveIntervalOnCpuDuration.Medium.Other recorded 3 samples, mean = 4.3 (flags = 0x41)
0  -O                                                                        (1 = 33.3%)
1  ... 
6  -O                                                                        (1 = 33.3%) {33.3%}
7  -O                                                                        (1 = 33.3%) {66.7%}
8  ... 

Histogram: Scheduling.ThreadController.ActiveIntervalOnCpuDuration.Short.BrowserUI recorded 65 samples, mean = 0.2 (flags = 0x41)
0  ---------------------------------------------------O                      (51 = 78.5%)
1  --------------O                                                           (14 = 21.5%) {78.5%}
2  ... 

Histogram: Scheduling.ThreadController.ActiveIntervalOnCpuDuration.Short.Other recorded 139 samples, mean = 57.4 (flags = 0x41)
0    --O                                                                       (2 = 1.4%)
1    O                                                                         (0 = 0.0%) {1.4%}
2    -O                                                                        (1 = 0.7%) {1.4%}
3    O                                                                         (0 = 0.0%) {2.2%}
4    -O                                                                        (1 = 0.7%) {2.2%}
5    -O                                                                        (1 = 0.7%) {2.9%}
6    ---------O                                                                (9 = 6.5%) {3.6%}
7    -------------------------------------------O                              (43 = 30.9%) {10.1%}
8    -------------------------O                                                (25 = 18.0%) {41.0%}
9    -------O                                                                  (7 = 5.0%) {59.0%}
10   --O                                                                       (2 = 1.4%) {64.0%}
11   --O                                                                       (2 = 1.4%) {65.5%}
12   ----O                                                                     (4 = 2.9%) {66.9%}
13   -O                                                                        (1 = 0.7%) {69.8%}
14   -O                                                                        (1 = 0.7%) {70.5%}
15   ... 
17   -O                                                                        (1 = 0.7%) {71.2%}
18   ... 
29   --O                                                                       (2 = 1.4%) {71.9%}
31   --O                                                                       (2 = 1.4%) {73.4%}
33   ... 
39   -O                                                                        (1 = 0.7%) {74.8%}
41   --O                                                                       (2 = 1.4%) {75.5%}
43   -O                                                                        (1 = 0.7%) {77.0%}
45   ... 
49   -O                                                                        (1 = 0.7%) {77.7%}
52   -O                                                                        (1 = 0.7%) {78.4%}
55   --O                                                                       (2 = 1.4%) {79.1%}
58   O                                                                         (0 = 0.0%) {80.6%}
61   --O                                                                       (2 = 1.4%) {80.6%}
64   ... 
74   -O                                                                        (1 = 0.7%) {82.0%}
78   O                                                                         (0 = 0.0%) {82.7%}
82   -O                                                                        (1 = 0.7%) {82.7%}
86   -O                                                                        (1 = 0.7%) {83.5%}
90   ---O                                                                      (3 = 2.2%) {84.2%}
95   ----O                                                                     (4 = 2.9%) {86.3%}
100  -O                                                                        (1 = 0.7%) {89.2%}
105  --O                                                                       (2 = 1.4%) {89.9%}
110  O                                                                         (0 = 0.0%) {91.4%}
116  -O                                                                        (1 = 0.7%) {91.4%}
122  --O                                                                       (2 = 1.4%) {92.1%}
128  ... 
142  -O                                                                        (1 = 0.7%) {93.5%}
149  ... 
165  -O                                                                        (1 = 0.7%) {94.2%}
173  -O                                                                        (1 = 0.7%) {95.0%}
182  ... 
547  --O                                                                       (2 = 1.4%) {95.7%}
575  ... 
739  -O                                                                        (1 = 0.7%) {97.1%}
777  -O                                                                        (1 = 0.7%) {97.8%}
817  O                                                                         (0 = 0.0%) {98.6%}
859  -O                                                                        (1 = 0.7%) {98.6%}
904  -O                                                                        (1 = 0.7%) {99.3%}
951  ... 

Histogram: Scheduling.ThreadController.ActiveIntervalOnCpuPercentage.Any.BrowserUI recorded 65 samples, mean = 74.6 (flags = 0x41)
0    ---------------O                                                          (15 = 23.1%)
1    ... 
50   ---O                                                                      (3 = 4.6%) {23.1%}
51   ... 
100  -----------------------------------------------O                          (47 = 72.3%) {27.7%}
101  O                                                                         (0 = 0.0%) {100.0%}

Histogram: Scheduling.ThreadController.ActiveIntervalOnCpuPercentage.Any.Other recorded 142 samples, mean = 88.4 (flags = 0x41)
0    --O                                                                       (2 = 1.4%)
1    ... 
13   -O                                                                        (1 = 0.7%) {1.4%}
14   ... 
49   -O                                                                        (1 = 0.7%) {2.1%}
50   ... 
62   -O                                                                        (1 = 0.7%) {2.8%}
63   ... 
66   -O                                                                        (1 = 0.7%) {3.5%}
67   ... 
69   -O                                                                        (1 = 0.7%) {4.2%}
70   O                                                                         (0 = 0.0%) {4.9%}
71   -O                                                                        (1 = 0.7%) {4.9%}
72   ... 
77   -----O                                                                    (5 = 3.5%) {5.6%}
78   -O                                                                        (1 = 0.7%) {9.2%}
79   O                                                                         (0 = 0.0%) {9.9%}
80   -O                                                                        (1 = 0.7%) {9.9%}
81   -O                                                                        (1 = 0.7%) {10.6%}
82   -O                                                                        (1 = 0.7%) {11.3%}
83   ---O                                                                      (3 = 2.1%) {12.0%}
84   O                                                                         (0 = 0.0%) {14.1%}
85   --------O                                                                 (8 = 5.6%) {14.1%}
86   -O                                                                        (1 = 0.7%) {19.7%}
87   -------------------------------------O                                    (37 = 26.1%) {20.4%}
88   ------------O                                                             (12 = 8.5%) {46.5%}
89   O                                                                         (0 = 0.0%) {54.9%}
90   -----O                                                                    (5 = 3.5%) {54.9%}
91   ----O                                                                     (4 = 2.8%) {58.5%}
92   ---O                                                                      (3 = 2.1%) {61.3%}
93   --O                                                                       (2 = 1.4%) {63.4%}
94   -O                                                                        (1 = 0.7%) {64.8%}
95   -O                                                                        (1 = 0.7%) {65.5%}
96   -----O                                                                    (5 = 3.5%) {66.2%}
97   ---O                                                                      (3 = 2.1%) {69.7%}
98   -O                                                                        (1 = 0.7%) {71.8%}
99   -------O                                                                  (7 = 4.9%) {72.5%}
100  --------------------------------O                                         (32 = 22.5%) {77.5%}
101  O                                                                         (0 = 0.0%) {100.0%}

Histogram: Scheduling.ThreadController.ActiveIntervalOnCpuPercentage.Medium.Other recorded 3 samples, mean = 70.3 (flags = 0x41)
0   ... 
13  -O                                                                        (1 = 33.3%) {0.0%}
14  ... 
99  --O                                                                       (2 = 66.7%) {33.3%}
100 ... 

Histogram: Scheduling.ThreadController.ActiveIntervalOnCpuPercentage.Short.BrowserUI recorded 65 samples, mean = 74.6 (flags = 0x41)
0    ---------------O                                                          (15 = 23.1%)
1    ... 
50   ---O                                                                      (3 = 4.6%) {23.1%}
51   ... 
100  -----------------------------------------------O                          (47 = 72.3%) {27.7%}
101  O                                                                         (0 = 0.0%) {100.0%}

Histogram: Scheduling.ThreadController.ActiveIntervalOnCpuPercentage.Short.Other recorded 139 samples, mean = 88.8 (flags = 0x41)
0    --O                                                                       (2 = 1.4%)
1    ... 
49   -O                                                                        (1 = 0.7%) {1.4%}
50   ... 
62   -O                                                                        (1 = 0.7%) {2.2%}
63   ... 
66   -O                                                                        (1 = 0.7%) {2.9%}
67   ... 
69   -O                                                                        (1 = 0.7%) {3.6%}
70   O                                                                         (0 = 0.0%) {4.3%}
71   -O                                                                        (1 = 0.7%) {4.3%}
72   ... 
77   -----O                                                                    (5 = 3.6%) {5.0%}
78   -O                                                                        (1 = 0.7%) {8.6%}
79   O                                                                         (0 = 0.0%) {9.4%}
80   -O                                                                        (1 = 0.7%) {9.4%}
81   -O                                                                        (1 = 0.7%) {10.1%}
82   -O                                                                        (1 = 0.7%) {10.8%}
83   ---O                                                                      (3 = 2.2%) {11.5%}
84   O                                                                         (0 = 0.0%) {13.7%}
85   --------O                                                                 (8 = 5.8%) {13.7%}
86   -O                                                                        (1 = 0.7%) {19.4%}
87   -------------------------------------O                                    (37 = 26.6%) {20.1%}
88   ------------O                                                             (12 = 8.6%) {46.8%}
89   O                                                                         (0 = 0.0%) {55.4%}
90   -----O                                                                    (5 = 3.6%) {55.4%}
91   ----O                                                                     (4 = 2.9%) {59.0%}
92   ---O                                                                      (3 = 2.2%) {61.9%}
93   --O                                                                       (2 = 1.4%) {64.0%}
94   -O                                                                        (1 = 0.7%) {65.5%}
95   -O                                                                        (1 = 0.7%) {66.2%}
96   -----O                                                                    (5 = 3.6%) {66.9%}
97   ---O                                                                      (3 = 2.2%) {70.5%}
98   -O                                                                        (1 = 0.7%) {72.7%}
99   -----O                                                                    (5 = 3.6%) {73.4%}
100  --------------------------------O                                         (32 = 23.0%) {77.0%}
101  O                                                                         (0 = 0.0%) {100.0%}

Histogram: Scheduling.ThreadController.IdleDuration.Any.BrowserUI recorded 65 samples, mean = 0.0 (flags = 0x41)
0  -----------------------------------------------------------------O        (65 = 100.0%)
1  ... 

Histogram: Scheduling.ThreadController.IdleDuration.Any.Other recorded 46 samples, mean = 4265.2 (flags = 0x41)
0      --------O                                                                 (8 = 17.4%)
1      -O                                                                        (1 = 2.2%) {17.4%}
2      ... 
57     -O                                                                        (1 = 2.2%) {19.6%}
68     O                                                                         (0 = 0.0%) {21.7%}
81     -----O                                                                    (5 = 10.9%) {21.7%}
96     ---------O                                                                (9 = 19.6%) {32.6%}
114    ... 
378    -O                                                                        (1 = 2.2%) {52.2%}
449    ... 
894    -------O                                                                  (7 = 15.2%) {54.3%}
1062   O                                                                         (0 = 0.0%) {69.6%}
1262   -O                                                                        (1 = 2.2%) {69.6%}
1500   O                                                                         (0 = 0.0%) {71.7%}
1782   -O                                                                        (1 = 2.2%) {71.7%}
2117   -O                                                                        (1 = 2.2%) {73.9%}
2516   O                                                                         (0 = 0.0%) {76.1%}
2990   -O                                                                        (1 = 2.2%) {76.1%}
3553   -------O                                                                  (7 = 15.2%) {78.3%}
4222   -O                                                                        (1 = 2.2%) {93.5%}
5017   ... 
10000  --O                                                                       (2 = 4.3%) {95.7%}

Histogram: Scheduling.ThreadController.IdleDuration.Medium.Other recorded 9 samples, mean = 80.4 (flags = 0x41)
0   O                                                                         (0 = 0.0%)
1   -O                                                                        (1 = 11.1%) {0.0%}
2   ... 
61  -O                                                                        (1 = 11.1%) {11.1%}
62  ... 
92  --O                                                                       (2 = 22.2%) {22.2%}
93  -O                                                                        (1 = 11.1%) {44.4%}
94  --O                                                                       (2 = 22.2%) {55.6%}
95  ... 
98  --O                                                                       (2 = 22.2%) {77.8%}
100 O                                                                         (0 = 0.0%) {100.0%}

Histogram: Scheduling.ThreadController.IdleDuration.Short.BrowserUI recorded 65 samples, mean = 3.5 (flags = 0x41)
0   ... 
2   ---------------------------------O                                        (33 = 50.8%) {0.0%}
3   --------------------O                                                     (20 = 30.8%) {50.8%}
4   --O                                                                       (2 = 3.1%) {81.5%}
5   -O                                                                        (1 = 1.5%) {84.6%}
6   -----O                                                                    (5 = 7.7%) {86.2%}
7   --O                                                                       (2 = 3.1%) {93.8%}
8   -O                                                                        (1 = 1.5%) {96.9%}
9   ... 
39  -O                                                                        (1 = 1.5%) {98.5%}
41  ... 

Histogram: Scheduling.ThreadController.IdleDuration.Short.Other recorded 8 samples, mean = 143.5 (flags = 0x41)
0    ... 
19   --O                                                                       (2 = 25.0%) {0.0%}
20   -O                                                                        (1 = 12.5%) {25.0%}
21   -O                                                                        (1 = 12.5%) {37.5%}
22   ... 
24   --O                                                                       (2 = 25.0%) {50.0%}
25   ... 
64   -O                                                                        (1 = 12.5%) {75.0%}
67   ... 
951  -O                                                                        (1 = 12.5%) {87.5%}
1000 O                                                                         (0 = 0.0%) {100.0%}

Histogram: Search.ChoiceReprompt recorded 1 samples, mean = 6.0 (flags = 0x41)
0  ... 
6  -O                                                                        (1 = 100.0%) {0.0%}
7  O                                                                         (0 = 0.0%) {100.0%}

Histogram: Search.DefaultSearchProviderType2 recorded 1 samples, mean = 14.0 (flags = 0x41)
0   ... 
14  -O                                                                        (1 = 100.0%) {0.0%}
15  ... 

Histogram: Search.SearchProviderOverrideStatus recorded 2 samples, mean = 0.0 (flags = 0x41)
0  --O                                                                       (2 = 100.0%)
1  ... 

Histogram: Security.GwpAsan.Activated.Malloc.Browser recorded 1 samples, mean = 0.0 (flags = 0x41)
0  -O                                                                        (1 = 100.0%)
1  ... 

Histogram: Security.GwpAsan.Activated.PartitionAlloc.Browser recorded 1 samples, mean = 0.0 (flags = 0x41)
0  -O                                                                        (1 = 100.0%)
1  ... 

Histogram: Security.HttpsFirstMode.SettingEnabledAtStartup recorded 1 samples, mean = 0.0 (flags = 0x41)
0  -O                                                                        (1 = 100.0%)
1  ... 

Histogram: Security.JSONParser.ChromiumExtensionUsage recorded 1 samples, mean = 1.0 (flags = 0x41)
0  O                                                                         (0 = 0.0%)
1  -O                                                                        (1 = 100.0%) {0.0%}
2  ... 

Histogram: Security.JSONParser.ParsingTime recorded 75 samples, mean = 11.9 (flags = 0x41)
0   -O                                                                        (1 = 1.3%)
1   ... 
3   -O                                                                        (1 = 1.3%) {1.3%}
4   ... 
7   ---O                                                                      (3 = 4.0%) {2.7%}
9   -----------------------------------------------------------O              (59 = 78.7%) {6.7%}
12  ------O                                                                   (6 = 8.0%) {85.3%}
16  -O                                                                        (1 = 1.3%) {93.3%}
21  -O                                                                        (1 = 1.3%) {94.7%}
28  O                                                                         (0 = 0.0%) {96.0%}
37  --O                                                                       (2 = 2.7%) {96.0%}
49  ... 
86  -O                                                                        (1 = 1.3%) {98.7%}
113 ... 

Histogram: Security.NavigationRequestSecurityLevel recorded 2 samples, mean = 1.0 (flags = 0x41)
0  O                                                                         (0 = 0.0%)
1  --O                                                                       (2 = 100.0%) {0.0%}
2  ... 

Histogram: Security.PageEndReason.SECURE recorded 1 samples, mean = 6.0 (flags = 0x41)
0  ... 
6  -O                                                                        (1 = 100.0%) {0.0%}
7  ... 

Histogram: Security.PageEndReason.SafetyTip_None recorded 1 samples, mean = 6.0 (flags = 0x41)
0  ... 
6  -O                                                                        (1 = 100.0%) {0.0%}
7  ... 

Histogram: Security.PrivateNetworkAccess.CheckResult recorded 119 samples, mean = 1.2 (flags = 0x41)
0   ---------------------------------------------------------------------O    (69 = 58.0%)
1   ------------------------------------------O                               (42 = 35.3%) {58.0%}
2   ... 
12  --------O                                                                 (8 = 6.7%) {93.3%}
13  O                                                                         (0 = 0.0%) {100.0%}

Histogram: Security.SCTAuditing.NumPersistedReportsLoaded recorded 1 samples, mean = 0.0 (flags = 0x41)
0  -O                                                                        (1 = 100.0%)
1  ... 

Histogram: Security.SafetyTips.GetReputationStatusWithEngagedSitesTime recorded 1 samples, mean = 0.0 (flags = 0x41)
0  -O                                                                        (1 = 100.0%)
1  ... 

Histogram: Security.SafetyTips.ReputationCheckComplete.DidFinishNavigation recorded 1 samples, mean = 1.0 (flags = 0x41)
0  O                                                                         (0 = 0.0%)
1  -O                                                                        (1 = 100.0%) {0.0%}
2  ... 

Histogram: Security.SafetyTips.SafetyTipShown recorded 1 samples, mean = 1.0 (flags = 0x41)
0  O                                                                         (0 = 0.0%)
1  -O                                                                        (1 = 100.0%) {0.0%}
2  ... 

Histogram: Security.SafetyTips.StatusWithInitiator.Unknown recorded 1 samples, mean = 1.0 (flags = 0x41)
0  O                                                                         (0 = 0.0%)
1  -O                                                                        (1 = 100.0%) {0.0%}
2  ... 

Histogram: Security.SecurityLevel.OnCommit recorded 1 samples, mean = 3.0 (flags = 0x41)
0  ... 
3  -O                                                                        (1 = 100.0%) {0.0%}
4  ... 

Histogram: Security.SecurityLevel.OnComplete recorded 1 samples, mean = 3.0 (flags = 0x41)
0  ... 
3  -O                                                                        (1 = 100.0%) {0.0%}
4  ... 

Histogram: Security.SiteEngagement.SECURE recorded 1 samples, mean = 2.0 (flags = 0x41)
0  ... 
2  -O                                                                        (1 = 100.0%) {0.0%}
3  ... 

Histogram: Security.SiteEngagement.SafetyTip_None recorded 1 samples, mean = 2.0 (flags = 0x41)
0  ... 
2  -O                                                                        (1 = 100.0%) {0.0%}
3  ... 

Histogram: Security.TimeOnPage2.SECURE recorded 1 samples, mean = 10043269.0 (flags = 0x41)
0        ... 
3600000  -O                                                                        (1 = 100.0%) {0.0%}

Histogram: Security.TimeOnPage2.SafetyTip_None recorded 1 samples, mean = 10043269.0 (flags = 0x41)
0        ... 
3600000  -O                                                                        (1 = 100.0%) {0.0%}

Histogram: SegmentationPlatform.ClassificationRequest.TotalDuration.DeviceSwitcher recorded 1 samples, mean = 63016.0 (flags = 0x41)
0      ... 
10000  -O                                                                        (1 = 100.0%) {0.0%}

Histogram: SegmentationPlatform.ClassificationRequest.TotalDuration.WebAppInstallationPromo recorded 1 samples, mean = 0.0 (flags = 0x41)
0  -O                                                                        (1 = 100.0%)
1  ... 

Histogram: SegmentationPlatform.Database.AddUmaMetric recorded 1 samples, mean = 0.0 (flags = 0x41)
0  -O                                                                        (1 = 100.0%)
1  ... 

Histogram: SegmentationPlatform.Database.StoreUkmEntry recorded 7 samples, mean = 0.0 (flags = 0x41)
0  -------O                                                                  (7 = 100.0%)
1  ... 

Histogram: SegmentationPlatform.Database.UpdateUrlForUkmSource recorded 6 samples, mean = 1.0 (flags = 0x41)
0  -----O                                                                    (5 = 83.3%)
1  ... 
6  -O                                                                        (1 = 16.7%) {83.3%}
7  ... 

Histogram: SegmentationPlatform.DefaultModelDelivery.Metadata.FeatureCount.ChromeLowUserEngagement recorded 1 samples, mean = 1.0 (flags = 0x41)
0  O                                                                         (0 = 0.0%)
1  -O                                                                        (1 = 100.0%) {0.0%}
2  ... 

Histogram: SegmentationPlatform.DefaultModelDelivery.Metadata.FeatureCount.ComposePromotion recorded 1 samples, mean = 1.0 (flags = 0x41)
0  O                                                                         (0 = 0.0%)
1  -O                                                                        (1 = 100.0%) {0.0%}
2  ... 

Histogram: SegmentationPlatform.DefaultModelDelivery.Metadata.FeatureCount.CrossDeviceUserSegment recorded 1 samples, mean = 4.0 (flags = 0x41)
0  ... 
4  -O                                                                        (1 = 100.0%) {0.0%}
5  ... 

Histogram: SegmentationPlatform.DefaultModelDelivery.Metadata.FeatureCount.DatabaseApiClients recorded 1 samples, mean = 3.0 (flags = 0x41)
0  ... 
3  -O                                                                        (1 = 100.0%) {0.0%}
4  ... 

Histogram: SegmentationPlatform.DefaultModelDelivery.Metadata.FeatureCount.DeviceSwitcher recorded 1 samples, mean = 1.0 (flags = 0x41)
0  O                                                                         (0 = 0.0%)
1  -O                                                                        (1 = 100.0%) {0.0%}
2  ... 

Histogram: SegmentationPlatform.DefaultModelDelivery.Metadata.FeatureCount.PasswordManagerUser recorded 1 samples, mean = 7.0 (flags = 0x41)
0  ... 
7  -O                                                                        (1 = 100.0%) {0.0%}
8  ... 

Histogram: SegmentationPlatform.DefaultModelDelivery.Metadata.FeatureCount.ResumeHeavyUserSegment recorded 1 samples, mean = 5.0 (flags = 0x41)
0  ... 
5  -O                                                                        (1 = 100.0%) {0.0%}
6  ... 

Histogram: SegmentationPlatform.DefaultModelDelivery.Metadata.FeatureCount.SearchUser recorded 1 samples, mean = 2.0 (flags = 0x41)
0  ... 
2  -O                                                                        (1 = 100.0%) {0.0%}
3  ... 

Histogram: SegmentationPlatform.DefaultModelDelivery.Metadata.FeatureCount.ShoppingUser recorded 1 samples, mean = 2.0 (flags = 0x41)
0  ... 
2  -O                                                                        (1 = 100.0%) {0.0%}
3  ... 

Histogram: SegmentationPlatform.DefaultModelDelivery.Metadata.FeatureCount.UrlVisitResumptionRanker recorded 1 samples, mean = 23.0 (flags = 0x41)
0   ... 
23  -O                                                                        (1 = 100.0%) {0.0%}
26  ... 

Histogram: SegmentationPlatform.DefaultModelDelivery.Metadata.Validation.Processed.ChromeLowUserEngagement recorded 1 samples, mean = 0.0 (flags = 0x41)
0  -O                                                                        (1 = 100.0%)
1  ... 

Histogram: SegmentationPlatform.DefaultModelDelivery.Metadata.Validation.Processed.ComposePromotion recorded 1 samples, mean = 0.0 (flags = 0x41)
0  -O                                                                        (1 = 100.0%)
1  ... 

Histogram: SegmentationPlatform.DefaultModelDelivery.Metadata.Validation.Processed.CrossDeviceUserSegment recorded 1 samples, mean = 0.0 (flags = 0x41)
0  -O                                                                        (1 = 100.0%)
1  ... 

Histogram: SegmentationPlatform.DefaultModelDelivery.Metadata.Validation.Processed.DatabaseApiClients recorded 1 samples, mean = 0.0 (flags = 0x41)
0  -O                                                                        (1 = 100.0%)
1  ... 

Histogram: SegmentationPlatform.DefaultModelDelivery.Metadata.Validation.Processed.DeviceSwitcher recorded 1 samples, mean = 0.0 (flags = 0x41)
0  -O                                                                        (1 = 100.0%)
1  ... 

Histogram: SegmentationPlatform.DefaultModelDelivery.Metadata.Validation.Processed.PasswordManagerUser recorded 1 samples, mean = 0.0 (flags = 0x41)
0  -O                                                                        (1 = 100.0%)
1  ... 

Histogram: SegmentationPlatform.DefaultModelDelivery.Metadata.Validation.Processed.ResumeHeavyUserSegment recorded 1 samples, mean = 0.0 (flags = 0x41)
0  -O                                                                        (1 = 100.0%)
1  ... 

Histogram: SegmentationPlatform.DefaultModelDelivery.Metadata.Validation.Processed.SearchUser recorded 1 samples, mean = 0.0 (flags = 0x41)
0  -O                                                                        (1 = 100.0%)
1  ... 

Histogram: SegmentationPlatform.DefaultModelDelivery.Metadata.Validation.Processed.ShoppingUser recorded 1 samples, mean = 0.0 (flags = 0x41)
0  -O                                                                        (1 = 100.0%)
1  ... 

Histogram: SegmentationPlatform.DefaultModelDelivery.Metadata.Validation.Processed.UrlVisitResumptionRanker recorded 1 samples, mean = 0.0 (flags = 0x41)
0  -O                                                                        (1 = 100.0%)
1  ... 

Histogram: SegmentationPlatform.DefaultModelDelivery.Received recorded 10 samples (flags = 0x41)
16    -O                                                                        (1 = 10.0%)
21    -O                                                                        (1 = 10.0%)
23    -O                                                                        (1 = 10.0%)
27    -O                                                                        (1 = 10.0%)
45    -O                                                                        (1 = 10.0%)
46    -O                                                                        (1 = 10.0%)
1001  -O                                                                        (1 = 10.0%)
1004  -O                                                                        (1 = 10.0%)
1007  -O                                                                        (1 = 10.0%)
1009  -O                                                                        (1 = 10.0%)

Histogram: SegmentationPlatform.DefaultModelDelivery.SaveResult.ChromeLowUserEngagement recorded 1 samples, mean = 1.0 (flags = 0x41)
0  O                                                                         (0 = 0.0%)
1  -O                                                                        (1 = 100.0%) {0.0%}
2  O                                                                         (0 = 0.0%) {100.0%}

Histogram: SegmentationPlatform.DefaultModelDelivery.SaveResult.ComposePromotion recorded 1 samples, mean = 1.0 (flags = 0x41)
0  O                                                                         (0 = 0.0%)
1  -O                                                                        (1 = 100.0%) {0.0%}
2  O                                                                         (0 = 0.0%) {100.0%}

Histogram: SegmentationPlatform.DefaultModelDelivery.SaveResult.CrossDeviceUserSegment recorded 1 samples, mean = 1.0 (flags = 0x41)
0  O                                                                         (0 = 0.0%)
1  -O                                                                        (1 = 100.0%) {0.0%}
2  O                                                                         (0 = 0.0%) {100.0%}

Histogram: SegmentationPlatform.DefaultModelDelivery.SaveResult.DatabaseApiClients recorded 1 samples, mean = 1.0 (flags = 0x41)
0  O                                                                         (0 = 0.0%)
1  -O                                                                        (1 = 100.0%) {0.0%}
2  O                                                                         (0 = 0.0%) {100.0%}

Histogram: SegmentationPlatform.DefaultModelDelivery.SaveResult.DeviceSwitcher recorded 1 samples, mean = 1.0 (flags = 0x41)
0  O                                                                         (0 = 0.0%)
1  -O                                                                        (1 = 100.0%) {0.0%}
2  O                                                                         (0 = 0.0%) {100.0%}

Histogram: SegmentationPlatform.DefaultModelDelivery.SaveResult.PasswordManagerUser recorded 1 samples, mean = 1.0 (flags = 0x41)
0  O                                                                         (0 = 0.0%)
1  -O                                                                        (1 = 100.0%) {0.0%}
2  O                                                                         (0 = 0.0%) {100.0%}

Histogram: SegmentationPlatform.DefaultModelDelivery.SaveResult.ResumeHeavyUserSegment recorded 1 samples, mean = 1.0 (flags = 0x41)
0  O                                                                         (0 = 0.0%)
1  -O                                                                        (1 = 100.0%) {0.0%}
2  O                                                                         (0 = 0.0%) {100.0%}

Histogram: SegmentationPlatform.DefaultModelDelivery.SaveResult.SearchUser recorded 1 samples, mean = 1.0 (flags = 0x41)
0  O                                                                         (0 = 0.0%)
1  -O                                                                        (1 = 100.0%) {0.0%}
2  O                                                                         (0 = 0.0%) {100.0%}

Histogram: SegmentationPlatform.DefaultModelDelivery.SaveResult.ShoppingUser recorded 1 samples, mean = 1.0 (flags = 0x41)
0  O                                                                         (0 = 0.0%)
1  -O                                                                        (1 = 100.0%) {0.0%}
2  O                                                                         (0 = 0.0%) {100.0%}

Histogram: SegmentationPlatform.DefaultModelDelivery.SaveResult.UrlVisitResumptionRanker recorded 1 samples, mean = 1.0 (flags = 0x41)
0  O                                                                         (0 = 0.0%)
1  -O                                                                        (1 = 100.0%) {0.0%}
2  O                                                                         (0 = 0.0%) {100.0%}

Histogram: SegmentationPlatform.DeviceSwitcher.PostProcessing.TopLabel.Computed recorded 1 samples (flags = 0x41)
7  -O                                                                        (1 = 100.0%)

Histogram: SegmentationPlatform.FeatureProcessing.Error.DeviceSwitcher recorded 1 samples, mean = 7.0 (flags = 0x41)
0  ... 
7  -O                                                                        (1 = 100.0%) {0.0%}
8  O                                                                         (0 = 0.0%) {100.0%}

Histogram: SegmentationPlatform.Init.CreationToInitializationLatency recorded 1 samples, mean = 2725.0 (flags = 0x41)
0     ... 
2415  -O                                                                        (1 = 100.0%) {0.0%}
3069  ... 

Histogram: SegmentationPlatform.Init.ModelUpdatedTimeDifferenceInDays.ChromeLowUserEngagement recorded 1 samples, mean = 0.0 (flags = 0x41)
0  -O                                                                        (1 = 100.0%)
1  ... 

Histogram: SegmentationPlatform.Init.ModelUpdatedTimeDifferenceInDays.ComposePromotion recorded 1 samples, mean = 0.0 (flags = 0x41)
0  -O                                                                        (1 = 100.0%)
1  ... 

Histogram: SegmentationPlatform.Init.ModelUpdatedTimeDifferenceInDays.CrossDeviceUserSegment recorded 1 samples, mean = 0.0 (flags = 0x41)
0  -O                                                                        (1 = 100.0%)
1  ... 

Histogram: SegmentationPlatform.Init.ModelUpdatedTimeDifferenceInDays.DatabaseApiClients recorded 1 samples, mean = 0.0 (flags = 0x41)
0  -O                                                                        (1 = 100.0%)
1  ... 

Histogram: SegmentationPlatform.Init.ModelUpdatedTimeDifferenceInDays.DeviceSwitcher recorded 1 samples, mean = 0.0 (flags = 0x41)
0  -O                                                                        (1 = 100.0%)
1  ... 

Histogram: SegmentationPlatform.Init.ModelUpdatedTimeDifferenceInDays.PasswordManagerUser recorded 1 samples, mean = 0.0 (flags = 0x41)
0  -O                                                                        (1 = 100.0%)
1  ... 

Histogram: SegmentationPlatform.Init.ModelUpdatedTimeDifferenceInDays.ResumeHeavyUserSegment recorded 1 samples, mean = 0.0 (flags = 0x41)
0  -O                                                                        (1 = 100.0%)
1  ... 

Histogram: SegmentationPlatform.Init.ModelUpdatedTimeDifferenceInDays.SearchUser recorded 1 samples, mean = 0.0 (flags = 0x41)
0  -O                                                                        (1 = 100.0%)
1  ... 

Histogram: SegmentationPlatform.Init.ModelUpdatedTimeDifferenceInDays.ShoppingUser recorded 1 samples, mean = 0.0 (flags = 0x41)
0  -O                                                                        (1 = 100.0%)
1  ... 

Histogram: SegmentationPlatform.Init.ModelUpdatedTimeDifferenceInDays.UrlVisitResumptionRanker recorded 1 samples, mean = 0.0 (flags = 0x41)
0  -O                                                                        (1 = 100.0%)
1  ... 

Histogram: SegmentationPlatform.Init.ProcessCreationToServiceCreationLatency recorded 1 samples, mean = 275966080.0 (flags = 0x41)
0       ... 
180000  -O                                                                        (1 = 100.0%) {0.0%}

Histogram: SegmentationPlatform.Maintenance.CleanupSignalSuccessCount recorded 1 samples, mean = 0.0 (flags = 0x41)
0  -O                                                                        (1 = 100.0%)
1  ... 

Histogram: SegmentationPlatform.Maintenance.CompactionResult.HistogramEnum recorded 413 samples, mean = 1.0 (flags = 0x41)
0  O                                                                         (0 = 0.0%)
1  ------------------------------------------------------------------------O (413 = 100.0%) {0.0%}
2  O                                                                         (0 = 0.0%) {100.0%}

Histogram: SegmentationPlatform.Maintenance.CompactionResult.HistogramValue recorded 354 samples, mean = 1.0 (flags = 0x41)
0  O                                                                         (0 = 0.0%)
1  ------------------------------------------------------------------------O (354 = 100.0%) {0.0%}
2  O                                                                         (0 = 0.0%) {100.0%}

Histogram: SegmentationPlatform.Maintenance.CompactionResult.UserAction recorded 413 samples, mean = 1.0 (flags = 0x41)
0  O                                                                         (0 = 0.0%)
1  ------------------------------------------------------------------------O (413 = 100.0%) {0.0%}
2  O                                                                         (0 = 0.0%) {100.0%}

Histogram: SegmentationPlatform.Maintenance.SignalIdentifierCount recorded 1 samples, mean = 20.0 (flags = 0x41)
0   ... 
20  -O                                                                        (1 = 100.0%) {0.0%}
23  ... 

Histogram: SegmentationPlatform.ModelAvailability.ChromeLowUserEngagement recorded 1 samples, mean = 0.0 (flags = 0x41)
0  -O                                                                        (1 = 100.0%)
1  ... 

Histogram: SegmentationPlatform.ModelAvailability.ComposePromotion recorded 1 samples, mean = 0.0 (flags = 0x41)
0  -O                                                                        (1 = 100.0%)
1  ... 

Histogram: SegmentationPlatform.ModelAvailability.DeviceSwitcher recorded 1 samples, mean = 0.0 (flags = 0x41)
0  -O                                                                        (1 = 100.0%)
1  ... 

Histogram: SegmentationPlatform.ModelAvailability.SearchUser recorded 1 samples, mean = 0.0 (flags = 0x41)
0  -O                                                                        (1 = 100.0%)
1  ... 

Histogram: SegmentationPlatform.ModelAvailability.ShoppingUser recorded 1 samples, mean = 0.0 (flags = 0x41)
0  -O                                                                        (1 = 100.0%)
1  ... 

Histogram: SegmentationPlatform.ModelAvailability.UrlVisitResumptionRanker recorded 1 samples, mean = 0.0 (flags = 0x41)
0  -O                                                                        (1 = 100.0%)
1  ... 

Histogram: SegmentationPlatform.ModelAvailability.WebAppInstallationPromo recorded 1 samples, mean = 0.0 (flags = 0x41)
0  -O                                                                        (1 = 100.0%)
1  ... 

Histogram: SegmentationPlatform.ModelExecution.DefaultProvider.Status.DeviceSwitcher recorded 1 samples, mean = 0.0 (flags = 0x41)
0  -O                                                                        (1 = 100.0%)
1  ... 

Histogram: SegmentationPlatform.ModelExecution.Duration.Model.DeviceSwitcher.Success recorded 1 samples, mean = 0.0 (flags = 0x41)
0  -O                                                                        (1 = 100.0%)
1  ... 

Histogram: SegmentationPlatform.ModelExecution.Duration.Total.DeviceSwitcher.Success recorded 1 samples, mean = 60092.0 (flags = 0x41)
0      ... 
10000  -O                                                                        (1 = 100.0%) {0.0%}

Histogram: SegmentationPlatform.ModelExecution.Result.0.DeviceSwitcher recorded 1 samples, mean = 0.0 (flags = 0x41)
0  -O                                                                        (1 = 100.0%)
1  ... 

Histogram: SegmentationPlatform.ModelExecution.Result.1.DeviceSwitcher recorded 1 samples, mean = 0.0 (flags = 0x41)
0  -O                                                                        (1 = 100.0%)
1  ... 

Histogram: SegmentationPlatform.ModelExecution.Result.2.DeviceSwitcher recorded 1 samples, mean = 0.0 (flags = 0x41)
0  -O                                                                        (1 = 100.0%)
1  ... 

Histogram: SegmentationPlatform.ModelExecution.Result.3.DeviceSwitcher recorded 1 samples, mean = 0.0 (flags = 0x41)
0  -O                                                                        (1 = 100.0%)
1  ... 

Histogram: SegmentationPlatform.ModelExecution.Result.4.DeviceSwitcher recorded 1 samples, mean = 0.0 (flags = 0x41)
0  -O                                                                        (1 = 100.0%)
1  ... 

Histogram: SegmentationPlatform.ModelExecution.Result.5.DeviceSwitcher recorded 1 samples, mean = 0.0 (flags = 0x41)
0  -O                                                                        (1 = 100.0%)
1  ... 

Histogram: SegmentationPlatform.ModelExecution.Result.6.DeviceSwitcher recorded 1 samples, mean = 0.0 (flags = 0x41)
0  -O                                                                        (1 = 100.0%)
1  ... 

Histogram: SegmentationPlatform.ModelExecution.Result.7.DeviceSwitcher recorded 1 samples, mean = 100.0 (flags = 0x41)
0    ... 
100  -O                                                                        (1 = 100.0%) {0.0%}
101  O                                                                         (0 = 0.0%) {100.0%}

Histogram: SegmentationPlatform.ModelExecution.ZeroValuePercent.DeviceSwitcher recorded 1 samples, mean = 90.0 (flags = 0x41)
0   ... 
90  -O                                                                        (1 = 100.0%) {0.0%}
91  ... 

Histogram: SegmentationPlatform.SegmentInfoDatabase.ProtoDBUpdateResult.ChromeLowUserEngagement recorded 1 samples, mean = 1.0 (flags = 0x41)
0  O                                                                         (0 = 0.0%)
1  -O                                                                        (1 = 100.0%) {0.0%}
2  O                                                                         (0 = 0.0%) {100.0%}

Histogram: SegmentationPlatform.SegmentInfoDatabase.ProtoDBUpdateResult.ComposePromotion recorded 1 samples, mean = 1.0 (flags = 0x41)
0  O                                                                         (0 = 0.0%)
1  -O                                                                        (1 = 100.0%) {0.0%}
2  O                                                                         (0 = 0.0%) {100.0%}

Histogram: SegmentationPlatform.SegmentInfoDatabase.ProtoDBUpdateResult.CrossDeviceUserSegment recorded 1 samples, mean = 1.0 (flags = 0x41)
0  O                                                                         (0 = 0.0%)
1  -O                                                                        (1 = 100.0%) {0.0%}
2  O                                                                         (0 = 0.0%) {100.0%}

Histogram: SegmentationPlatform.SegmentInfoDatabase.ProtoDBUpdateResult.DatabaseApiClients recorded 1 samples, mean = 1.0 (flags = 0x41)
0  O                                                                         (0 = 0.0%)
1  -O                                                                        (1 = 100.0%) {0.0%}
2  O                                                                         (0 = 0.0%) {100.0%}

Histogram: SegmentationPlatform.SegmentInfoDatabase.ProtoDBUpdateResult.DeviceSwitcher recorded 1 samples, mean = 1.0 (flags = 0x41)
0  O                                                                         (0 = 0.0%)
1  -O                                                                        (1 = 100.0%) {0.0%}
2  O                                                                         (0 = 0.0%) {100.0%}

Histogram: SegmentationPlatform.SegmentInfoDatabase.ProtoDBUpdateResult.PasswordManagerUser recorded 1 samples, mean = 1.0 (flags = 0x41)
0  O                                                                         (0 = 0.0%)
1  -O                                                                        (1 = 100.0%) {0.0%}
2  O                                                                         (0 = 0.0%) {100.0%}

Histogram: SegmentationPlatform.SegmentInfoDatabase.ProtoDBUpdateResult.ResumeHeavyUserSegment recorded 1 samples, mean = 1.0 (flags = 0x41)
0  O                                                                         (0 = 0.0%)
1  -O                                                                        (1 = 100.0%) {0.0%}
2  O                                                                         (0 = 0.0%) {100.0%}

Histogram: SegmentationPlatform.SegmentInfoDatabase.ProtoDBUpdateResult.SearchUser recorded 1 samples, mean = 1.0 (flags = 0x41)
0  O                                                                         (0 = 0.0%)
1  -O                                                                        (1 = 100.0%) {0.0%}
2  O                                                                         (0 = 0.0%) {100.0%}

Histogram: SegmentationPlatform.SegmentInfoDatabase.ProtoDBUpdateResult.ShoppingUser recorded 1 samples, mean = 1.0 (flags = 0x41)
0  O                                                                         (0 = 0.0%)
1  -O                                                                        (1 = 100.0%) {0.0%}
2  O                                                                         (0 = 0.0%) {100.0%}

Histogram: SegmentationPlatform.SegmentInfoDatabase.ProtoDBUpdateResult.UrlVisitResumptionRanker recorded 1 samples, mean = 1.0 (flags = 0x41)
0  O                                                                         (0 = 0.0%)
1  -O                                                                        (1 = 100.0%) {0.0%}
2  O                                                                         (0 = 0.0%) {100.0%}

Histogram: SegmentationPlatform.SegmentInfoDatabase.ProtoDBUpdateResult.WebAppInstallationPromo recorded 1 samples, mean = 1.0 (flags = 0x41)
0  O                                                                         (0 = 0.0%)
1  -O                                                                        (1 = 100.0%) {0.0%}
2  O                                                                         (0 = 0.0%) {100.0%}

Histogram: SegmentationPlatform.SelectionFailedReason.ChromeLowUserEngagement recorded 2 samples, mean = 14.5 (flags = 0x41)
0   ... 
12  -O                                                                        (1 = 50.0%) {0.0%}
13  ... 
17  -O                                                                        (1 = 50.0%) {50.0%}
18  ... 

Histogram: SegmentationPlatform.SelectionFailedReason.ComposePromotion recorded 1 samples, mean = 17.0 (flags = 0x41)
0   ... 
17  -O                                                                        (1 = 100.0%) {0.0%}
18  ... 

Histogram: SegmentationPlatform.SelectionFailedReason.CrossDeviceUser recorded 2 samples, mean = 14.5 (flags = 0x41)
0   ... 
12  -O                                                                        (1 = 50.0%) {0.0%}
13  ... 
17  -O                                                                        (1 = 50.0%) {50.0%}
18  ... 

Histogram: SegmentationPlatform.SelectionFailedReason.DatabaseApiClients recorded 1 samples, mean = 17.0 (flags = 0x41)
0   ... 
17  -O                                                                        (1 = 100.0%) {0.0%}
18  ... 

Histogram: SegmentationPlatform.SelectionFailedReason.DeviceSwitcher recorded 2 samples, mean = 19.0 (flags = 0x41)
0   ... 
17  -O                                                                        (1 = 50.0%) {0.0%}
18  ... 
21  -O                                                                        (1 = 50.0%) {50.0%}
22  ... 

Histogram: SegmentationPlatform.SelectionFailedReason.PasswordManagerUser recorded 2 samples, mean = 14.5 (flags = 0x41)
0   ... 
12  -O                                                                        (1 = 50.0%) {0.0%}
13  ... 
17  -O                                                                        (1 = 50.0%) {50.0%}
18  ... 

Histogram: SegmentationPlatform.SelectionFailedReason.ResumeHeavyUser recorded 2 samples, mean = 14.5 (flags = 0x41)
0   ... 
12  -O                                                                        (1 = 50.0%) {0.0%}
13  ... 
17  -O                                                                        (1 = 50.0%) {50.0%}
18  ... 

Histogram: SegmentationPlatform.SelectionFailedReason.SearchUser recorded 2 samples, mean = 14.5 (flags = 0x41)
0   ... 
12  -O                                                                        (1 = 50.0%) {0.0%}
13  ... 
17  -O                                                                        (1 = 50.0%) {50.0%}
18  ... 

Histogram: SegmentationPlatform.SelectionFailedReason.ShoppingUser recorded 2 samples, mean = 14.5 (flags = 0x41)
0   ... 
12  -O                                                                        (1 = 50.0%) {0.0%}
13  ... 
17  -O                                                                        (1 = 50.0%) {50.0%}
18  ... 

Histogram: SegmentationPlatform.SelectionFailedReason.URLVisitResumptionRanker recorded 1 samples, mean = 17.0 (flags = 0x41)
0   ... 
17  -O                                                                        (1 = 100.0%) {0.0%}
18  ... 

Histogram: SegmentationPlatform.SelectionFailedReason.WebAppInstallationPromo recorded 3 samples, mean = 17.3 (flags = 0x41)
0   ... 
11  -O                                                                        (1 = 33.3%) {0.0%}
12  ... 
17  -O                                                                        (1 = 33.3%) {33.3%}
18  ... 
24  -O                                                                        (1 = 33.3%) {66.7%}
25  ... 

Histogram: SegmentationPlatform.Signals.ListeningCount.HistogramEnum recorded 1 samples, mean = 7.0 (flags = 0x41)
0  ... 
7  -O                                                                        (1 = 100.0%) {0.0%}
8  ... 

Histogram: SegmentationPlatform.Signals.ListeningCount.HistogramValue recorded 1 samples, mean = 6.0 (flags = 0x41)
0  ... 
6  -O                                                                        (1 = 100.0%) {0.0%}
7  ... 

Histogram: SegmentationPlatform.Signals.ListeningCount.UserAction recorded 1 samples, mean = 7.0 (flags = 0x41)
0  ... 
7  -O                                                                        (1 = 100.0%) {0.0%}
8  ... 

Histogram: SegmentationPlatform.SyncSessions.TabsCountAtStartup recorded 1 samples, mean = 0.0 (flags = 0x41)
0  -O                                                                        (1 = 100.0%)
1  ... 

Histogram: SegmentationPlatform.UkmDatabase.InitTime recorded 1 samples, mean = 133.0 (flags = 0x41)
0    ... 
114  -O                                                                        (1 = 100.0%) {0.0%}
135  ... 

Histogram: SegmentationPlatform.WebAppInstallationPromo.PostProcessing.TopLabel.Computed recorded 1 samples (flags = 0x41)
-2 -O                                                                        (1 = 100.0%)

Histogram: ServiceWorker.FindRegistrationForClientUrl.IsCalledForNavigation recorded 5 samples, mean = 0.2 (flags = 0x41)
0  ----O                                                                     (4 = 80.0%)
1  -O                                                                        (1 = 20.0%) {80.0%}
2  O                                                                         (0 = 0.0%) {100.0%}

Histogram: ServiceWorker.FindRegistrationForClientUrl.SkippedMojoCall.OnNavigation recorded 1 samples, mean = 0.0 (flags = 0x41)
0  -O                                                                        (1 = 100.0%)
1  ... 

Histogram: ServiceWorker.OnBrowserStartup.SkipServiceWorkerOnFirstNavigation recorded 1 samples, mean = 0.0 (flags = 0x41)
0  -O                                                                        (1 = 100.0%)
1  ... 

Histogram: ServiceWorker.RegisteredStorageKeyCount recorded 1 samples, mean = 0.0 (flags = 0x41)
0  -O                                                                        (1 = 100.0%)
1  ... 

Histogram: ServiceWorker.Storage.ReadInitialDataFromDB.Time recorded 1 samples, mean = 0.0 (flags = 0x41)
0  -O                                                                        (1 = 100.0%)
1  ... 

Histogram: ServiceWorker.Storage.RegisteredStorageKeyCacheInitialization.Time recorded 1 samples, mean = 2430.0 (flags = 0x41)
0     ... 
2415  -O                                                                        (1 = 100.0%) {0.0%}
3069  ... 

Histogram: SessionRestore.UnrecoverableWriteErrorCount recorded 1 samples, mean = 0.0 (flags = 0x41)
0  -O                                                                        (1 = 100.0%)
1  ... 

Histogram: SessionStorageContext.CommitResult recorded 3 samples, mean = 0.0 (flags = 0x41)
0  ---O                                                                      (3 = 100.0%)
1  ... 

Histogram: Settings.AdvancedSpellcheck.OnStartup2 recorded 1 samples, mean = 0.0 (flags = 0x41)
0  -O                                                                        (1 = 100.0%)
1  ... 

Histogram: Settings.AutocompleteSearches.OnStartup2 recorded 1 samples, mean = 1.0 (flags = 0x41)
0  O                                                                         (0 = 0.0%)
1  -O                                                                        (1 = 100.0%) {0.0%}
2  O                                                                         (0 = 0.0%) {100.0%}

Histogram: Settings.FingerprintingProtection.Enabled recorded 1 samples, mean = 0.0 (flags = 0x41)
0  -O                                                                        (1 = 100.0%)
1  ... 

Histogram: Settings.FirstPartySets.State recorded 1 samples, mean = 0.0 (flags = 0x41)
0  -O                                                                        (1 = 100.0%)
1  ... 

Histogram: Settings.IpProtection.Enabled recorded 1 samples, mean = 0.0 (flags = 0x41)
0  -O                                                                        (1 = 100.0%)
1  ... 

Histogram: Settings.PreloadStatus.OnStartup3 recorded 1 samples, mean = 1.0 (flags = 0x41)
0  O                                                                         (0 = 0.0%)
1  -O                                                                        (1 = 100.0%) {0.0%}
2  ... 

Histogram: Settings.PrivacySandbox.AdMeasurement.Enabled recorded 1 samples, mean = 0.0 (flags = 0x41)
0  -O                                                                        (1 = 100.0%)
1  ... 

Histogram: Settings.PrivacySandbox.Fledge.Enabled recorded 1 samples, mean = 0.0 (flags = 0x41)
0  -O                                                                        (1 = 100.0%)
1  ... 

Histogram: Settings.PrivacySandbox.Topics.Enabled recorded 1 samples, mean = 0.0 (flags = 0x41)
0  -O                                                                        (1 = 100.0%)
1  ... 

Histogram: Settings.ShowHomeButton2 recorded 1 samples, mean = 0.0 (flags = 0x41)
0  -O                                                                        (1 = 100.0%)
1  ... 

Histogram: Settings.StartupPageLoadSettings2 recorded 1 samples, mean = 5.0 (flags = 0x41)
0  ... 
5  -O                                                                        (1 = 100.0%) {0.0%}
6  ... 

Histogram: Settings.TrackedPreferenceCleared.FromRegistry recorded 2 samples, mean = 4.0 (flags = 0x41)
0  ... 
3  -O                                                                        (1 = 50.0%) {0.0%}
4  O                                                                         (0 = 0.0%) {50.0%}
5  -O                                                                        (1 = 50.0%) {50.0%}
6  ... 

Histogram: Settings.TrackedPreferenceNullInitialized recorded 17 samples, mean = 15.1 (flags = 0x41)
0   -O                                                                        (1 = 5.9%)
1   -O                                                                        (1 = 5.9%) {5.9%}
2   -O                                                                        (1 = 5.9%) {11.8%}
3   -O                                                                        (1 = 5.9%) {17.6%}
4   -O                                                                        (1 = 5.9%) {23.5%}
5   O                                                                         (0 = 0.0%) {29.4%}
6   -O                                                                        (1 = 5.9%) {29.4%}
7   -O                                                                        (1 = 5.9%) {35.3%}
8   ... 
11  -O                                                                        (1 = 5.9%) {41.2%}
12  ... 
14  -O                                                                        (1 = 5.9%) {47.1%}
15  -O                                                                        (1 = 5.9%) {52.9%}
16  ... 
18  -O                                                                        (1 = 5.9%) {58.8%}
19  ... 
23  -O                                                                        (1 = 5.9%) {64.7%}
24  -O                                                                        (1 = 5.9%) {70.6%}
25  ... 
29  -O                                                                        (1 = 5.9%) {76.5%}
30  ... 
32  -O                                                                        (1 = 5.9%) {82.4%}
33  -O                                                                        (1 = 5.9%) {88.2%}
34  -O                                                                        (1 = 5.9%) {94.1%}
35  O                                                                         (0 = 0.0%) {100.0%}

Histogram: Settings.TrackedPreferenceUnchanged recorded 1 samples, mean = 5.0 (flags = 0x41)
0  ... 
5  -O                                                                        (1 = 100.0%) {0.0%}
6  ... 

Histogram: Settings.TrackedPreferenceUnchanged.FromRegistry recorded 16 samples, mean = 15.8 (flags = 0x41)
0   -O                                                                        (1 = 6.2%)
1   -O                                                                        (1 = 6.2%) {6.2%}
2   -O                                                                        (1 = 6.2%) {12.5%}
3   O                                                                         (0 = 0.0%) {18.8%}
4   -O                                                                        (1 = 6.2%) {18.8%}
5   O                                                                         (0 = 0.0%) {25.0%}
6   -O                                                                        (1 = 6.2%) {25.0%}
7   -O                                                                        (1 = 6.2%) {31.2%}
8   ... 
11  -O                                                                        (1 = 6.2%) {37.5%}
12  ... 
14  -O                                                                        (1 = 6.2%) {43.8%}
15  -O                                                                        (1 = 6.2%) {50.0%}
16  ... 
18  -O                                                                        (1 = 6.2%) {56.2%}
19  ... 
23  -O                                                                        (1 = 6.2%) {62.5%}
24  -O                                                                        (1 = 6.2%) {68.8%}
25  ... 
29  -O                                                                        (1 = 6.2%) {75.0%}
30  ... 
32  -O                                                                        (1 = 6.2%) {81.2%}
33  -O                                                                        (1 = 6.2%) {87.5%}
34  -O                                                                        (1 = 6.2%) {93.8%}
35  O                                                                         (0 = 0.0%) {100.0%}

Histogram: Settings.TrackingProtection.Enabled recorded 1 samples, mean = 0.0 (flags = 0x41)
0  -O                                                                        (1 = 100.0%)
1  ... 

Histogram: SharedDictionary.TimeInitializeDB recorded 1 samples, mean = 40.0 (flags = 0x41)
0   ... 
40  -O                                                                        (1 = 100.0%) {0.0%}
50  ... 

Histogram: Signin.APIKeyMatchesFeatureOnStartup recorded 3 samples, mean = 0.0 (flags = 0x41)
0  ---O                                                                      (3 = 100.0%)
1  ... 

Histogram: Signin.AccountTracker.CountOfLoadedAccounts recorded 1 samples, mean = 0.0 (flags = 0x41)
0  -O                                                                        (1 = 100.0%)
1  ... 

Histogram: Signin.CookieJar.SignedInCount_OnChange recorded 1 samples, mean = 0.0 (flags = 0x41)
0  -O                                                                        (1 = 100.0%)
1  ... 

Histogram: Signin.CookieJar.SignedOutCount_OnChange recorded 1 samples, mean = 0.0 (flags = 0x41)
0  -O                                                                        (1 = 100.0%)
1  ... 

Histogram: Signin.CookieJar.StableAge_OnChange recorded 1 samples, mean = 0.0 (flags = 0x41)
0  -O                                                                        (1 = 100.0%)
1  ... 

Histogram: Signin.CookieJar.TotalCount_OnChange recorded 1 samples, mean = 0.0 (flags = 0x41)
0  -O                                                                        (1 = 100.0%)
1  ... 

Histogram: Signin.ExplicitSigninMigration recorded 1 samples, mean = 0.0 (flags = 0x41)
0  -O                                                                        (1 = 100.0%)
1  ... 

Histogram: Signin.HadPreviousSyncAccount.SignedOutOnProfileLoad recorded 1 samples, mean = 0.0 (flags = 0x41)
0  -O                                                                        (1 = 100.0%)
1  ... 

Histogram: Signin.HadPreviousSyncAccount.SyncOffOnProfileLoad recorded 1 samples, mean = 0.0 (flags = 0x41)
0  -O                                                                        (1 = 100.0%)
1  ... 

Histogram: Signin.IsShared_OnChange recorded 1 samples, mean = 0.0 (flags = 0x41)
0  -O                                                                        (1 = 100.0%)
1  ... 

Histogram: Signin.ListAccountsFailure recorded 1 samples, mean = 0.0 (flags = 0x41)
0  -O                                                                        (1 = 100.0%)
1  ... 

Histogram: Signin.PAMInitialize.PrimaryAccountPrefs recorded 1 samples, mean = 2.0 (flags = 0x41)
0  ... 
2  -O                                                                        (1 = 100.0%) {0.0%}
3  ... 

Histogram: Signin.SigninAllowed recorded 1 samples, mean = 0.0 (flags = 0x41)
0  -O                                                                        (1 = 100.0%)
1  ... 

Histogram: Signin.TokenTable.GetAllTokensSqlStatementValidity recorded 1 samples, mean = 1.0 (flags = 0x41)
0  O                                                                         (0 = 0.0%)
1  -O                                                                        (1 = 100.0%) {0.0%}
2  O                                                                         (0 = 0.0%) {100.0%}

Histogram: SimpleCache.App.CacheSizeOnInit recorded 1 samples, mean = 0.0 (flags = 0x41)
0  -O                                                                        (1 = 100.0%)
1000... 

Histogram: SimpleCache.App.ConsistencyResult recorded 1 samples, mean = 0.0 (flags = 0x41)
0  -O                                                                        (1 = 100.0%)
1  ... 

Histogram: SimpleCache.App.CreationToIndex recorded 1 samples, mean = 4.0 (flags = 0x41)
0  ... 
4  -O                                                                        (1 = 100.0%) {0.0%}
5  ... 

Histogram: SimpleCache.App.IndexCreatedEntryCount recorded 1 samples, mean = 0.0 (flags = 0x41)
0  -O                                                                        (1 = 100.0%)
1  ... 

Histogram: SimpleCache.App.IndexInitializeMethod recorded 1 samples, mean = 2.0 (flags = 0x41)
0  ... 
2  -O                                                                        (1 = 100.0%) {0.0%}
3  O                                                                         (0 = 0.0%) {100.0%}

Histogram: SimpleCache.App.IndexNumEntriesOnInit recorded 1 samples, mean = 0.0 (flags = 0x41)
0  -O                                                                        (1 = 100.0%)
1  ... 

Histogram: SimpleCache.App.IndexRestoreTime recorded 1 samples, mean = 0.0 (flags = 0x41)
0  -O                                                                        (1 = 100.0%)
10 ... 

Histogram: SimpleCache.App.MaxCacheSizeOnInit recorded 1 samples, mean = 0.0 (flags = 0x41)
0  -O                                                                        (1 = 100.0%)
1000... 

Histogram: SimpleCache.Code.CacheSizeOnInit recorded 1 samples, mean = 0.0 (flags = 0x41)
0  -O                                                                        (1 = 100.0%)
1000... 

Histogram: SimpleCache.Code.ConsistencyResult recorded 1 samples, mean = 0.0 (flags = 0x41)
0  -O                                                                        (1 = 100.0%)
1  ... 

Histogram: SimpleCache.Code.CreationToIndex recorded 1 samples, mean = 10.0 (flags = 0x41)
0   ... 
10  -O                                                                        (1 = 100.0%) {0.0%}
12  ... 

Histogram: SimpleCache.Code.DiskCloseLatency recorded 23 samples, mean = 0.0 (flags = 0x41)
0  -----------------------O                                                  (23 = 100.0%)
1  ... 

Histogram: SimpleCache.Code.DiskCreateLatency recorded 23 samples, mean = 0.2 (flags = 0x40)
0  -------------------O                                                      (19 = 82.6%)
1  ----O                                                                     (4 = 17.4%) {82.6%}
2  ... 

Histogram: SimpleCache.Code.EntryCreationTime recorded 23 samples, mean = 0.2 (flags = 0x41)
0  ------------------O                                                       (18 = 78.3%)
1  -----O                                                                    (5 = 21.7%) {78.3%}
2  ... 

Histogram: SimpleCache.Code.HeaderSize recorded 23 samples, mean = 36.0 (flags = 0x41)
0   ... 
34  -----------------------O                                                  (23 = 100.0%) {0.0%}
40  ... 

Histogram: SimpleCache.Code.IndexCreatedEntryCount recorded 1 samples, mean = 0.0 (flags = 0x41)
0  -O                                                                        (1 = 100.0%)
1  ... 

Histogram: SimpleCache.Code.IndexInitializeMethod recorded 1 samples, mean = 2.0 (flags = 0x41)
0  ... 
2  -O                                                                        (1 = 100.0%) {0.0%}
3  O                                                                         (0 = 0.0%) {100.0%}

Histogram: SimpleCache.Code.IndexNumEntriesOnInit recorded 1 samples, mean = 0.0 (flags = 0x41)
0  -O                                                                        (1 = 100.0%)
1  ... 

Histogram: SimpleCache.Code.IndexRestoreTime recorded 1 samples, mean = 2.0 (flags = 0x41)
0  -O                                                                        (1 = 100.0%)
10 ... 

Histogram: SimpleCache.Code.MaxCacheSizeOnInit recorded 1 samples, mean = 327680.0 (flags = 0x41)
0       ... 
297881  -O                                                                        (1 = 100.0%) {0.0%}
339058  ... 

Histogram: SimpleCache.Code.OpenEntryIndexState recorded 49 samples, mean = 1.0 (flags = 0x41)
0  O                                                                         (0 = 0.0%)
1  -------------------------------------------------O                        (49 = 100.0%) {0.0%}
2  ... 

Histogram: SimpleCache.Code.SyncCloseResult recorded 23 samples, mean = 0.0 (flags = 0x40)
0  -----------------------O                                                  (23 = 100.0%)
1  ... 

Histogram: SiteEngagementService.EngagementScore recorded 1 samples, mean = 3.0 (flags = 0x41)
0  ... 
3  -O                                                                        (1 = 100.0%) {0.0%}
4  ... 

Histogram: SiteEngagementService.EngagementType recorded 2 samples, mean = 4.0 (flags = 0x41)
0  -O                                                                        (1 = 50.0%)
1  ... 
8  -O                                                                        (1 = 50.0%) {50.0%}
9  ... 

Histogram: SiteEngagementService.MeanEngagement recorded 1 samples, mean = 3.0 (flags = 0x41)
0  ... 
3  -O                                                                        (1 = 100.0%) {0.0%}
4  ... 

Histogram: SiteEngagementService.MedianEngagement recorded 1 samples, mean = 3.0 (flags = 0x41)
0  ... 
3  -O                                                                        (1 = 100.0%) {0.0%}
4  ... 

Histogram: SiteEngagementService.OriginsEngaged recorded 1 samples, mean = 1.0 (flags = 0x41)
0  O                                                                         (0 = 0.0%)
1  -O                                                                        (1 = 100.0%) {0.0%}
2  ... 

Histogram: SiteIsolatedCodeCache.JS.Behaviour recorded 49 samples, mean = 2.4 (flags = 0x41)
0  O                                                                         (0 = 0.0%)
1  --------------------------O                                               (26 = 53.1%) {0.0%}
2  ... 
4  -----------------------O                                                  (23 = 46.9%) {53.1%}
5  ... 

Histogram: SiteIsolatedCodeCache.JS.Hit recorded 26 samples, mean = 0.0 (flags = 0x41)
0  --------------------------O                                               (26 = 100.0%)
1  ... 

Histogram: SiteIsolatedCodeCache.JS.PotentialMemoryBackedCodeCacheHit recorded 26 samples, mean = 0.0 (flags = 0x41)
0  --------------------------O                                               (26 = 100.0%)
1  ... 

Histogram: SiteIsolatedCodeCache.JS.PotentialMemoryBackedCodeCacheSize2 recorded 33 samples, mean = 27126.0 (flags = 0x41)
0      ... 
26179  ---------------------------------O                                        (33 = 100.0%) {0.0%}
37599  ... 

Histogram: SiteIsolatedCodeCache.WASM.Behaviour recorded 5 samples, mean = 1.0 (flags = 0x41)
0  O                                                                         (0 = 0.0%)
1  -----O                                                                    (5 = 100.0%) {0.0%}
2  ... 

Histogram: SiteIsolation.BrowsingInstance.MaxCountPerProcess recorded 3 samples, mean = 0.7 (flags = 0x41)
0  -O                                                                        (1 = 33.3%)
1  --O                                                                       (2 = 66.7%) {33.3%}
2  ... 

Histogram: SiteIsolation.NewProcessUsedForNavigationWhenSameSiteProcessExists recorded 1 samples, mean = 0.0 (flags = 0x41)
0  -O                                                                        (1 = 100.0%)
1  ... 

Histogram: SiteIsolation.ProcessPerSiteWithMainFrameThreshold.IsDevToolsUser recorded 1 samples, mean = 0.0 (flags = 0x41)
0  -O                                                                        (1 = 100.0%)
1  ... 

Histogram: Skia.SubmitRenderPasses recorded 17 samples, mean = 0.5 (flags = 0x41)
0  ------------O                                                             (12 = 70.6%)
1  ---O                                                                      (3 = 17.6%) {70.6%}
2  -O                                                                        (1 = 5.9%) {88.2%}
3  O                                                                         (0 = 0.0%) {94.1%}
4  -O                                                                        (1 = 5.9%) {94.1%}
5  ... 

Histogram: Sql.Statement.Affiliation.VMSteps recorded 29 samples, mean = 13.6 (flags = 0x41)
0   ... 
3   ------------O                                                             (12 = 41.4%) {0.0%}
4   O                                                                         (0 = 0.0%) {41.4%}
5   -O                                                                        (1 = 3.4%) {41.4%}
6   -O                                                                        (1 = 3.4%) {44.8%}
7   O                                                                         (0 = 0.0%) {48.3%}
8   --O                                                                       (2 = 6.9%) {48.3%}
10  O                                                                         (0 = 0.0%) {55.2%}
12  --O                                                                       (2 = 6.9%) {55.2%}
14  --O                                                                       (2 = 6.9%) {62.1%}
17  ---O                                                                      (3 = 10.3%) {69.0%}
20  O                                                                         (0 = 0.0%) {79.3%}
24  --O                                                                       (2 = 6.9%) {79.3%}
29  O                                                                         (0 = 0.0%) {86.2%}
34  --O                                                                       (2 = 6.9%) {86.2%}
40  O                                                                         (0 = 0.0%) {93.1%}
48  --O                                                                       (2 = 6.9%) {93.1%}
57  ... 

Histogram: Sql.Statement.BrowsingTopics.VMSteps recorded 14 samples, mean = 9.1 (flags = 0x41)
0   ... 
3   ----O                                                                     (4 = 28.6%) {0.0%}
4   O                                                                         (0 = 0.0%) {28.6%}
5   -O                                                                        (1 = 7.1%) {28.6%}
6   ... 
8   ----O                                                                     (4 = 28.6%) {35.7%}
10  O                                                                         (0 = 0.0%) {64.3%}
12  --O                                                                       (2 = 14.3%) {64.3%}
14  O                                                                         (0 = 0.0%) {78.6%}
17  ---O                                                                      (3 = 21.4%) {78.6%}
20  ... 

Histogram: Sql.Statement.Cookie.VMSteps recorded 33 samples, mean = 17.0 (flags = 0x41)
0   ... 
3   ------O                                                                   (6 = 18.2%) {0.0%}
4   O                                                                         (0 = 0.0%) {18.2%}
5   --O                                                                       (2 = 6.1%) {18.2%}
6   O                                                                         (0 = 0.0%) {24.2%}
7   --O                                                                       (2 = 6.1%) {24.2%}
8   ----O                                                                     (4 = 12.1%) {30.3%}
10  O                                                                         (0 = 0.0%) {42.4%}
12  ----O                                                                     (4 = 12.1%) {42.4%}
14  ----O                                                                     (4 = 12.1%) {54.5%}
17  ------O                                                                   (6 = 18.2%) {66.7%}
20  -O                                                                        (1 = 3.0%) {84.8%}
24  ... 
57  ----O                                                                     (4 = 12.1%) {87.9%}
68  ... 

Histogram: Sql.Statement.DIPS.VMSteps recorded 37 samples, mean = 12.5 (flags = 0x41)
0   ... 
3   --O                                                                       (2 = 5.4%) {0.0%}
4   O                                                                         (0 = 0.0%) {5.4%}
5   -O                                                                        (1 = 2.7%) {5.4%}
6   ... 
8   ---------------O                                                          (15 = 40.5%) {8.1%}
10  ----O                                                                     (4 = 10.8%) {48.6%}
12  --O                                                                       (2 = 5.4%) {59.5%}
14  --O                                                                       (2 = 5.4%) {64.9%}
17  ------O                                                                   (6 = 16.2%) {70.3%}
20  ---O                                                                      (3 = 8.1%) {86.5%}
24  -O                                                                        (1 = 2.7%) {94.6%}
29  -O                                                                        (1 = 2.7%) {97.3%}
34  ... 

Histogram: Sql.Statement.FirstPartySets.VMSteps recorded 28 samples, mean = 8.4 (flags = 0x41)
0   ... 
3   ----------O                                                               (10 = 35.7%) {0.0%}
4   O                                                                         (0 = 0.0%) {35.7%}
5   -O                                                                        (1 = 3.6%) {35.7%}
6   ... 
8   --------O                                                                 (8 = 28.6%) {39.3%}
10  ----O                                                                     (4 = 14.3%) {67.9%}
12  ... 
17  ----O                                                                     (4 = 14.3%) {82.1%}
20  -O                                                                        (1 = 3.6%) {96.4%}
24  ... 

Histogram: Sql.Statement.History.VMSteps recorded 251 samples, mean = 19.9 (flags = 0x41)
0    ... 
3    ------O                                                                   (6 = 2.4%) {0.0%}
4    O                                                                         (0 = 0.0%) {2.4%}
5    -O                                                                        (1 = 0.4%) {2.4%}
6    --O                                                                       (2 = 0.8%) {2.8%}
7    O                                                                         (0 = 0.0%) {3.6%}
8    --------O                                                                 (8 = 3.2%) {3.6%}
10   -------O                                                                  (7 = 2.8%) {6.8%}
12   --------------------------------------------------------------------O     (68 = 27.1%) {9.6%}
14   -----------------------O                                                  (23 = 9.2%) {36.7%}
17   ---------------------------------------------O                            (45 = 17.9%) {45.8%}
20   ----------------------------------------------------------------O         (64 = 25.5%) {63.7%}
24   --------O                                                                 (8 = 3.2%) {89.2%}
29   ---O                                                                      (3 = 1.2%) {92.4%}
34   -O                                                                        (1 = 0.4%) {93.6%}
40   --O                                                                       (2 = 0.8%) {94.0%}
48   -O                                                                        (1 = 0.4%) {94.8%}
57   --O                                                                       (2 = 0.8%) {95.2%}
68   ------O                                                                   (6 = 2.4%) {96.0%}
81   --O                                                                       (2 = 0.8%) {98.4%}
96   ... 
135  --O                                                                       (2 = 0.8%) {99.2%}
160  ... 

Histogram: Sql.Statement.OptOutBlacklist.VMSteps recorded 5 samples, mean = 8.0 (flags = 0x41)
0   ... 
5   -O                                                                        (1 = 20.0%) {0.0%}
6   -O                                                                        (1 = 20.0%) {20.0%}
7   -O                                                                        (1 = 20.0%) {40.0%}
8   -O                                                                        (1 = 20.0%) {60.0%}
10  ... 
14  -O                                                                        (1 = 20.0%) {80.0%}
17  ... 

Histogram: Sql.Statement.Passwords.VMSteps recorded 61 samples, mean = 21.4 (flags = 0x41)
0   ... 
3   ----O                                                                     (4 = 6.6%) {0.0%}
4   O                                                                         (0 = 0.0%) {6.6%}
5   --O                                                                       (2 = 3.3%) {6.6%}
6   --------O                                                                 (8 = 13.1%) {9.8%}
7   ----O                                                                     (4 = 6.6%) {23.0%}
8   -----------O                                                              (11 = 18.0%) {29.5%}
10  O                                                                         (0 = 0.0%) {47.5%}
12  ------O                                                                   (6 = 9.8%) {47.5%}
14  ----O                                                                     (4 = 6.6%) {57.4%}
17  ------O                                                                   (6 = 9.8%) {63.9%}
20  ... 
29  --O                                                                       (2 = 3.3%) {73.8%}
34  --O                                                                       (2 = 3.3%) {77.0%}
40  --O                                                                       (2 = 3.3%) {80.3%}
48  --O                                                                       (2 = 3.3%) {83.6%}
57  ----O                                                                     (4 = 6.6%) {86.9%}
68  ----O                                                                     (4 = 6.6%) {93.4%}
81  ... 

Histogram: Sql.Statement.Predictor.VMSteps recorded 16 samples, mean = 12.8 (flags = 0x41)
0   ... 
3   ----O                                                                     (4 = 25.0%) {0.0%}
4   O                                                                         (0 = 0.0%) {25.0%}
5   -O                                                                        (1 = 6.2%) {25.0%}
6   ---O                                                                      (3 = 18.8%) {31.2%}
7   O                                                                         (0 = 0.0%) {50.0%}
8   --O                                                                       (2 = 12.5%) {50.0%}
10  -O                                                                        (1 = 6.2%) {62.5%}
12  ... 
17  --O                                                                       (2 = 12.5%) {68.8%}
20  O                                                                         (0 = 0.0%) {81.2%}
24  -O                                                                        (1 = 6.2%) {81.2%}
29  O                                                                         (0 = 0.0%) {87.5%}
34  -O                                                                        (1 = 6.2%) {87.5%}
40  -O                                                                        (1 = 6.2%) {93.8%}
48  ... 

Histogram: Sql.Statement.Quota.VMSteps recorded 26 samples, mean = 8.5 (flags = 0x41)
0   ... 
3   ------O                                                                   (6 = 23.1%) {0.0%}
4   O                                                                         (0 = 0.0%) {23.1%}
5   -O                                                                        (1 = 3.8%) {23.1%}
6   --O                                                                       (2 = 7.7%) {26.9%}
7   O                                                                         (0 = 0.0%) {34.6%}
8   ---------O                                                                (9 = 34.6%) {34.6%}
10  ---O                                                                      (3 = 11.5%) {69.2%}
12  -O                                                                        (1 = 3.8%) {80.8%}
14  O                                                                         (0 = 0.0%) {84.6%}
17  ----O                                                                     (4 = 15.4%) {84.6%}
20  ... 

Histogram: Sql.Statement.ReportingAndNEL.VMSteps recorded 260 samples, mean = 19.3 (flags = 0x41)
0   ... 
3   ------------------------------------------------------------------------O (124 = 47.7%) {0.0%}
4   O                                                                         (0 = 0.0%) {47.7%}
5   -O                                                                        (1 = 0.4%) {47.7%}
6   --O                                                                       (3 = 1.2%) {48.1%}
7   O                                                                         (0 = 0.0%) {49.2%}
8   -O                                                                        (2 = 0.8%) {49.2%}
10  O                                                                         (0 = 0.0%) {50.0%}
12  -O                                                                        (2 = 0.8%) {50.0%}
14  -O                                                                        (1 = 0.4%) {50.8%}
17  --O                                                                       (3 = 1.2%) {51.2%}
20  O                                                                         (0 = 0.0%) {52.3%}
24  -O                                                                        (1 = 0.4%) {52.3%}
29  -O                                                                        (1 = 0.4%) {52.7%}
34  -----------------------------------------------------------------------O  (122 = 46.9%) {53.1%}
40  ... 

Histogram: Sql.Statement.SharedDictionary.VMSteps recorded 26 samples, mean = 9.6 (flags = 0x41)
0   ... 
3   ----------O                                                               (10 = 38.5%) {0.0%}
4   O                                                                         (0 = 0.0%) {38.5%}
5   -O                                                                        (1 = 3.8%) {38.5%}
6   ... 
8   ---O                                                                      (3 = 11.5%) {42.3%}
10  O                                                                         (0 = 0.0%) {53.8%}
12  ----O                                                                     (4 = 15.4%) {53.8%}
14  --O                                                                       (2 = 7.7%) {69.2%}
17  ------O                                                                   (6 = 23.1%) {76.9%}
20  ... 

Histogram: Sql.Statement.SharedStorage.VMSteps recorded 3 samples, mean = 7.7 (flags = 0x41)
0   ... 
5   -O                                                                        (1 = 33.3%) {0.0%}
6   ... 
8   -O                                                                        (1 = 33.3%) {33.3%}
10  -O                                                                        (1 = 33.3%) {66.7%}
12  ... 

Histogram: Sql.Statement.Thumbnail.VMSteps recorded 26 samples, mean = 11.8 (flags = 0x41)
0   ... 
3   ------O                                                                   (6 = 23.1%) {0.0%}
4   O                                                                         (0 = 0.0%) {23.1%}
5   -O                                                                        (1 = 3.8%) {23.1%}
6   ... 
8   ---O                                                                      (3 = 11.5%) {26.9%}
10  ---O                                                                      (3 = 11.5%) {38.5%}
12  --O                                                                       (2 = 7.7%) {50.0%}
14  ---O                                                                      (3 = 11.5%) {57.7%}
17  ----O                                                                     (4 = 15.4%) {69.2%}
20  ----O                                                                     (4 = 15.4%) {84.6%}
24  ... 

Histogram: Sql.Statement.TopSites.VMSteps recorded 34 samples, mean = 12.7 (flags = 0x41)
0   ... 
3   ------O                                                                   (6 = 17.6%) {0.0%}
4   O                                                                         (0 = 0.0%) {17.6%}
5   -O                                                                        (1 = 2.9%) {17.6%}
6   ... 
8   -----O                                                                    (5 = 14.7%) {20.6%}
10  ---O                                                                      (3 = 8.8%) {35.3%}
12  -------O                                                                  (7 = 20.6%) {44.1%}
14  O                                                                         (0 = 0.0%) {64.7%}
17  ---O                                                                      (3 = 8.8%) {64.7%}
20  -------O                                                                  (7 = 20.6%) {73.5%}
24  --O                                                                       (2 = 5.9%) {94.1%}
29  ... 

Histogram: Sql.Statement.TrustTokens.VMSteps recorded 18 samples, mean = 10.9 (flags = 0x41)
0   ... 
3   ----O                                                                     (4 = 22.2%) {0.0%}
4   O                                                                         (0 = 0.0%) {22.2%}
5   -O                                                                        (1 = 5.6%) {22.2%}
6   ---O                                                                      (3 = 16.7%) {27.8%}
7   O                                                                         (0 = 0.0%) {44.4%}
8   ---O                                                                      (3 = 16.7%) {44.4%}
10  -O                                                                        (1 = 5.6%) {61.1%}
12  O                                                                         (0 = 0.0%) {66.7%}
14  -O                                                                        (1 = 5.6%) {66.7%}
17  ---O                                                                      (3 = 16.7%) {72.2%}
20  O                                                                         (0 = 0.0%) {88.9%}
24  -O                                                                        (1 = 5.6%) {88.9%}
29  -O                                                                        (1 = 5.6%) {94.4%}
34  ... 

Histogram: Sql.Statement.UKMMetrics.VMSteps recorded 32 samples, mean = 13.4 (flags = 0x41)
0   ... 
3   -----O                                                                    (5 = 15.6%) {0.0%}
4   O                                                                         (0 = 0.0%) {15.6%}
5   -O                                                                        (1 = 3.1%) {15.6%}
6   O                                                                         (0 = 0.0%) {18.8%}
7   ---O                                                                      (3 = 9.4%) {18.8%}
8   -----O                                                                    (5 = 15.6%) {28.1%}
10  O                                                                         (0 = 0.0%) {43.8%}
12  -------O                                                                  (7 = 21.9%) {43.8%}
14  O                                                                         (0 = 0.0%) {65.6%}
17  ----O                                                                     (4 = 12.5%) {65.6%}
20  ----O                                                                     (4 = 12.5%) {78.1%}
24  -O                                                                        (1 = 3.1%) {90.6%}
29  ... 
40  --O                                                                       (2 = 6.2%) {93.8%}
48  ... 

Histogram: Sql.Statement.Web.VMSteps recorded 148 samples, mean = 44.6 (flags = 0x41)
0    ... 
3    ------------------O                                                       (18 = 12.2%) {0.0%}
4    -O                                                                        (1 = 0.7%) {12.2%}
5    -O                                                                        (1 = 0.7%) {12.8%}
6    ------------O                                                             (12 = 8.1%) {13.5%}
7    ------------O                                                             (12 = 8.1%) {21.6%}
8    ----------O                                                               (10 = 6.8%) {29.7%}
10   --------------O                                                           (14 = 9.5%) {36.5%}
12   --------O                                                                 (8 = 5.4%) {45.9%}
14   --O                                                                       (2 = 1.4%) {51.4%}
17   ----------O                                                               (10 = 6.8%) {52.7%}
20   O                                                                         (0 = 0.0%) {59.5%}
24   --O                                                                       (2 = 1.4%) {59.5%}
29   --O                                                                       (2 = 1.4%) {60.8%}
34   --O                                                                       (2 = 1.4%) {62.2%}
40   ------------O                                                             (12 = 8.1%) {63.5%}
48   ---O                                                                      (3 = 2.0%) {71.6%}
57   ---O                                                                      (3 = 2.0%) {73.6%}
68   -----O                                                                    (5 = 3.4%) {75.7%}
81   --O                                                                       (2 = 1.4%) {79.1%}
96   -------O                                                                  (7 = 4.7%) {80.4%}
114  -----O                                                                    (5 = 3.4%) {85.1%}
135  -------O                                                                  (7 = 4.7%) {88.5%}
160  -----O                                                                    (5 = 3.4%) {93.2%}
190  -----O                                                                    (5 = 3.4%) {96.6%}
226  ... 

Histogram: Sql.vfs.SyncTime recorded 545 samples, mean = 2.0 (flags = 0x41)
0   O                                                                         (0 = 0.0%)
1   ------------------------------------------------------------------------O (391 = 71.7%) {0.0%}
2   ---------O                                                                (51 = 9.4%) {71.7%}
3   -----O                                                                    (28 = 5.1%) {81.1%}
4   ----O                                                                     (20 = 3.7%) {86.2%}
5   ---O                                                                      (17 = 3.1%) {89.9%}
6   ---O                                                                      (14 = 2.6%) {93.0%}
7   -O                                                                        (4 = 0.7%) {95.6%}
8   -O                                                                        (5 = 0.9%) {96.3%}
10  -O                                                                        (6 = 1.1%) {97.2%}
12  O                                                                         (2 = 0.4%) {98.3%}
14  -O                                                                        (7 = 1.3%) {98.7%}
17  ... 

Histogram: Stability.Counts2 recorded 8 samples, mean = 24.2 (flags = 0x43)
0   ... 
2   -O                                                                        (1 = 12.5%) {0.0%}
3   ... 
15  -O                                                                        (1 = 12.5%) {12.5%}
16  ... 
26  ---O                                                                      (3 = 37.5%) {25.0%}
27  ... 
33  ---O                                                                      (3 = 37.5%) {62.5%}
34  O                                                                         (0 = 0.0%) {100.0%}

Histogram: Stability.Experimental.PageLoads recorded 1 samples, mean = 17.0 (flags = 0x41)
0   ... 
17  -O                                                                        (1 = 100.0%) {0.0%}
18  O                                                                         (0 = 0.0%) {100.0%}

Histogram: Startup.AfterStartupTaskCount recorded 1 samples, mean = 2.0 (flags = 0x41)
0  ... 
2  -O                                                                        (1 = 100.0%) {0.0%}
3  ... 

Histogram: Startup.AfterStartupTaskDelayedUntilTime recorded 1 samples, mean = 16361.0 (flags = 0x41)
0      ... 
15215  -O                                                                        (1 = 100.0%) {0.0%}
20614  ... 

Histogram: Startup.BrowserMainRunnerImplInitializeLongTime recorded 1 samples, mean = 121.0 (flags = 0x41)
0    ... 
119  -O                                                                        (1 = 100.0%) {0.0%}
137  ... 

Histogram: Startup.BrowserMessageLoopFirstIdle recorded 1 samples, mean = 10045789.0 (flags = 0x41)
0        ... 
3600000  -O                                                                        (1 = 100.0%) {0.0%}

Histogram: Startup.BrowserMessageLoopStartTime.FirstRun recorded 1 samples, mean = 136.0 (flags = 0x41)
0    ... 
119  -O                                                                        (1 = 100.0%) {0.0%}
137  ... 

Histogram: Startup.CreateFirstProfile recorded 1 samples, mean = 78.0 (flags = 0x41)
0   ... 
64  -O                                                                        (1 = 100.0%) {0.0%}
87  ... 

Histogram: Startup.FirstWebContents.FinishReason recorded 1 samples, mean = 6.0 (flags = 0x41)
0  ... 
6  -O                                                                        (1 = 100.0%) {0.0%}
7  ... 

Histogram: Startup.LoadTime.ApplicationStartToChromeMain recorded 1 samples, mean = 0.0 (flags = 0x41)
0  -O                                                                        (1 = 100.0%)
1  ... 

Histogram: Startup.LoadTime.ProcessCreateToApplicationStart recorded 1 samples, mean = 9940.0 (flags = 0x41)
0     ... 
8289  -O                                                                        (1 = 100.0%) {0.0%}
11230 ... 

Histogram: Startup.LoadTime.RecordedProcessCreation recorded 1 samples, mean = 1.0 (flags = 0x1)
0  O                                                                         (0 = 0.0%)
1  -O                                                                        (1 = 100.0%) {0.0%}
2  O                                                                         (0 = 0.0%) {100.0%}

Histogram: Startup.PreMainMessageLoopRunImplLongTime recorded 1 samples, mean = 90.0 (flags = 0x41)
0   ... 
89  -O                                                                        (1 = 100.0%) {0.0%}
103 ... 

Histogram: Startup.Renderer.LoadTime.ApplicationStartToRendererStartRunLoop recorded 1 samples, mean = 16.0 (flags = 0x41)
0   ... 
16  -O                                                                        (1 = 100.0%) {0.0%}
20  ... 

Histogram: Startup.Renderer.LoadTime.ChromeMainToRendererStartRunLoop recorded 1 samples, mean = 16.0 (flags = 0x41)
0   ... 
16  -O                                                                        (1 = 100.0%) {0.0%}
20  ... 

Histogram: Startup.Renderer.LoadTime.ProcessCreationToRendererStartRunLoop recorded 1 samples, mean = 49.0 (flags = 0x41)
0   ... 
41  -O                                                                        (1 = 100.0%) {0.0%}
52  ... 

Histogram: Startup.Temperature recorded 1 samples, mean = 3.0 (flags = 0x41)
0  ... 
3  -O                                                                        (1 = 100.0%) {0.0%}
4  O                                                                         (0 = 0.0%) {100.0%}

Histogram: Storage.Blob.CreateDirectoryResult recorded 1 samples, mean = 0.0 (flags = 0x41)
0  -O                                                                        (1 = 100.0%)
1  ... 

Histogram: Storage.SessionStorage.RendererAreaCacheHit recorded 2 samples, mean = 1.0 (flags = 0x41)
0  -O                                                                        (1 = 50.0%)
1  O                                                                         (0 = 0.0%) {50.0%}
2  -O                                                                        (1 = 50.0%) {50.0%}
3  O                                                                         (0 = 0.0%) {100.0%}

Histogram: Storage.SharedStorage.Database.Timing.OpenImpl recorded 1 samples, mean = 15.0 (flags = 0x41)
0   ... 
14  -O                                                                        (1 = 100.0%) {0.0%}
17  ... 

Histogram: Storage.SharedStorage.OnShutdown.NumSqlErrors recorded 1 samples, mean = 0.0 (flags = 0x41)
0  -O                                                                        (1 = 100.0%)
1  ... 

Histogram: Storage.SharedStorage.OnShutdown.RecoveryFromInitFailureAttempted recorded 1 samples, mean = 0.0 (flags = 0x41)
0  -O                                                                        (1 = 100.0%)
1  ... 

Histogram: Storage.SharedStorage.OnShutdown.RecoveryOnDiskAttempted recorded 1 samples, mean = 0.0 (flags = 0x41)
0  -O                                                                        (1 = 100.0%)
1  ... 

Histogram: Storage.SharedStorage.Worklet.NumPerPage recorded 1 samples, mean = 0.0 (flags = 0x41)
0  -O                                                                        (1 = 100.0%)
1  ... 

Histogram: Storage.SharedStorage.Worklet.SelectURL.CallsPerPage recorded 1 samples, mean = 0.0 (flags = 0x41)
0  -O                                                                        (1 = 100.0%)
1  ... 

Histogram: Style.InvalidationTime recorded 2 samples, mean = 51.5 (flags = 0x41)
0   ... 
29  -O                                                                        (1 = 50.0%) {0.0%}
40  O                                                                         (0 = 0.0%) {50.0%}
55  -O                                                                        (1 = 50.0%) {50.0%}
76  ... 

Histogram: Style.RebuildLayoutTreeTime recorded 9 samples, mean = 254.9 (flags = 0x41)
0     ... 
8     -O                                                                        (1 = 11.1%) {0.0%}
11    ... 
21    -O                                                                        (1 = 11.1%) {11.1%}
29    --O                                                                       (2 = 22.2%) {22.2%}
40    ---O                                                                      (3 = 33.3%) {44.4%}
55    ... 
146   -O                                                                        (1 = 11.1%) {77.8%}
203   ... 
1447  -O                                                                        (1 = 11.1%) {88.9%}
2008  ... 

Histogram: Style.RecalcTime recorded 11 samples, mean = 1145.0 (flags = 0x41)
0     O                                                                         (0 = 0.0%)
1     -O                                                                        (1 = 9.1%) {0.0%}
2     ... 
29    -O                                                                        (1 = 9.1%) {9.1%}
40    -O                                                                        (1 = 9.1%) {18.2%}
55    ... 
105   --O                                                                       (2 = 18.2%) {27.3%}
146   -O                                                                        (1 = 9.1%) {45.5%}
203   -O                                                                        (1 = 9.1%) {54.5%}
282   ... 
1043  -O                                                                        (1 = 9.1%) {63.6%}
1447  O                                                                         (0 = 0.0%) {72.7%}
2008  -O                                                                        (1 = 9.1%) {72.7%}
2786  O                                                                         (0 = 0.0%) {81.8%}
3865  --O                                                                       (2 = 18.2%) {81.8%}
5362  ... 

Histogram: SubresourceFilter.MainFrameLoad.RulesetIsAvailableAnyActivationLevel recorded 1 samples, mean = 0.0 (flags = 0x41)
0  -O                                                                        (1 = 100.0%)
1  ... 

Histogram: SubresourceFilter.PageLoad.ActivationDecision recorded 1 samples, mean = 1.0 (flags = 0x41)
0  O                                                                         (0 = 0.0%)
1  -O                                                                        (1 = 100.0%) {0.0%}
2  ... 

Histogram: SubresourceFilter.PageLoad.ActivationList recorded 1 samples, mean = 0.0 (flags = 0x41)
0  -O                                                                        (1 = 100.0%)
1  ... 

Histogram: SubresourceFilter.PageLoad.ActivationState recorded 2 samples, mean = 0.0 (flags = 0x41)
0  --O                                                                       (2 = 100.0%)
1  ... 

Histogram: SubresourceFilter.PageLoad.SafeBrowsingDelay recorded 1 samples, mean = 0.0 (flags = 0x41)
0  -O                                                                        (1 = 100.0%)
1  ... 

Histogram: SubresourceFilter.SafeBrowsing.TotalCheckTime recorded 3 samples, mean = 0.0 (flags = 0x41)
0  ---O                                                                      (3 = 100.0%)
1  ... 

Histogram: Sync.FeatureStatusForSyncToSigninMigration recorded 1 samples, mean = 0.0 (flags = 0x41)
0  -O                                                                        (1 = 100.0%)
1  ... 

Histogram: Sync.InitialState2 recorded 1 samples, mean = 1.0 (flags = 0x41)
0  O                                                                         (0 = 0.0%)
1  -O                                                                        (1 = 100.0%) {0.0%}
2  ... 

Histogram: Sync.Local.Enabled2 recorded 1 samples, mean = 0.0 (flags = 0x41)
0  -O                                                                        (1 = 100.0%)
1  ... 

Histogram: Sync.ModelTypeStoreBackendError.ReadRecords recorded 22 samples, mean = 1.0 (flags = 0x41)
0  O                                                                         (0 = 0.0%)
1  ----------------------O                                                   (22 = 100.0%) {0.0%}
2  ... 

Histogram: Sync.ModelTypeStoreBackendInitializationSuccess recorded 1 samples, mean = 1.0 (flags = 0x41)
0  O                                                                         (0 = 0.0%)
1  -O                                                                        (1 = 100.0%) {0.0%}
2  O                                                                         (0 = 0.0%) {100.0%}

Histogram: Sync.PassphraseType2 recorded 1 samples, mean = 0.0 (flags = 0x41)
0  -O                                                                        (1 = 100.0%)
1  ... 

Histogram: Sync.Startup.AccountInfoFullyLoaded2 recorded 1 samples, mean = 0.0 (flags = 0x41)
0  -O                                                                        (1 = 100.0%)
1  ... 

Histogram: Sync.Startup.SignedInWithoutAccountInfo2 recorded 1 samples, mean = 0.0 (flags = 0x41)
0  -O                                                                        (1 = 100.0%)
1  ... 

Histogram: Sync.SyncToSigninMigrationDecision recorded 1 samples, mean = 1.0 (flags = 0x41)
0  O                                                                         (0 = 0.0%)
1  -O                                                                        (1 = 100.0%) {0.0%}
2  ... 

Histogram: Sync.TrustedVaultFileReadStatus recorded 1 samples, mean = 1.0 (flags = 0x41)
0  O                                                                         (0 = 0.0%)
1  -O                                                                        (1 = 100.0%) {0.0%}
2  ... 

Histogram: Sync.TrustedVaultFileWriteSuccess recorded 1 samples, mean = 1.0 (flags = 0x41)
0  O                                                                         (0 = 0.0%)
1  -O                                                                        (1 = 100.0%) {0.0%}
2  O                                                                         (0 = 0.0%) {100.0%}

Histogram: TabGroups.CollapsedGroupCountPerLoad recorded 1 samples, mean = 0.0 (flags = 0x41)
0  -O                                                                        (1 = 100.0%)
1  ... 

Histogram: TabGroups.ParseSavedTabGroupDataEntries.ParseFailurePercentage recorded 1 samples, mean = 0.0 (flags = 0x41)
0  -O                                                                        (1 = 100.0%)
1  ... 

Histogram: TabGroups.SavedTabGroupActiveCount recorded 2 samples, mean = 0.0 (flags = 0x41)
0  --O                                                                       (2 = 100.0%)
1  ... 

Histogram: TabGroups.SavedTabGroupCount recorded 2 samples, mean = 0.0 (flags = 0x41)
0  --O                                                                       (2 = 100.0%)
1  ... 

Histogram: TabGroups.SavedTabGroupPinnedCount recorded 2 samples, mean = 0.0 (flags = 0x41)
0  --O                                                                       (2 = 100.0%)
1  ... 

Histogram: TabGroups.SavedTabGroupSyncBridge.MigrationResult recorded 6 samples, mean = 6.3 (flags = 0x41)
0   O                                                                         (0 = 0.0%)
1   -O                                                                        (1 = 16.7%) {0.0%}
2   O                                                                         (0 = 0.0%) {16.7%}
3   -O                                                                        (1 = 16.7%) {16.7%}
4   -O                                                                        (1 = 16.7%) {33.3%}
5   ... 
7   -O                                                                        (1 = 16.7%) {50.0%}
8   -O                                                                        (1 = 16.7%) {66.7%}
9   ... 
15  -O                                                                        (1 = 16.7%) {83.3%}
16  O                                                                         (0 = 0.0%) {100.0%}

Histogram: TabGroups.SavedTabGroupUnpinnedCount recorded 2 samples, mean = 0.0 (flags = 0x41)
0  --O                                                                       (2 = 100.0%)
1  ... 

Histogram: TabGroups.UnsavedTabGroupCount recorded 2 samples, mean = 0.0 (flags = 0x41)
0  --O                                                                       (2 = 100.0%)
1  ... 

Histogram: TabGroups.UserCustomizedGroupCountPerLoad recorded 1 samples, mean = 0.0 (flags = 0x41)
0  -O                                                                        (1 = 100.0%)
1  ... 

Histogram: TabGroups.UserGroupCountPerLoad recorded 1 samples, mean = 0.0 (flags = 0x41)
0  -O                                                                        (1 = 100.0%)
1  ... 

Histogram: TabGroups.UserPinnedTabCountPerLoad recorded 1 samples, mean = 0.0 (flags = 0x41)
0  -O                                                                        (1 = 100.0%)
1  ... 

Histogram: Tabs.NewNavigationWithSameOriginTab recorded 1 samples, mean = 0.0 (flags = 0x41)
0  -O                                                                        (1 = 100.0%)
1  ... 

Histogram: Tabs.TabCount recorded 33 samples, mean = 0.0 (flags = 0x41)
0  ---------------------------------O                                        (33 = 100.0%)
1  ... 

Histogram: Tabs.TabCount.PluggedIn recorded 33 samples, mean = 0.0 (flags = 0x41)
0  ---------------------------------O                                        (33 = 100.0%)
1  ... 

Histogram: Tabs.TabCountPerLoad recorded 1 samples, mean = 0.0 (flags = 0x41)
0  -O                                                                        (1 = 100.0%)
1  ... 

Histogram: Tabs.WindowCount recorded 33 samples, mean = 0.0 (flags = 0x41)
0  ---------------------------------O                                        (33 = 100.0%)
1  ... 

Histogram: Tabs.WindowCount.PluggedIn recorded 33 samples, mean = 0.0 (flags = 0x41)
0  ---------------------------------O                                        (33 = 100.0%)
1  ... 

Histogram: ThirdPartyModules.InputMethodEditorsCount recorded 1 samples, mean = 0.0 (flags = 0x41)
0  -O                                                                        (1 = 100.0%)
1  ... 

Histogram: ThreadPool.UnnecessaryWakeup.Browser.Background recorded 5 samples, mean = 1.0 (flags = 0x41)
0  O                                                                         (0 = 0.0%)
1  -----O                                                                    (5 = 100.0%) {0.0%}
2  O                                                                         (0 = 0.0%) {100.0%}

Histogram: ThreadPool.UnnecessaryWakeup.Browser.Foreground recorded 84 samples, mean = 1.0 (flags = 0x41)
0  O                                                                         (0 = 0.0%)
1  ------------------------------------------------------------------------O (84 = 100.0%) {0.0%}
2  O                                                                         (0 = 0.0%) {100.0%}

Histogram: ThreadPool.UnnecessaryWakeup.GPU.Foreground recorded 2 samples, mean = 1.0 (flags = 0x41)
0  O                                                                         (0 = 0.0%)
1  --O                                                                       (2 = 100.0%) {0.0%}
2  O                                                                         (0 = 0.0%) {100.0%}

Histogram: ThreadPool.UnnecessaryWakeup.Renderer.Foreground recorded 69 samples, mean = 1.0 (flags = 0x41)
0  O                                                                         (0 = 0.0%)
1  ---------------------------------------------------------------------O    (69 = 100.0%) {0.0%}
2  O                                                                         (0 = 0.0%) {100.0%}

Histogram: Translate.ApplicationStart.AlwaysTranslateLanguage.Count recorded 1 samples, mean = 0.0 (flags = 0x41)
0  -O                                                                        (1 = 100.0%)
1  ... 

Histogram: Translate.ApplicationStart.NeverTranslateLanguage recorded 1 samples (flags = 0x41)
-74147910-O                                                                        (1 = 100.0%)

Histogram: Translate.ApplicationStart.NeverTranslateLanguage.Count recorded 1 samples, mean = 1.0 (flags = 0x41)
0  O                                                                         (0 = 0.0%)
1  -O                                                                        (1 = 100.0%) {0.0%}
2  ... 

Histogram: Translate.ApplicationStart.NeverTranslateSite.Count recorded 1 samples, mean = 0.0 (flags = 0x41)
0  -O                                                                        (1 = 100.0%)
1  ... 

Histogram: Translate.LanguageDetection.LanguageVerification recorded 1 samples, mean = 2.0 (flags = 0x41)
0  ... 
2  -O                                                                        (1 = 100.0%) {0.0%}
3  ... 

Histogram: Translate.LanguageDeterminedDuration recorded 1 samples, mean = 255.0 (flags = 0x41)
0    ... 
217  -O                                                                        (1 = 100.0%) {0.0%}
294  ... 

Histogram: Translate.PageLoad.FinalSourceLanguage recorded 1 samples (flags = 0x41)
-74147910-O                                                                        (1 = 100.0%)

Histogram: Translate.PageLoad.FinalState recorded 1 samples, mean = 1.0 (flags = 0x41)
0  O                                                                         (0 = 0.0%)
1  -O                                                                        (1 = 100.0%) {0.0%}
2  ... 

Histogram: Translate.PageLoad.FinalTargetLanguage recorded 1 samples (flags = 0x41)
-74147910-O                                                                        (1 = 100.0%)

Histogram: Translate.PageLoad.InitialSourceLanguage recorded 1 samples (flags = 0x41)
-74147910-O                                                                        (1 = 100.0%)

Histogram: Translate.PageLoad.InitialState recorded 1 samples, mean = 1.0 (flags = 0x41)
0  O                                                                         (0 = 0.0%)
1  -O                                                                        (1 = 100.0%) {0.0%}
2  ... 

Histogram: Translate.PageLoad.InitialTargetLanguage recorded 1 samples (flags = 0x41)
-74147910-O                                                                        (1 = 100.0%)

Histogram: Translate.PageLoad.InitialTargetLanguage.Origin recorded 1 samples, mean = 1.0 (flags = 0x41)
0  O                                                                         (0 = 0.0%)
1  -O                                                                        (1 = 100.0%) {0.0%}
2  ... 

Histogram: Translate.PageLoad.IsInitialSourceLanguageInUsersContentLanguages recorded 1 samples, mean = 1.0 (flags = 0x41)
0  O                                                                         (0 = 0.0%)
1  -O                                                                        (1 = 100.0%) {0.0%}
2  O                                                                         (0 = 0.0%) {100.0%}

Histogram: Translate.PageLoad.NumReversions recorded 1 samples, mean = 0.0 (flags = 0x41)
0  -O                                                                        (1 = 100.0%)
1  ... 

Histogram: Translate.PageLoad.NumTargetLanguageChanges recorded 1 samples, mean = 0.0 (flags = 0x41)
0  -O                                                                        (1 = 100.0%)
1  ... 

Histogram: Translate.PageLoad.NumTranslations recorded 1 samples, mean = 0.0 (flags = 0x41)
0  -O                                                                        (1 = 100.0%)
1  ... 

Histogram: Translate.PageLoad.Ranker.Decision recorded 1 samples, mean = 1.0 (flags = 0x41)
0  O                                                                         (0 = 0.0%)
1  -O                                                                        (1 = 100.0%) {0.0%}
2  ... 

Histogram: Translate.PageLoad.Ranker.Version recorded 1 samples (flags = 0x41)
0  -O                                                                        (1 = 100.0%)

Histogram: Translate.PageLoad.TriggerDecision recorded 1 samples, mean = 4.0 (flags = 0x41)
0  ... 
4  -O                                                                        (1 = 100.0%) {0.0%}
5  ... 

Histogram: Translate.Ranker.Model.Status2 recorded 2 samples, mean = 6.5 (flags = 0x41)
0  ... 
6  -O                                                                        (1 = 50.0%) {0.0%}
7  -O                                                                        (1 = 50.0%) {50.0%}
8  O                                                                         (0 = 0.0%) {100.0%}

Histogram: UI.DeviceScale recorded 2 samples (flags = 0x41)
150  -O                                                                        (1 = 50.0%)
175  -O                                                                        (1 = 50.0%)

Histogram: UKM.ConsentObserver.Purge recorded 1 samples, mean = 0.0 (flags = 0x41)
0  -O                                                                        (1 = 100.0%)
1  ... 

Histogram: UKM.Entries.Dropped recorded 263 samples, mean = 1.0 (flags = 0x41)
0  O                                                                         (0 = 0.0%)
1  ------------------------------------------------------------------------O (263 = 100.0%) {0.0%}
2  ... 

Histogram: UKM.Entries.Dropped.ByEntryHash recorded 263 samples (flags = 0x41)
58315124    -O                                                                        (1 = 0.4%)
181657211   --O                                                                       (2 = 0.8%)
189164898   -O                                                                        (1 = 0.4%)
251237400   -O                                                                        (1 = 0.4%)
270025173   -O                                                                        (1 = 0.4%)
277070773   -O                                                                        (1 = 0.4%)
385121421   -O                                                                        (1 = 0.4%)
480593958   --O                                                                       (2 = 0.8%)
532600439   ---O                                                                      (3 = 1.1%)
575234402   -O                                                                        (1 = 0.4%)
624513781   -O                                                                        (1 = 0.4%)
654949485   -------O                                                                  (8 = 3.0%)
661477988   -O                                                                        (1 = 0.4%)
705322609   ---O                                                                      (3 = 1.1%)
805578149   -O                                                                        (1 = 0.4%)
810755299   -O                                                                        (1 = 0.4%)
828084724   ------------------------------------------------------------------------O (83 = 31.6%)
854760832   -O                                                                        (1 = 0.4%)
888761441   -O                                                                        (1 = 0.4%)
902138984   ---O                                                                      (4 = 1.5%)
938382174   -O                                                                        (1 = 0.4%)
986870865   ---O                                                                      (4 = 1.5%)
1004547038  -O                                                                        (1 = 0.4%)
1035062417  -O                                                                        (1 = 0.4%)
1078164680  --O                                                                       (2 = 0.8%)
1149114043  -O                                                                        (1 = 0.4%)
1262170432  ------O                                                                   (7 = 2.7%)
1321082436  --O                                                                       (2 = 0.8%)
1350795912  -O                                                                        (1 = 0.4%)
1354891390  -O                                                                        (1 = 0.4%)
1404242571  ------------------------------------------------------------------------O (83 = 31.6%)
1548358279  -O                                                                        (1 = 0.4%)
1576109827  -O                                                                        (1 = 0.4%)
1604233346  -------O                                                                  (8 = 3.0%)
1607081943  -O                                                                        (1 = 0.4%)
1645426679  -----O                                                                    (6 = 2.3%)
1663717192  -O                                                                        (1 = 0.4%)
1767609109  ----------O                                                               (11 = 4.2%)
1790338714  -O                                                                        (1 = 0.4%)
1832900131  ---O                                                                      (4 = 1.5%)
1866365893  -O                                                                        (1 = 0.4%)
1871083634  -O                                                                        (1 = 0.4%)
1982793904  -O                                                                        (1 = 0.4%)
2037740339  ---O                                                                      (3 = 1.1%)
2066033668  -O                                                                        (1 = 0.4%)

Histogram: UKM.PersistentLogRecall.Status recorded 1 samples, mean = 1.0 (flags = 0x41)
0  O                                                                         (0 = 0.0%)
1  -O                                                                        (1 = 100.0%) {0.0%}
2  ... 

Histogram: UKM.Sources.Dropped recorded 7 samples, mean = 1.0 (flags = 0x41)
0  O                                                                         (0 = 0.0%)
1  -------O                                                                  (7 = 100.0%) {0.0%}
2  ... 

Histogram: UKM.WebDXFeatureSets.Dropped recorded 2 samples, mean = 1.0 (flags = 0x41)
0  O                                                                         (0 = 0.0%)
1  --O                                                                       (2 = 100.0%) {0.0%}
2  ... 

Histogram: UMA.ChildProcess.Ping.Periodic recorded 39 samples, mean = 1.0 (flags = 0x41)
0  -------------O                                                            (13 = 33.3%)
1  -------------O                                                            (13 = 33.3%) {33.3%}
2  -------------O                                                            (13 = 33.3%) {66.7%}
3  O                                                                         (0 = 0.0%) {100.0%}

Histogram: UMA.ChildProcess.Ping.SharedMemorySetUp recorded 22 samples, mean = 1.0 (flags = 0x41)
0  --------O                                                                 (8 = 36.4%)
1  -------O                                                                  (7 = 31.8%) {36.4%}
2  -------O                                                                  (7 = 31.8%) {68.2%}
3  O                                                                         (0 = 0.0%) {100.0%}

Histogram: UMA.CleanExitBeaconConsistency3 recorded 1 samples, mean = 6.0 (flags = 0x41)
0  ... 
6  -O                                                                        (1 = 100.0%) {0.0%}
7  ... 

Histogram: UMA.EntropySourceType recorded 1 samples, mean = 1.0 (flags = 0x41)
0  O                                                                         (0 = 0.0%)
1  -O                                                                        (1 = 100.0%) {0.0%}
2  ... 

Histogram: UMA.LocalHistogram recorded 9 samples, mean = 1.0 (flags = 0x40)
0  O                                                                         (0 = 0.0%)
1  ---------O                                                                (9 = 100.0%) {0.0%}
2  O                                                                         (0 = 0.0%) {100.0%}

Histogram: UMA.MachineIdState recorded 1 samples, mean = 1.0 (flags = 0x41)
0  O                                                                         (0 = 0.0%)
1  -O                                                                        (1 = 100.0%) {0.0%}
2  ... 

Histogram: UMA.MetricsService.Initialize.Time recorded 1 samples, mean = 57.0 (flags = 0x41)
0   ... 
49  -O                                                                        (1 = 100.0%) {0.0%}
65  ... 

Histogram: UMA.MetricsService.PendingOngoingLogOnDisable recorded 1 samples, mean = 0.0 (flags = 0x41)
0  -O                                                                        (1 = 100.0%)
1  ... 

Histogram: UMA.PersistentAllocator.BrowserMetrics.Errors recorded 0 samples (flags = 0x41)
0 ... 

Histogram: UMA.PersistentAllocator.BrowserMetrics.UsedPct recorded 0 samples (flags = 0x41)
0 ... 

Histogram: UMA.PersistentAllocator.EarlyHistograms.BrowserMetrics recorded 1 samples, mean = 1.0 (flags = 0x41)
0  O                                                                         (0 = 0.0%)
1  -O                                                                        (1 = 100.0%) {0.0%}
2  ... 

Histogram: UMA.PersistentAllocator.EarlyHistograms.GpuMetrics recorded 1 samples, mean = 25.0 (flags = 0x41)
0   ... 
25  -O                                                                        (1 = 100.0%) {0.0%}
26  ... 

Histogram: UMA.PersistentAllocator.EarlyHistograms.RendererMetrics recorded 3 samples, mean = 28.7 (flags = 0x41)
0   ... 
25  -O                                                                        (1 = 33.3%) {0.0%}
26  ... 
30  --O                                                                       (2 = 66.7%) {33.3%}
32  ... 

Histogram: UMA.PersistentAllocator.EarlyHistograms.UtilityMetrics recorded 3 samples, mean = 11.0 (flags = 0x41)
0   ... 
7   --O                                                                       (2 = 66.7%) {0.0%}
8   ... 
19  -O                                                                        (1 = 33.3%) {66.7%}
20  ... 

Histogram: UMA.PersistentAllocator.FieldTrialAllocator.Errors recorded 0 samples (flags = 0x41)
0 ... 

Histogram: UMA.PersistentAllocator.FieldTrialAllocator.UsedPct recorded 8 samples, mean = 0.0 (flags = 0x41)
0  --------O                                                                 (8 = 100.0%)
1  ... 

Histogram: UMA.PersistentHistograms.InitResult recorded 1 samples, mean = 2.0 (flags = 0x41)
0  ... 
2  -O                                                                        (1 = 100.0%) {0.0%}
3  ... 

Histogram: UMA.Pseudo.PageLoad.LayoutInstability.CumulativeShiftScore recorded 1 samples, mean = 0.0 (flags = 0x41)
0  -O                                                                        (1 = 100.0%)
1  ... 

Histogram: UMA.Pseudo.PageLoad.LayoutInstability.MaxCumulativeShiftScore.SessionWindow.Gap1000ms.Max5000ms2 recorded 1 samples, mean = 0.0 (flags = 0x41)
0  -O                                                                        (1 = 100.0%)
1  ... 

Histogram: UnifiedConsent.MakeSearchesAndBrowsingBetter.OnProfileLoad recorded 1 samples, mean = 0.0 (flags = 0x41)
0  -O                                                                        (1 = 100.0%)
1  ... 

Histogram: UpdateClient.Component.UpdateCheckResult recorded 19 samples, mean = 3.0 (flags = 0x41)
0  ... 
3  -------------------O                                                      (19 = 100.0%) {0.0%}
4  O                                                                         (0 = 0.0%) {100.0%}

Histogram: V8.CollectSourcePositions recorded 32 samples, mean = 48.1 (flags = 0x41)
0    ... 
2    -O                                                                        (1 = 3.1%) {0.0%}
3    -O                                                                        (1 = 3.1%) {3.1%}
4    -O                                                                        (1 = 3.1%) {6.2%}
5    ---O                                                                      (3 = 9.4%) {9.4%}
7    -O                                                                        (1 = 3.1%) {18.8%}
9    O                                                                         (0 = 0.0%) {21.9%}
12   ---O                                                                      (3 = 9.4%) {21.9%}
16   --O                                                                       (2 = 6.2%) {31.2%}
21   --O                                                                       (2 = 6.2%) {37.5%}
28   ---O                                                                      (3 = 9.4%) {43.8%}
37   ------O                                                                   (6 = 18.8%) {53.1%}
49   ---O                                                                      (3 = 9.4%) {71.9%}
65   --O                                                                       (2 = 6.2%) {81.2%}
86   O                                                                         (0 = 0.0%) {87.5%}
113  -O                                                                        (1 = 3.1%) {87.5%}
149  --O                                                                       (2 = 6.2%) {90.6%}
196  -O                                                                        (1 = 3.1%) {96.9%}
258  ... 

Histogram: V8.CompileLazyMicroSeconds recorded 14 samples, mean = 1218.9 (flags = 0x41)
0      ... 
11     --O                                                                       (2 = 14.3%) {0.0%}
15     ---O                                                                      (3 = 21.4%) {14.3%}
21     -O                                                                        (1 = 7.1%) {35.7%}
29     -O                                                                        (1 = 7.1%) {42.9%}
40     -O                                                                        (1 = 7.1%) {50.0%}
55     -O                                                                        (1 = 7.1%) {57.1%}
76     ... 
203    -O                                                                        (1 = 7.1%) {64.3%}
282    ... 
1043   --O                                                                       (2 = 14.3%) {71.4%}
1447   ... 
2786   -O                                                                        (1 = 7.1%) {85.7%}
3865   ... 
10321  -O                                                                        (1 = 7.1%) {92.9%}
14319  ... 

Histogram: V8.CompileMicroSeconds recorded 22 samples, mean = 25.0 (flags = 0x41)
0    O                                                                         (0 = 0.0%)
1    -O                                                                        (1 = 4.5%) {0.0%}
2    -----O                                                                    (5 = 22.7%) {4.5%}
3    ---O                                                                      (3 = 13.6%) {27.3%}
4    --O                                                                       (2 = 9.1%) {40.9%}
5    ... 
9    -O                                                                        (1 = 4.5%) {50.0%}
12   ----O                                                                     (4 = 18.2%) {54.5%}
16   --O                                                                       (2 = 9.1%) {72.7%}
21   --O                                                                       (2 = 9.1%) {81.8%}
28   ... 
149  --O                                                                       (2 = 9.1%) {90.9%}
196  ... 

Histogram: V8.CompileScript.CacheBehaviour recorded 48 samples, mean = 9.2 (flags = 0x41)
0   ... 
4   ----------------O                                                         (16 = 33.3%) {0.0%}
5   ... 
8   --O                                                                       (2 = 4.2%) {33.3%}
9   ... 
12  --------------------------O                                               (26 = 54.2%) {37.5%}
13  ----O                                                                     (4 = 8.3%) {91.7%}
14  ... 

Histogram: V8.CompileScriptMicroSeconds recorded 48 samples, mean = 42.2 (flags = 0x41)
0    O                                                                         (0 = 0.0%)
1    ---O                                                                      (3 = 6.2%) {0.0%}
2    ----O                                                                     (4 = 8.3%) {6.2%}
3    --O                                                                       (2 = 4.2%) {14.6%}
4    ----O                                                                     (4 = 8.3%) {18.8%}
5    ----O                                                                     (4 = 8.3%) {27.1%}
7    ------O                                                                   (6 = 12.5%) {35.4%}
9    ----O                                                                     (4 = 8.3%) {47.9%}
12   ---O                                                                      (3 = 6.2%) {56.2%}
16   -----O                                                                    (5 = 10.4%) {62.5%}
21   -O                                                                        (1 = 2.1%) {72.9%}
28   ---O                                                                      (3 = 6.2%) {75.0%}
37   --O                                                                       (2 = 4.2%) {81.2%}
49   --O                                                                       (2 = 4.2%) {85.4%}
65   --O                                                                       (2 = 4.2%) {89.6%}
86   ... 
258  -O                                                                        (1 = 2.1%) {93.8%}
340  -O                                                                        (1 = 2.1%) {95.8%}
448  -O                                                                        (1 = 2.1%) {97.9%}
590  ... 

Histogram: V8.CompileScriptMicroSeconds.BackgroundThread recorded 26 samples, mean = 2017.6 (flags = 0x41)
0     ... 
65    -O                                                                        (1 = 3.8%) {0.0%}
86    -O                                                                        (1 = 3.8%) {3.8%}
113   -O                                                                        (1 = 3.8%) {7.7%}
149   ---O                                                                      (3 = 11.5%) {11.5%}
196   --O                                                                       (2 = 7.7%) {23.1%}
258   ... 
448   -O                                                                        (1 = 3.8%) {30.8%}
590   ----O                                                                     (4 = 15.4%) {34.6%}
777   -O                                                                        (1 = 3.8%) {50.0%}
1023  -O                                                                        (1 = 3.8%) {53.8%}
1347  O                                                                         (0 = 0.0%) {57.7%}
1774  --O                                                                       (2 = 7.7%) {57.7%}
2336  ---O                                                                      (3 = 11.5%) {65.4%}
3077  -O                                                                        (1 = 3.8%) {76.9%}
4053  -O                                                                        (1 = 3.8%) {80.8%}
5338  ---O                                                                      (3 = 11.5%) {84.6%}
7031  -O                                                                        (1 = 3.8%) {96.2%}
9260  ... 

Histogram: V8.CompileScriptMicroSeconds.NoCache.InlineScript recorded 16 samples, mean = 44.8 (flags = 0x41)
0    ... 
7    --O                                                                       (2 = 12.5%) {0.0%}
9    -O                                                                        (1 = 6.2%) {12.5%}
12   --O                                                                       (2 = 12.5%) {18.8%}
16   ----O                                                                     (4 = 25.0%) {31.2%}
21   -O                                                                        (1 = 6.2%) {56.2%}
28   O                                                                         (0 = 0.0%) {62.5%}
37   -O                                                                        (1 = 6.2%) {62.5%}
49   --O                                                                       (2 = 12.5%) {68.8%}
65   --O                                                                       (2 = 12.5%) {81.2%}
86   ... 
258  -O                                                                        (1 = 6.2%) {93.8%}
340  ... 

Histogram: V8.CompileScriptMicroSeconds.NoCache.Other recorded 6 samples, mean = 197.0 (flags = 0x41)
0    ... 
28   ---O                                                                      (3 = 50.0%) {0.0%}
37   -O                                                                        (1 = 16.7%) {50.0%}
49   ... 
448  -O                                                                        (1 = 16.7%) {66.7%}
590  -O                                                                        (1 = 16.7%) {83.3%}
777  ... 

Histogram: V8.CompileScriptMicroSeconds.StreamingFinalization recorded 26 samples, mean = 5.8 (flags = 0x41)
0   O                                                                         (0 = 0.0%)
1   ---O                                                                      (3 = 11.5%) {0.0%}
2   ----O                                                                     (4 = 15.4%) {11.5%}
3   --O                                                                       (2 = 7.7%) {26.9%}
4   ----O                                                                     (4 = 15.4%) {34.6%}
5   -O                                                                        (1 = 3.8%) {50.0%}
7   -------O                                                                  (7 = 26.9%) {53.8%}
9   ---O                                                                      (3 = 11.5%) {80.8%}
12  -O                                                                        (1 = 3.8%) {92.3%}
16  -O                                                                        (1 = 3.8%) {96.2%}
21  ... 

Histogram: V8.ErrorsThrownPerContext recorded 1 samples, mean = 0.0 (flags = 0x41)
0  -O                                                                        (1 = 100.0%)
1  ... 

Histogram: V8.GC.Cycle.CollectionRate.Full recorded 1 samples, mean = 86.0 (flags = 0x41)
0   ... 
80  -O                                                                        (1 = 100.0%) {0.0%}
100 O                                                                         (0 = 0.0%) {100.0%}

Histogram: V8.GC.Cycle.CollectionRate.Full.Cpp recorded 1 samples, mean = 54.0 (flags = 0x41)
0   ... 
51  -O                                                                        (1 = 100.0%) {0.0%}
64  ... 

Histogram: V8.GC.Cycle.CollectionRate.Young recorded 11 samples, mean = 36.4 (flags = 0x41)
0   ... 
14  -O                                                                        (1 = 9.1%) {0.0%}
17  -O                                                                        (1 = 9.1%) {9.1%}
21  -O                                                                        (1 = 9.1%) {18.2%}
26  O                                                                         (0 = 0.0%) {27.3%}
33  -----O                                                                    (5 = 45.5%) {27.3%}
41  --O                                                                       (2 = 18.2%) {72.7%}
51  -O                                                                        (1 = 9.1%) {90.9%}
64  ... 

Histogram: V8.GC.Cycle.CollectionWeight.Full recorded 1 samples, mean = 0.0 (flags = 0x41)
0  -O                                                                        (1 = 100.0%)
1  ... 

Histogram: V8.GC.Cycle.CollectionWeight.Full.Cpp recorded 1 samples, mean = 0.0 (flags = 0x41)
0  -O                                                                        (1 = 100.0%)
1  ... 

Histogram: V8.GC.Cycle.CollectionWeight.MainThread.Full recorded 1 samples, mean = 0.0 (flags = 0x41)
0  -O                                                                        (1 = 100.0%)
1  ... 

Histogram: V8.GC.Cycle.CollectionWeight.MainThread.Full.Cpp recorded 1 samples, mean = 0.0 (flags = 0x41)
0  -O                                                                        (1 = 100.0%)
1  ... 

Histogram: V8.GC.Cycle.Efficiency.Full recorded 1 samples, mean = 55.0 (flags = 0x41)
0   ... 
48  -O                                                                        (1 = 100.0%) {0.0%}
65  ... 

Histogram: V8.GC.Cycle.Efficiency.Full.Cpp recorded 1 samples, mean = 204.0 (flags = 0x41)
0    ... 
163  -O                                                                        (1 = 100.0%) {0.0%}
222  ... 

Histogram: V8.GC.Cycle.Efficiency.MainThread.Full recorded 1 samples, mean = 187.0 (flags = 0x41)
0    ... 
163  -O                                                                        (1 = 100.0%) {0.0%}
222  ... 

Histogram: V8.GC.Cycle.Efficiency.MainThread.Full.Cpp recorded 1 samples, mean = 456.0 (flags = 0x41)
0    ... 
411  -O                                                                        (1 = 100.0%) {0.0%}
559  ... 

Histogram: V8.GC.Cycle.Efficiency.MainThread.Young recorded 11 samples, mean = 2588.0 (flags = 0x41)
0     ... 
559   -O                                                                        (1 = 9.1%) {0.0%}
760   --O                                                                       (2 = 18.2%) {9.1%}
1034  O                                                                         (0 = 0.0%) {27.3%}
1407  --O                                                                       (2 = 18.2%) {27.3%}
1914  -O                                                                        (1 = 9.1%) {45.5%}
2604  ---O                                                                      (3 = 27.3%) {54.5%}
3542  O                                                                         (0 = 0.0%) {81.8%}
4818  -O                                                                        (1 = 9.1%) {81.8%}
6554  -O                                                                        (1 = 9.1%) {90.9%}
8915  ... 

Histogram: V8.GC.Cycle.Efficiency.Young recorded 11 samples, mean = 1097.9 (flags = 0x41)
0     ... 
302   -O                                                                        (1 = 9.1%) {0.0%}
411   --O                                                                       (2 = 18.2%) {9.1%}
559   --O                                                                       (2 = 18.2%) {27.3%}
760   ---O                                                                      (3 = 27.3%) {45.5%}
1034  -O                                                                        (1 = 9.1%) {72.7%}
1407  O                                                                         (0 = 0.0%) {81.8%}
1914  -O                                                                        (1 = 9.1%) {81.8%}
2604  -O                                                                        (1 = 9.1%) {90.9%}
3542  ... 

Histogram: V8.GC.Cycle.Full recorded 1 samples, mean = 35.0 (flags = 0x41)
0   ... 
34  -O                                                                        (1 = 100.0%) {0.0%}
40  ... 

Histogram: V8.GC.Cycle.Full.Compact recorded 1 samples, mean = 3.0 (flags = 0x41)
0  ... 
3  -O                                                                        (1 = 100.0%) {0.0%}
4  ... 

Histogram: V8.GC.Cycle.Full.Compact.Cpp recorded 1 samples, mean = 1.0 (flags = 0x41)
0  O                                                                         (0 = 0.0%)
1  -O                                                                        (1 = 100.0%) {0.0%}
2  ... 

Histogram: V8.GC.Cycle.Full.Cpp recorded 1 samples, mean = 21.0 (flags = 0x41)
0   ... 
20  -O                                                                        (1 = 100.0%) {0.0%}
24  ... 

Histogram: V8.GC.Cycle.Full.Mark recorded 1 samples, mean = 24.0 (flags = 0x41)
0   ... 
24  -O                                                                        (1 = 100.0%) {0.0%}
29  ... 

Histogram: V8.GC.Cycle.Full.Mark.Cpp recorded 1 samples, mean = 15.0 (flags = 0x41)
0   ... 
14  -O                                                                        (1 = 100.0%) {0.0%}
17  ... 

Histogram: V8.GC.Cycle.Full.Sweep recorded 1 samples, mean = 3.0 (flags = 0x41)
0  ... 
3  -O                                                                        (1 = 100.0%) {0.0%}
4  ... 

Histogram: V8.GC.Cycle.Full.Sweep.Cpp recorded 1 samples, mean = 4.0 (flags = 0x41)
0  ... 
4  -O                                                                        (1 = 100.0%) {0.0%}
5  ... 

Histogram: V8.GC.Cycle.Full.Weak recorded 1 samples, mean = 0.0 (flags = 0x41)
0  -O                                                                        (1 = 100.0%)
1  ... 

Histogram: V8.GC.Cycle.Full.Weak.Cpp recorded 1 samples, mean = 0.0 (flags = 0x41)
0  -O                                                                        (1 = 100.0%)
1  ... 

Histogram: V8.GC.Cycle.MainThread.Full recorded 1 samples, mean = 10.0 (flags = 0x41)
0   ... 
10  -O                                                                        (1 = 100.0%) {0.0%}
12  ... 

Histogram: V8.GC.Cycle.MainThread.Full.Atomic recorded 1 samples, mean = 6.0 (flags = 0x41)
0  ... 
6  -O                                                                        (1 = 100.0%) {0.0%}
7  ... 

Histogram: V8.GC.Cycle.MainThread.Full.Atomic.Compact recorded 1 samples, mean = 1.0 (flags = 0x41)
0  O                                                                         (0 = 0.0%)
1  -O                                                                        (1 = 100.0%) {0.0%}
2  ... 

Histogram: V8.GC.Cycle.MainThread.Full.Atomic.Compact.Cpp recorded 1 samples, mean = 1.0 (flags = 0x41)
0  O                                                                         (0 = 0.0%)
1  -O                                                                        (1 = 100.0%) {0.0%}
2  ... 

Histogram: V8.GC.Cycle.MainThread.Full.Atomic.Cpp recorded 1 samples, mean = 2.0 (flags = 0x41)
0  ... 
2  -O                                                                        (1 = 100.0%) {0.0%}
3  ... 

Histogram: V8.GC.Cycle.MainThread.Full.Atomic.Mark recorded 1 samples, mean = 0.0 (flags = 0x41)
0  -O                                                                        (1 = 100.0%)
1  ... 

Histogram: V8.GC.Cycle.MainThread.Full.Atomic.Mark.Cpp recorded 1 samples, mean = 0.0 (flags = 0x41)
0  -O                                                                        (1 = 100.0%)
1  ... 

Histogram: V8.GC.Cycle.MainThread.Full.Atomic.Sweep recorded 1 samples, mean = 0.0 (flags = 0x41)
0  -O                                                                        (1 = 100.0%)
1  ... 

Histogram: V8.GC.Cycle.MainThread.Full.Atomic.Sweep.Cpp recorded 1 samples, mean = 0.0 (flags = 0x41)
0  -O                                                                        (1 = 100.0%)
1  ... 

Histogram: V8.GC.Cycle.MainThread.Full.Atomic.Weak recorded 1 samples, mean = 0.0 (flags = 0x41)
0  -O                                                                        (1 = 100.0%)
1  ... 

Histogram: V8.GC.Cycle.MainThread.Full.Atomic.Weak.Cpp recorded 1 samples, mean = 0.0 (flags = 0x41)
0  -O                                                                        (1 = 100.0%)
1  ... 

Histogram: V8.GC.Cycle.MainThread.Full.Compact recorded 1 samples, mean = 1.0 (flags = 0x41)
0  O                                                                         (0 = 0.0%)
1  -O                                                                        (1 = 100.0%) {0.0%}
2  ... 

Histogram: V8.GC.Cycle.MainThread.Full.Compact.Cpp recorded 1 samples, mean = 1.0 (flags = 0x41)
0  O                                                                         (0 = 0.0%)
1  -O                                                                        (1 = 100.0%) {0.0%}
2  ... 

Histogram: V8.GC.Cycle.MainThread.Full.Cpp recorded 1 samples, mean = 9.0 (flags = 0x41)
0  ... 
8  -O                                                                        (1 = 100.0%) {0.0%}
10 ... 

Histogram: V8.GC.Cycle.MainThread.Full.Incremental.Mark recorded 1 samples, mean = 4.0 (flags = 0x41)
0  ... 
4  -O                                                                        (1 = 100.0%) {0.0%}
5  ... 

Histogram: V8.GC.Cycle.MainThread.Full.Incremental.Mark.Cpp recorded 1 samples, mean = 4.0 (flags = 0x41)
0  ... 
4  -O                                                                        (1 = 100.0%) {0.0%}
5  ... 

Histogram: V8.GC.Cycle.MainThread.Full.Incremental.Mark.StartStop recorded 1 samples, mean = 8.0 (flags = 0x41)
0  ... 
8  -O                                                                        (1 = 100.0%) {0.0%}
10 ... 

Histogram: V8.GC.Cycle.MainThread.Full.Incremental.Sweep recorded 1 samples, mean = 0.0 (flags = 0x41)
0  -O                                                                        (1 = 100.0%)
1  ... 

Histogram: V8.GC.Cycle.MainThread.Full.Incremental.Sweep.Cpp recorded 1 samples, mean = 3.0 (flags = 0x41)
0  ... 
3  -O                                                                        (1 = 100.0%) {0.0%}
4  ... 

Histogram: V8.GC.Cycle.MainThread.Full.Mark recorded 1 samples, mean = 4.0 (flags = 0x41)
0  ... 
4  -O                                                                        (1 = 100.0%) {0.0%}
5  ... 

Histogram: V8.GC.Cycle.MainThread.Full.Mark.Cpp recorded 1 samples, mean = 4.0 (flags = 0x41)
0  ... 
4  -O                                                                        (1 = 100.0%) {0.0%}
5  ... 

Histogram: V8.GC.Cycle.MainThread.Full.Sweep recorded 1 samples, mean = 0.0 (flags = 0x41)
0  -O                                                                        (1 = 100.0%)
1  ... 

Histogram: V8.GC.Cycle.MainThread.Full.Sweep.Cpp recorded 1 samples, mean = 3.0 (flags = 0x41)
0  ... 
3  -O                                                                        (1 = 100.0%) {0.0%}
4  ... 

Histogram: V8.GC.Cycle.MainThread.Full.Weak recorded 1 samples, mean = 0.0 (flags = 0x41)
0  -O                                                                        (1 = 100.0%)
1  ... 

Histogram: V8.GC.Cycle.MainThread.Full.Weak.Cpp recorded 1 samples, mean = 0.0 (flags = 0x41)
0  -O                                                                        (1 = 100.0%)
1  ... 

Histogram: V8.GC.Cycle.MainThread.Young recorded 11 samples, mean = 0.1 (flags = 0x41)
0  ----------O                                                               (10 = 90.9%)
1  -O                                                                        (1 = 9.1%) {90.9%}
2  ... 

Histogram: V8.GC.Cycle.Memory.Freed.Full recorded 1 samples, mean = 1536.0 (flags = 0x41)
0     ... 
1407  -O                                                                        (1 = 100.0%) {0.0%}
1914  ... 

Histogram: V8.GC.Cycle.Memory.Freed.Full.Cpp recorded 1 samples, mean = 4224.0 (flags = 0x41)
0     ... 
3542  -O                                                                        (1 = 100.0%) {0.0%}
4818  ... 

Histogram: V8.GC.Cycle.Objects.After.Full recorded 1 samples, mean = 12744.0 (flags = 0x41)
0      ... 
12127  -O                                                                        (1 = 100.0%) {0.0%}
16496  ... 

Histogram: V8.GC.Cycle.Objects.After.Full.Cpp recorded 1 samples, mean = 5254.0 (flags = 0x41)
0     ... 
4818  -O                                                                        (1 = 100.0%) {0.0%}
6554  ... 

Histogram: V8.GC.Cycle.Objects.Before.Full recorded 1 samples, mean = 14726.0 (flags = 0x41)
0      ... 
12127  -O                                                                        (1 = 100.0%) {0.0%}
16496  ... 

Histogram: V8.GC.Cycle.Objects.Before.Full.Cpp recorded 1 samples, mean = 9723.0 (flags = 0x41)
0     ... 
8915  -O                                                                        (1 = 100.0%) {0.0%}
12127 ... 

Histogram: V8.GC.Cycle.Objects.Freed.Full recorded 1 samples, mean = 1982.0 (flags = 0x41)
0     ... 
1914  -O                                                                        (1 = 100.0%) {0.0%}
2604  ... 

Histogram: V8.GC.Cycle.Objects.Freed.Full.Cpp recorded 1 samples, mean = 4468.0 (flags = 0x41)
0     ... 
3542  -O                                                                        (1 = 100.0%) {0.0%}
4818  ... 

Histogram: V8.GC.Cycle.Reason.Full recorded 1 samples, mean = 9.0 (flags = 0x41)
0  ... 
9  -O                                                                        (1 = 100.0%) {0.0%}
10 ... 

Histogram: V8.GC.Cycle.Reason.Young recorded 11 samples, mean = 6.0 (flags = 0x41)
0   O                                                                         (0 = 0.0%)
1   ------O                                                                   (6 = 54.5%) {0.0%}
2   ... 
12  -----O                                                                    (5 = 45.5%) {54.5%}
13  ... 

Histogram: V8.GC.Cycle.Young recorded 11 samples, mean = 1.0 (flags = 0x41)
0  ----O                                                                     (4 = 36.4%)
1  -----O                                                                    (5 = 45.5%) {36.4%}
2  O                                                                         (0 = 0.0%) {81.8%}
3  --O                                                                       (2 = 18.2%) {81.8%}
4  ... 

Histogram: V8.GC.Event.MainThread.Full.Finalize.Incremental.ReduceMemory recorded 2 samples, mean = 4.5 (flags = 0x41)
0  ... 
3  -O                                                                        (1 = 50.0%) {0.0%}
4  ... 
6  -O                                                                        (1 = 50.0%) {50.0%}
7  ... 

Histogram: V8.GC.Event.MainThread.Full.Finalize.Incremental.ReduceMemory.Foreground recorded 2 samples, mean = 4.5 (flags = 0x41)
0  ... 
3  -O                                                                        (1 = 50.0%) {0.0%}
4  ... 
6  -O                                                                        (1 = 50.0%) {50.0%}
7  ... 

Histogram: V8.GC.Event.MainThread.Full.Incremental.Mark recorded 77 samples, mean = 0.0 (flags = 0x41)
0  ------------------------------------------------------------------------O (77 = 100.0%)
1  ... 

Histogram: V8.GC.Event.MainThread.Full.Incremental.Mark.Cpp recorded 79 samples, mean = 0.0 (flags = 0x41)
0  ------------------------------------------------------------------------O (78 = 98.7%)
1  -O                                                                        (1 = 1.3%) {98.7%}
2  ... 

Histogram: V8.GC.Event.MainThread.Full.Incremental.Sweep.Cpp recorded 17 samples, mean = 0.2 (flags = 0x41)
0  ----------------O                                                         (16 = 94.1%)
1  ... 
3  -O                                                                        (1 = 5.9%) {94.1%}
4  ... 

Histogram: V8.GC.TimeToSafepoint recorded 15 samples, mean = 3.7 (flags = 0x41)
0   -----------O                                                              (11 = 73.3%)
1   --O                                                                       (2 = 13.3%) {73.3%}
2   O                                                                         (0 = 0.0%) {86.7%}
3   -O                                                                        (1 = 6.7%) {86.7%}
4   ... 
40  -O                                                                        (1 = 6.7%) {93.3%}
55  ... 

Histogram: V8.GCIncrementalMarking recorded 77 samples, mean = 0.0 (flags = 0x41)
0  ------------------------------------------------------------------------O (75 = 97.4%)
1  -O                                                                        (1 = 1.3%) {97.4%}
2  -O                                                                        (1 = 1.3%) {98.7%}
3  ... 

Histogram: V8.GCIncrementalMarkingReason recorded 2 samples, mean = 17.0 (flags = 0x41)
0   ... 
17  --O                                                                       (2 = 100.0%) {0.0%}
18  ... 

Histogram: V8.GCIncrementalMarkingStart recorded 2 samples, mean = 1.0 (flags = 0x41)
0  -O                                                                        (1 = 50.0%)
1  O                                                                         (0 = 0.0%) {50.0%}
2  -O                                                                        (1 = 50.0%) {50.0%}
3  ... 

Histogram: V8.GCMarkCompactReason recorded 1 samples, mean = 9.0 (flags = 0x41)
0  ... 
9  -O                                                                        (1 = 100.0%) {0.0%}
10 ... 

Histogram: V8.GCScavenger.ScavengeMain recorded 11 samples, mean = 0.0 (flags = 0x41)
0  -----------O                                                              (11 = 100.0%)
1  ... 

Histogram: V8.GCScavenger.ScavengeRoots recorded 11 samples, mean = 0.0 (flags = 0x41)
0  -----------O                                                              (11 = 100.0%)
1  ... 

Histogram: V8.JSDispatchTableEntriesCount recorded 2 samples, mean = 1.0 (flags = 0x41)
0  O                                                                         (0 = 0.0%)
1  --O                                                                       (2 = 100.0%) {0.0%}
2  ... 

Histogram: V8.LocalWindowProxy.CreateContextTime recorded 4 samples, mean = 0.8 (flags = 0x41)
0  --O                                                                       (2 = 50.0%)
1  -O                                                                        (1 = 25.0%) {50.0%}
2  -O                                                                        (1 = 25.0%) {75.0%}
3  ... 

Histogram: V8.LocalWindowProxy.InitializeTime recorded 4 samples, mean = 1.2 (flags = 0x41)
0  --O                                                                       (2 = 50.0%)
1  O                                                                         (0 = 0.0%) {50.0%}
2  -O                                                                        (1 = 25.0%) {50.0%}
3  -O                                                                        (1 = 25.0%) {75.0%}
4  ... 

Histogram: V8.MaglevOptimizeExecute recorded 144 samples, mean = 200.9 (flags = 0x41)
0     ... 
13    -O                                                                        (1 = 0.7%) {0.0%}
16    -O                                                                        (1 = 0.7%) {0.7%}
20    --O                                                                       (2 = 1.4%) {1.4%}
25    ----O                                                                     (4 = 2.8%) {2.8%}
31    ------O                                                                   (6 = 4.2%) {5.6%}
39    -------------O                                                            (13 = 9.0%) {9.7%}
49    ---O                                                                      (3 = 2.1%) {18.8%}
61    -----------------O                                                        (17 = 11.8%) {20.8%}
76    --------------O                                                           (14 = 9.7%) {32.6%}
95    -------------O                                                            (13 = 9.0%) {42.4%}
119   -------------------O                                                      (19 = 13.2%) {51.4%}
149   -------O                                                                  (7 = 4.9%) {64.6%}
186   ------------------O                                                       (18 = 12.5%) {69.4%}
233   ---------O                                                                (9 = 6.2%) {81.9%}
292   O                                                                         (0 = 0.0%) {88.2%}
365   -----O                                                                    (5 = 3.5%) {88.2%}
457   O                                                                         (0 = 0.0%) {91.7%}
572   ----O                                                                     (4 = 2.8%) {91.7%}
716   --O                                                                       (2 = 1.4%) {94.4%}
896   -O                                                                        (1 = 0.7%) {95.8%}
1122  ---O                                                                      (3 = 2.1%) {96.5%}
1404  -O                                                                        (1 = 0.7%) {98.6%}
1757  -O                                                                        (1 = 0.7%) {99.3%}
2199  ... 

Histogram: V8.MaglevOptimizeFinalize recorded 144 samples, mean = 4.0 (flags = 0x41)
0   -------------O                                                            (13 = 9.0%)
1   -----------------------O                                                  (23 = 16.0%) {9.0%}
2   ----------------------O                                                   (22 = 15.3%) {25.0%}
3   ---------------------O                                                    (21 = 14.6%) {40.3%}
4   ---------------------O                                                    (21 = 14.6%) {54.9%}
5   ---------------O                                                          (15 = 10.4%) {69.4%}
6   -----------------O                                                        (17 = 11.8%) {79.9%}
8   --O                                                                       (2 = 1.4%) {91.7%}
10  ----O                                                                     (4 = 2.8%) {93.1%}
13  --O                                                                       (2 = 1.4%) {95.8%}
16  -O                                                                        (1 = 0.7%) {97.2%}
20  --O                                                                       (2 = 1.4%) {97.9%}
25  O                                                                         (0 = 0.0%) {99.3%}
31  -O                                                                        (1 = 0.7%) {99.3%}
39  ... 

Histogram: V8.MaglevOptimizePrepare recorded 144 samples, mean = 0.1 (flags = 0x41)
0  ------------------------------------------------------------------------O (134 = 93.1%)
1  -----O                                                                    (10 = 6.9%) {93.1%}
2  ... 

Histogram: V8.MaglevOptimizeTotalTime recorded 144 samples, mean = 330.9 (flags = 0x41)
0     ... 
21    -O                                                                        (1 = 0.7%) {0.0%}
28    -O                                                                        (1 = 0.7%) {0.7%}
37    -----O                                                                    (5 = 3.5%) {1.4%}
49    -------------O                                                            (13 = 9.0%) {4.9%}
65    --------O                                                                 (8 = 5.6%) {13.9%}
86    ------------------O                                                       (18 = 12.5%) {19.4%}
113   -------------O                                                            (13 = 9.0%) {31.9%}
149   --------------------------O                                               (26 = 18.1%) {41.0%}
196   --------------O                                                           (14 = 9.7%) {59.0%}
258   -----------------O                                                        (17 = 11.8%) {68.8%}
340   -----------O                                                              (11 = 7.6%) {80.6%}
448   ---O                                                                      (3 = 2.1%) {88.2%}
590   ----O                                                                     (4 = 2.8%) {90.3%}
777   --O                                                                       (2 = 1.4%) {93.1%}
1023  ---O                                                                      (3 = 2.1%) {94.4%}
1347  --O                                                                       (2 = 1.4%) {96.5%}
1774  -O                                                                        (1 = 0.7%) {97.9%}
2336  ... 
4053  -O                                                                        (1 = 0.7%) {98.6%}
5338  -O                                                                        (1 = 0.7%) {99.3%}
7031  ... 

Histogram: V8.MemoryExternalFragmentationCodeSpace recorded 13 samples, mean = 46.4 (flags = 0x41)
0   ... 
14  --O                                                                       (2 = 15.4%) {0.0%}
15  ... 
18  -O                                                                        (1 = 7.7%) {15.4%}
19  ... 
21  -O                                                                        (1 = 7.7%) {23.1%}
22  ... 
38  -O                                                                        (1 = 7.7%) {30.8%}
39  ... 
45  -O                                                                        (1 = 7.7%) {38.5%}
46  ... 
50  -O                                                                        (1 = 7.7%) {46.2%}
51  ... 
56  -O                                                                        (1 = 7.7%) {53.8%}
57  ... 
59  -O                                                                        (1 = 7.7%) {61.5%}
60  ... 
64  -O                                                                        (1 = 7.7%) {69.2%}
65  O                                                                         (0 = 0.0%) {76.9%}
66  -O                                                                        (1 = 7.7%) {76.9%}
67  ... 
72  -O                                                                        (1 = 7.7%) {84.6%}
73  ... 
86  -O                                                                        (1 = 7.7%) {92.3%}
87  ... 

Histogram: V8.MemoryExternalFragmentationLoSpace recorded 13 samples, mean = 1.9 (flags = 0x41)
0  O                                                                         (0 = 0.0%)
1  -------O                                                                  (7 = 53.8%) {0.0%}
2  O                                                                         (0 = 0.0%) {53.8%}
3  ------O                                                                   (6 = 46.2%) {53.8%}
4  ... 

Histogram: V8.MemoryExternalFragmentationOldSpace recorded 13 samples, mean = 9.9 (flags = 0x41)
0   ... 
4   -O                                                                        (1 = 7.7%) {0.0%}
5   ... 
7   --O                                                                       (2 = 15.4%) {7.7%}
8   --O                                                                       (2 = 15.4%) {23.1%}
9   ---O                                                                      (3 = 23.1%) {38.5%}
10  --O                                                                       (2 = 15.4%) {61.5%}
11  --O                                                                       (2 = 15.4%) {76.9%}
12  ... 
26  -O                                                                        (1 = 7.7%) {92.3%}
27  ... 

Histogram: V8.MemoryExternalFragmentationTotal recorded 13 samples, mean = 36.4 (flags = 0x41)
0   ... 
14  --O                                                                       (2 = 15.4%) {0.0%}
15  ... 
18  -O                                                                        (1 = 7.7%) {15.4%}
19  ... 
35  -O                                                                        (1 = 7.7%) {23.1%}
36  -O                                                                        (1 = 7.7%) {30.8%}
37  O                                                                         (0 = 0.0%) {38.5%}
38  -O                                                                        (1 = 7.7%) {38.5%}
39  -O                                                                        (1 = 7.7%) {46.2%}
40  -O                                                                        (1 = 7.7%) {53.8%}
41  ... 
43  -O                                                                        (1 = 7.7%) {61.5%}
44  ... 
47  -O                                                                        (1 = 7.7%) {69.2%}
48  O                                                                         (0 = 0.0%) {76.9%}
49  --O                                                                       (2 = 15.4%) {76.9%}
50  O                                                                         (0 = 0.0%) {92.3%}
51  -O                                                                        (1 = 7.7%) {92.3%}
52  ... 

Histogram: V8.MemoryHeapSampleCodeSpaceCommitted recorded 13 samples, mean = 925.5 (flags = 0x41)
0     -------O                                                                  (7 = 53.8%)
1000  --O                                                                       (2 = 15.4%) {53.8%}
1138  -O                                                                        (1 = 7.7%) {69.2%}
1295  O                                                                         (0 = 0.0%) {76.9%}
1474  --O                                                                       (2 = 15.4%) {76.9%}
1678  -O                                                                        (1 = 7.7%) {92.3%}
1910  ... 

Histogram: V8.MemoryHeapSampleMaximumCommitted recorded 13 samples, mean = 14572.0 (flags = 0x41)
0      ... 
4153   -O                                                                        (1 = 7.7%) {0.0%}
4727   ... 
6124   -O                                                                        (1 = 7.7%) {7.7%}
6971   -O                                                                        (1 = 7.7%) {15.4%}
7935   O                                                                         (0 = 0.0%) {23.1%}
9032   -O                                                                        (1 = 7.7%) {23.1%}
10281  --O                                                                       (2 = 15.4%) {30.8%}
11702  -O                                                                        (1 = 7.7%) {46.2%}
13320  -O                                                                        (1 = 7.7%) {53.8%}
15161  ... 
19642  -O                                                                        (1 = 7.7%) {61.5%}
22357  ----O                                                                     (4 = 30.8%) {69.2%}
25447  ... 

Histogram: V8.MemoryHeapSampleTotalCommitted recorded 13 samples, mean = 12858.8 (flags = 0x41)
0      ... 
4153   -O                                                                        (1 = 7.7%) {0.0%}
4727   ... 
6124   -O                                                                        (1 = 7.7%) {7.7%}
6971   -O                                                                        (1 = 7.7%) {15.4%}
7935   O                                                                         (0 = 0.0%) {23.1%}
9032   -O                                                                        (1 = 7.7%) {23.1%}
10281  --O                                                                       (2 = 15.4%) {30.8%}
11702  -O                                                                        (1 = 7.7%) {46.2%}
13320  --O                                                                       (2 = 15.4%) {53.8%}
15161  --O                                                                       (2 = 15.4%) {69.2%}
17257  O                                                                         (0 = 0.0%) {84.6%}
19642  -O                                                                        (1 = 7.7%) {84.6%}
22357  -O                                                                        (1 = 7.7%) {92.3%}
25447  ... 

Histogram: V8.MemoryHeapSampleTotalUsed recorded 13 samples, mean = 8308.4 (flags = 0x41)
0      ... 
2475   -O                                                                        (1 = 7.7%) {0.0%}
2817   ... 
3649   -O                                                                        (1 = 7.7%) {7.7%}
4153   -O                                                                        (1 = 7.7%) {15.4%}
4727   -O                                                                        (1 = 7.7%) {23.1%}
5380   --O                                                                       (2 = 15.4%) {30.8%}
6124   O                                                                         (0 = 0.0%) {46.2%}
6971   -O                                                                        (1 = 7.7%) {46.2%}
7935   O                                                                         (0 = 0.0%) {53.8%}
9032   --O                                                                       (2 = 15.4%) {53.8%}
10281  O                                                                         (0 = 0.0%) {69.2%}
11702  --O                                                                       (2 = 15.4%) {69.2%}
13320  --O                                                                       (2 = 15.4%) {84.6%}
15161  ... 

Histogram: V8.RegExpBacktracks recorded 263 samples, mean = 1.7 (flags = 0x41)
0    ------O                                                                   (20 = 7.6%)
1    ------------------------------------------------------------------------O (229 = 87.1%) {7.6%}
2    --O                                                                       (5 = 1.9%) {94.7%}
3    -O                                                                        (3 = 1.1%) {96.6%}
4    -O                                                                        (4 = 1.5%) {97.7%}
6    O                                                                         (0 = 0.0%) {99.2%}
9    O                                                                         (1 = 0.4%) {99.2%}
13   ... 
127  O                                                                         (1 = 0.4%) {99.6%}
185  ... 

Histogram: V8.SandboxedCodePointersCount recorded 2 samples, mean = 1138.5 (flags = 0x41)
0     ... 
977   -O                                                                        (1 = 50.0%) {0.0%}
1136  -O                                                                        (1 = 50.0%) {50.0%}
1321  ... 

Histogram: V8.SandboxedCppHeapPointersCount recorded 2 samples, mean = 4409.0 (flags = 0x41)
0     ... 
537   -O                                                                        (1 = 50.0%) {0.0%}
638   ... 
7152  -O                                                                        (1 = 50.0%) {50.0%}
8499  ... 

Histogram: V8.SandboxedExternalPointersCount recorded 15 samples, mean = 2003.1 (flags = 0x41)
0      ---O                                                                      (3 = 20.0%)
1      ... 
8      -O                                                                        (1 = 6.7%) {20.0%}
10     ... 
14     -O                                                                        (1 = 6.7%) {26.7%}
17     O                                                                         (0 = 0.0%) {33.3%}
20     -O                                                                        (1 = 6.7%) {33.3%}
24     ... 
48     -O                                                                        (1 = 6.7%) {40.0%}
57     ... 
81     -O                                                                        (1 = 6.7%) {46.7%}
96     -O                                                                        (1 = 6.7%) {53.3%}
114    ... 
160    -O                                                                        (1 = 6.7%) {60.0%}
190    ... 
758    --O                                                                       (2 = 13.3%) {66.7%}
901    ... 
1513   -O                                                                        (1 = 6.7%) {80.0%}
1798   ... 
12002  --O                                                                       (2 = 13.3%) {86.7%}
14263  ... 

Histogram: V8.SandboxedTrustedPointersCount recorded 2 samples, mean = 3882.0 (flags = 0x41)
0     ... 
3799  --O                                                                       (2 = 100.0%) {0.0%}
4418  ... 

Histogram: V8.SnapshotDeserializeContextMicroSeconds recorded 6 samples, mean = 381.3 (flags = 0x41)
0    ... 
196  -O                                                                        (1 = 16.7%) {0.0%}
258  --O                                                                       (2 = 33.3%) {16.7%}
340  -O                                                                        (1 = 16.7%) {50.0%}
448  --O                                                                       (2 = 33.3%) {66.7%}
590  ... 

Histogram: V8.TurboFan1KTicks recorded 8 samples, mean = 29.4 (flags = 0x41)
0    O                                                                         (0 = 0.0%)
1    --O                                                                       (2 = 25.0%) {0.0%}
2    -O                                                                        (1 = 12.5%) {25.0%}
3    ... 
5    -O                                                                        (1 = 12.5%) {37.5%}
6    ... 
10   -O                                                                        (1 = 12.5%) {50.0%}
11   ... 
15   -O                                                                        (1 = 12.5%) {62.5%}
16   ... 
45   -O                                                                        (1 = 12.5%) {75.0%}
47   ... 
149  -O                                                                        (1 = 12.5%) {87.5%}
156  ... 

Histogram: V8.TurboFanOptimizeConcurrentTotalTime recorded 7 samples, mean = 4385.1 (flags = 0x41)
0      ... 
282    --O                                                                       (2 = 28.6%) {0.0%}
391    O                                                                         (0 = 0.0%) {28.6%}
542    -O                                                                        (1 = 14.3%) {28.6%}
752    -O                                                                        (1 = 14.3%) {42.9%}
1043   O                                                                         (0 = 0.0%) {57.1%}
1447   -O                                                                        (1 = 14.3%) {57.1%}
2008   ... 
3865   -O                                                                        (1 = 14.3%) {71.4%}
5362   ... 
19866  -O                                                                        (1 = 14.3%) {85.7%}
27562  ... 

Histogram: V8.TurboFanOptimizeExecute recorded 7 samples, mean = 1474.4 (flags = 0x41)
0     ... 
196   -O                                                                        (1 = 14.3%) {0.0%}
258   -O                                                                        (1 = 14.3%) {14.3%}
340   O                                                                         (0 = 0.0%) {28.6%}
448   -O                                                                        (1 = 14.3%) {28.6%}
590   O                                                                         (0 = 0.0%) {42.9%}
777   -O                                                                        (1 = 14.3%) {42.9%}
1023  O                                                                         (0 = 0.0%) {57.1%}
1347  -O                                                                        (1 = 14.3%) {57.1%}
1774  O                                                                         (0 = 0.0%) {71.4%}
2336  -O                                                                        (1 = 14.3%) {71.4%}
3077  O                                                                         (0 = 0.0%) {85.7%}
4053  -O                                                                        (1 = 14.3%) {85.7%}
5338  ... 

Histogram: V8.TurboFanOptimizeFinalize recorded 7 samples, mean = 16.3 (flags = 0x41)
0   ... 
2   -O                                                                        (1 = 14.3%) {0.0%}
3   ... 
7   -O                                                                        (1 = 14.3%) {14.3%}
9   -O                                                                        (1 = 14.3%) {28.6%}
12  --O                                                                       (2 = 28.6%) {42.9%}
16  ... 
28  -O                                                                        (1 = 14.3%) {71.4%}
37  -O                                                                        (1 = 14.3%) {85.7%}
49  ... 

Histogram: V8.TurboFanOptimizeForOnStackReplacementExecute recorded 1 samples, mean = 14029.0 (flags = 0x41)
0      ... 
12196  -O                                                                        (1 = 100.0%) {0.0%}
16063  ... 

Histogram: V8.TurboFanOptimizeForOnStackReplacementFinalize recorded 1 samples, mean = 70.0 (flags = 0x41)
0   ... 
65  -O                                                                        (1 = 100.0%) {0.0%}
86  ... 

Histogram: V8.TurboFanOptimizeForOnStackReplacementPrepare recorded 1 samples, mean = 14.0 (flags = 0x41)
0   ... 
12  -O                                                                        (1 = 100.0%) {0.0%}
16  ... 

Histogram: V8.TurboFanOptimizeForOnStackReplacementTotalTime recorded 1 samples, mean = 18416.0 (flags = 0x41)
0      ... 
14319  -O                                                                        (1 = 100.0%) {0.0%}
19866  ... 

Histogram: V8.TurboFanOptimizePrepare recorded 7 samples, mean = 8.9 (flags = 0x41)
0   ... 
3   -O                                                                        (1 = 14.3%) {0.0%}
4   O                                                                         (0 = 0.0%) {14.3%}
5   -O                                                                        (1 = 14.3%) {14.3%}
7   --O                                                                       (2 = 28.6%) {28.6%}
9   -O                                                                        (1 = 14.3%) {57.1%}
12  -O                                                                        (1 = 14.3%) {71.4%}
16  -O                                                                        (1 = 14.3%) {85.7%}
21  ... 

Histogram: V8.TurboFanOptimizeTotalBackground recorded 7 samples, mean = 1474.4 (flags = 0x41)
0     ... 
203   -O                                                                        (1 = 14.3%) {0.0%}
282   -O                                                                        (1 = 14.3%) {14.3%}
391   -O                                                                        (1 = 14.3%) {28.6%}
542   O                                                                         (0 = 0.0%) {42.9%}
752   -O                                                                        (1 = 14.3%) {42.9%}
1043  -O                                                                        (1 = 14.3%) {57.1%}
1447  O                                                                         (0 = 0.0%) {71.4%}
2008  -O                                                                        (1 = 14.3%) {71.4%}
2786  O                                                                         (0 = 0.0%) {85.7%}
3865  -O                                                                        (1 = 14.3%) {85.7%}
5362  ... 

Histogram: V8.TurboFanOptimizeTotalForeground recorded 7 samples, mean = 25.1 (flags = 0x41)
0   ... 
11  -O                                                                        (1 = 14.3%) {0.0%}
15  ----O                                                                     (4 = 57.1%) {14.3%}
21  ... 
40  --O                                                                       (2 = 28.6%) {71.4%}
55  ... 

Histogram: V8.TurboFanOptimizeTotalTime recorded 7 samples, mean = 4385.1 (flags = 0x41)
0      ... 
282    --O                                                                       (2 = 28.6%) {0.0%}
391    O                                                                         (0 = 0.0%) {28.6%}
542    -O                                                                        (1 = 14.3%) {28.6%}
752    -O                                                                        (1 = 14.3%) {42.9%}
1043   O                                                                         (0 = 0.0%) {57.1%}
1447   -O                                                                        (1 = 14.3%) {57.1%}
2008   ... 
3865   -O                                                                        (1 = 14.3%) {71.4%}
5362   ... 
19866  -O                                                                        (1 = 14.3%) {85.7%}
27562  ... 

Histogram: Variations.ExtendedSafeMode.BeaconFileDeserializationError recorded 1 samples (flags = 0x41)
1003  -O                                                                        (1 = 100.0%)

Histogram: Variations.ExtendedSafeMode.BeaconFileStateAtStartup recorded 1 samples, mean = 1.0 (flags = 0x41)
0  O                                                                         (0 = 0.0%)
1  -O                                                                        (1 = 100.0%) {0.0%}
2  ... 

Histogram: Variations.ExtendedSafeMode.BeaconFileWrite recorded 2 samples, mean = 1.0 (flags = 0x41)
0  O                                                                         (0 = 0.0%)
1  --O                                                                       (2 = 100.0%) {0.0%}
2  O                                                                         (0 = 0.0%) {100.0%}

Histogram: Variations.ForcedFieldTrialsAtStartupForInternalsPage recorded 1 samples, mean = 0.0 (flags = 0x41)
0  -O                                                                        (1 = 100.0%)
1  ... 

Histogram: Variations.Headers.ExperimentCount recorded 92 samples, mean = 1.0 (flags = 0x41)
0  O                                                                         (0 = 0.0%)
1  ------------------------------------------------------------------------O (92 = 100.0%) {0.0%}
2  ... 

Histogram: Variations.Headers.HasLowEntropySourceValue recorded 92 samples, mean = 1.0 (flags = 0x41)
0  O                                                                         (0 = 0.0%)
1  ------------------------------------------------------------------------O (92 = 100.0%) {0.0%}
2  O                                                                         (0 = 0.0%) {100.0%}

Histogram: Variations.Headers.RequestContextCategory recorded 114 samples, mean = 1.8 (flags = 0x41)
0  --------------------------------------------------------------O           (62 = 54.4%)
1  ... 
4  ----------------------------------------------------O                     (52 = 45.6%) {54.4%}
5  ... 

Histogram: Variations.Headers.URLValidationResult.Append recorded 114 samples, mean = 2.5 (flags = 0x41)
0  ... 
2  -----------------------------------------------------O                    (53 = 46.5%) {0.0%}
3  -------------------------------------------------------------O            (61 = 53.5%) {46.5%}
4  ... 

Histogram: Variations.Headers.URLValidationResult.Remove recorded 3 samples, mean = 2.0 (flags = 0x41)
0  ... 
2  ---O                                                                      (3 = 100.0%) {0.0%}
3  ... 

Histogram: Variations.Limits.VariationKeySize.Default recorded 23 samples, mean = 0.0 (flags = 0x41)
0  -----------------------O                                                  (23 = 100.0%)
1  ... 

Histogram: Variations.LoadPermanentConsistencyCountryResult recorded 1 samples, mean = 0.0 (flags = 0x41)
0  -O                                                                        (1 = 100.0%)
1  ... 

Histogram: Variations.PolicyRestriction recorded 1 samples, mean = 0.0 (flags = 0x41)
0  -O                                                                        (1 = 100.0%)
1  ... 

Histogram: Variations.SafeMode.Streak.Crashes recorded 1 samples (flags = 0x41)
0  -O                                                                        (1 = 100.0%)

Histogram: Variations.SafeMode.Streak.FetchFailures recorded 1 samples (flags = 0x41)
0  -O                                                                        (1 = 100.0%)

Histogram: Variations.SeedLoadResult recorded 1 samples, mean = 1.0 (flags = 0x41)
0  O                                                                         (0 = 0.0%)
1  -O                                                                        (1 = 100.0%) {0.0%}
2  ... 

Histogram: Variations.SeedUsage recorded 1 samples, mean = 2.0 (flags = 0x41)
0  ... 
2  -O                                                                        (1 = 100.0%) {0.0%}
3  ... 

Histogram: Variations.UserChannel recorded 1 samples (flags = 0x41)
-1 -O                                                                        (1 = 100.0%)

Histogram: Views.Browser.NumColorProvidersInitializedDuringOnNativeThemeUpdated recorded 3 samples, mean = 0.0 (flags = 0x41)
0  ---O                                                                      (3 = 100.0%)
1  ... 

Histogram: Views.Browser.TimeSpentInitializingColorProvider recorded 3 samples, mean = 0.3 (flags = 0x41)
0  --O                                                                       (2 = 66.7%)
1  -O                                                                        (1 = 33.3%) {66.7%}
2  ... 

Histogram: Views.Browser.TimeSpentProcessingOnNativeThemeUpdatedEvent recorded 3 samples, mean = 0.0 (flags = 0x41)
0  ---O                                                                      (3 = 100.0%)
1  ... 

Histogram: Views.ColorProviderCacheSize recorded 3 samples, mean = 2.0 (flags = 0x41)
0  O                                                                         (0 = 0.0%)
1  -O                                                                        (1 = 33.3%) {0.0%}
2  -O                                                                        (1 = 33.3%) {33.3%}
3  -O                                                                        (1 = 33.3%) {66.7%}
4  ... 

Histogram: Viz.FrameSinkVideoCapturer.CaptureDuration recorded 1 samples, mean = 35.0 (flags = 0x41)
0   ... 
33  -O                                                                        (1 = 100.0%) {0.0%}
37  ... 

Histogram: Viz.FrameSinkVideoCapturer.CaptureSucceeded recorded 1 samples, mean = 1.0 (flags = 0x41)
0  O                                                                         (0 = 0.0%)
1  -O                                                                        (1 = 100.0%) {0.0%}
2  O                                                                         (0 = 0.0%) {100.0%}

Histogram: Viz.FrameSinkVideoCapturer.FrameResurrected recorded 1 samples, mean = 0.0 (flags = 0x41)
0  -O                                                                        (1 = 100.0%)
1  ... 

Histogram: Viz.FrameSinkVideoCapturer.RGBA.CaptureDuration recorded 1 samples, mean = 35.0 (flags = 0x41)
0   ... 
33  -O                                                                        (1 = 100.0%) {0.0%}
37  ... 

Histogram: Viz.FrameSinkVideoCapturer.RGBA.CaptureSucceeded recorded 1 samples, mean = 1.0 (flags = 0x41)
0  O                                                                         (0 = 0.0%)
1  -O                                                                        (1 = 100.0%) {0.0%}
2  O                                                                         (0 = 0.0%) {100.0%}

Histogram: Viz.FrameSinkVideoCapturer.ReserveFrameDuration recorded 1 samples, mean = 30.0 (flags = 0x41)
0   ... 
30  -O                                                                        (1 = 100.0%) {0.0%}
33  ... 

Histogram: Viz.FrameSinkVideoCapturer.TotalDuration recorded 1 samples, mean = 35.0 (flags = 0x41)
0   ... 
33  -O                                                                        (1 = 100.0%) {0.0%}
37  ... 

Histogram: WebApp.DiyAppsInstalledCount.ByUser recorded 1 samples, mean = 0.0 (flags = 0x41)
0  -O                                                                        (1 = 100.0%)
1  ... 

Histogram: WebApp.GeneratedIconFix.StartUpAttemptCount recorded 1 samples, mean = 0.0 (flags = 0x41)
0  -O                                                                        (1 = 100.0%)
1  ... 

Histogram: WebApp.Icon.AppsWithEmptyDownloadedIconSizes recorded 1 samples, mean = 0.0 (flags = 0x41)
0  -O                                                                        (1 = 100.0%)
1  ... 

Histogram: WebApp.Icon.AppsWithEmptyIconBitmap recorded 1 samples, mean = 0.0 (flags = 0x41)
0  -O                                                                        (1 = 100.0%)
1  ... 

Histogram: WebApp.Icon.AppsWithEmptyIconFile recorded 1 samples, mean = 0.0 (flags = 0x41)
0  -O                                                                        (1 = 100.0%)
1  ... 

Histogram: WebApp.Icon.AppsWithGeneratedIconBitmap recorded 1 samples, mean = 0.0 (flags = 0x41)
0  -O                                                                        (1 = 100.0%)
1  ... 

Histogram: WebApp.Icon.AppsWithGeneratedIconFlag recorded 1 samples, mean = 0.0 (flags = 0x41)
0  -O                                                                        (1 = 100.0%)
1  ... 

Histogram: WebApp.Icon.AppsWithGeneratedIconFlagFalseNegative recorded 1 samples, mean = 0.0 (flags = 0x41)
0  -O                                                                        (1 = 100.0%)
1  ... 

Histogram: WebApp.Icon.AppsWithMissingIconFile recorded 1 samples, mean = 0.0 (flags = 0x41)
0  -O                                                                        (1 = 100.0%)
1  ... 

Histogram: WebApp.InstalledCount.ByUser recorded 1 samples, mean = 0.0 (flags = 0x41)
0  -O                                                                        (1 = 100.0%)
1  ... 

Histogram: WebApp.InstalledCount.ByUserNotLocallyInstalled recorded 1 samples, mean = 0.0 (flags = 0x41)
0  -O                                                                        (1 = 100.0%)
1  ... 

Histogram: WebApp.Preinstalled.AppToReplaceStillDefaultInstalledCount recorded 1 samples, mean = 0.0 (flags = 0x41)
0  -O                                                                        (1 = 100.0%)
1  ... 

Histogram: WebApp.Preinstalled.AppToReplaceStillInstalledCount recorded 1 samples, mean = 0.0 (flags = 0x41)
0  -O                                                                        (1 = 100.0%)
1  ... 

Histogram: WebApp.Preinstalled.AppToReplaceStillInstalledInShelfCount recorded 1 samples, mean = 0.0 (flags = 0x41)
0  -O                                                                        (1 = 100.0%)
1  ... 

Histogram: WebApp.Preinstalled.ConfigErrorCount recorded 1 samples, mean = 0.0 (flags = 0x41)
0  -O                                                                        (1 = 100.0%)
1  ... 

Histogram: WebApp.Preinstalled.CorruptUserUninstallPrefsCount recorded 1 samples, mean = 0.0 (flags = 0x41)
0  -O                                                                        (1 = 100.0%)
1  ... 

Histogram: WebApp.Preinstalled.DisabledCount recorded 1 samples, mean = 0.0 (flags = 0x41)
0  -O                                                                        (1 = 100.0%)
1  ... 

Histogram: WebApp.Preinstalled.EnabledCount recorded 1 samples, mean = 0.0 (flags = 0x41)
0  -O                                                                        (1 = 100.0%)
1  ... 

Histogram: WebApp.Preinstalled.InstallCount recorded 1 samples, mean = 0.0 (flags = 0x41)
0  -O                                                                        (1 = 100.0%)
1  ... 

Histogram: WebApp.Preinstalled.UninstallAndReplaceCount recorded 1 samples, mean = 0.0 (flags = 0x41)
0  -O                                                                        (1 = 100.0%)
1  ... 

Histogram: WebApp.Preinstalled.UninstallAppRemovedCount recorded 1 samples, mean = 0.0 (flags = 0x41)
0  -O                                                                        (1 = 100.0%)
1  ... 

Histogram: WebApp.Preinstalled.UninstallSourceRemovedCount recorded 1 samples, mean = 0.0 (flags = 0x41)
0  -O                                                                        (1 = 100.0%)
1  ... 

Histogram: WebApp.Preinstalled.UninstallTotalCount recorded 1 samples, mean = 0.0 (flags = 0x41)
0  -O                                                                        (1 = 100.0%)
1  ... 

Histogram: WebApp.Uninstall.NonSyncIncompleteCount recorded 1 samples, mean = 0.0 (flags = 0x41)
0  -O                                                                        (1 = 100.0%)
1  ... 

Histogram: WebAuthentication.Windows.KeyCredentialManagerSupported recorded 1 samples, mean = 0.0 (flags = 0x41)
0  -O                                                                        (1 = 100.0%)
1  ... 

Histogram: WebContentsObserver.DOMContentLoaded recorded 3 samples, mean = 0.0 (flags = 0x41)
0  ---O                                                                      (3 = 100.0%)
1  ... 

Histogram: WebContentsObserver.DidChangeVisibleSecurityState recorded 2 samples, mean = 0.0 (flags = 0x41)
0  --O                                                                       (2 = 100.0%)
1  ... 

Histogram: WebContentsObserver.DidFinishLoad recorded 3 samples, mean = 0.3 (flags = 0x41)
0  --O                                                                       (2 = 66.7%)
1  -O                                                                        (1 = 33.3%) {66.7%}
2  ... 

Histogram: WebContentsObserver.DidFinishNavigation recorded 5 samples, mean = 0.0 (flags = 0x41)
0  -----O                                                                    (5 = 100.0%)
1  ... 

Histogram: WebContentsObserver.DidFirstVisuallyNonEmptyPaint recorded 1 samples, mean = 0.0 (flags = 0x41)
0  -O                                                                        (1 = 100.0%)
1  ... 

Histogram: WebContentsObserver.DidRedirectNavigation recorded 1 samples, mean = 0.0 (flags = 0x41)
0  -O                                                                        (1 = 100.0%)
1  ... 

Histogram: WebContentsObserver.DidStartLoading recorded 1 samples, mean = 0.0 (flags = 0x41)
0  -O                                                                        (1 = 100.0%)
1  ... 

Histogram: WebContentsObserver.DidStartNavigation recorded 5 samples, mean = 0.0 (flags = 0x41)
0  -----O                                                                    (5 = 100.0%)
1  ... 

Histogram: WebContentsObserver.DidStartNavigation.MainFrame recorded 3 samples, mean = 0.0 (flags = 0x41)
0  ---O                                                                      (3 = 100.0%)
1  ... 

Histogram: WebContentsObserver.DidStartNavigation.Subframe recorded 2 samples, mean = 0.0 (flags = 0x41)
0  --O                                                                       (2 = 100.0%)
1  ... 

Histogram: WebContentsObserver.DidStopLoading recorded 1 samples, mean = 0.0 (flags = 0x41)
0  -O                                                                        (1 = 100.0%)
1  ... 

Histogram: WebContentsObserver.DidUpdateNavigationHandleTiming recorded 5 samples, mean = 0.0 (flags = 0x41)
0  -----O                                                                    (5 = 100.0%)
1  ... 

Histogram: WebContentsObserver.LoadProgressChanged recorded 9 samples, mean = 0.0 (flags = 0x41)
0  ---------O                                                                (9 = 100.0%)
1  ... 

Histogram: WebContentsObserver.NavigationEntryChanged recorded 3 samples, mean = 0.0 (flags = 0x41)
0  ---O                                                                      (3 = 100.0%)
1  ... 

Histogram: WebContentsObserver.NavigationEntryCommitted recorded 2 samples, mean = 0.0 (flags = 0x41)
0  --O                                                                       (2 = 100.0%)
1  ... 

Histogram: WebContentsObserver.PrimaryMainDocumentElementAvailable recorded 1 samples, mean = 0.0 (flags = 0x41)
0  -O                                                                        (1 = 100.0%)
1  ... 

Histogram: WebContentsObserver.RenderFrameCreated recorded 4 samples, mean = 1.2 (flags = 0x41)
0  ---O                                                                      (3 = 75.0%)
1  ... 
5  -O                                                                        (1 = 25.0%) {75.0%}
6  ... 

Histogram: WebContentsObserver.RenderFrameDeleted recorded 4 samples, mean = 0.0 (flags = 0x41)
0  ----O                                                                     (4 = 100.0%)
1  ... 

Histogram: WebContentsObserver.RenderViewReady recorded 2 samples, mean = 0.0 (flags = 0x41)
0  --O                                                                       (2 = 100.0%)
1  ... 

Histogram: WebContentsObserver.TitleWasSet recorded 1 samples, mean = 0.0 (flags = 0x41)
0  -O                                                                        (1 = 100.0%)
1  ... 

Histogram: WebCore.Scripts.Async.StartedStreaming recorded 26 samples, mean = 1.0 (flags = 0x41)
0  O                                                                         (0 = 0.0%)
1  --------------------------O                                               (26 = 100.0%) {0.0%}
2  O                                                                         (0 = 0.0%) {100.0%}

Histogram: WebCore.Scripts.Other.NotStreamingReason recorded 17 samples, mean = 11.0 (flags = 0x41)
0   ... 
11  -----------------O                                                        (17 = 100.0%) {0.0%}
12  ... 

Histogram: WebCore.Scripts.Other.StartedStreaming recorded 17 samples, mean = 0.0 (flags = 0x41)
0  -----------------O                                                        (17 = 100.0%)
1  ... 

Histogram: WebCore.Scripts.V8CodeCacheMetadata.Get recorded 49 samples, mean = 0.0 (flags = 0x41)
0  -------------------------------------------------O                        (49 = 100.0%)
1  ... 

Histogram: WebCore.Scripts.V8CodeCacheMetadata.Set recorded 23 samples, mean = 0.0 (flags = 0x41)
0  -----------------------O                                                  (23 = 100.0%)
1  ... 

Histogram: WebCore.Scripts.V8CompileHintsStatus recorded 44 samples, mean = 10.4 (flags = 0x41)
0   ... 
10  --------------------------O                                               (26 = 59.1%) {0.0%}
11  ------------------O                                                       (18 = 40.9%) {59.1%}
12  ... 

Histogram: WebCore.Scripts.V8CrowdsourcedCompileHints.ModelQuality recorded 1 samples, mean = 0.0 (flags = 0x41)
0  -O                                                                        (1 = 100.0%)
1  ... 

Histogram: WebDatabase.InitResult recorded 2 samples, mean = 0.0 (flags = 0x41)
0  --O                                                                       (2 = 100.0%)
1  ... 

Histogram: WebFont.CacheHit recorded 5 samples, mean = 0.6 (flags = 0x41)
0  ----O                                                                     (4 = 80.0%)
1  ... 
3  -O                                                                        (1 = 20.0%) {80.0%}
4  O                                                                         (0 = 0.0%) {100.0%}

Histogram: WebFont.Clients.RenderBlockingFonts.ExpiredFonts recorded 1 samples, mean = 1.0 (flags = 0x41)
0  O                                                                         (0 = 0.0%)
1  -O                                                                        (1 = 100.0%) {0.0%}
2  O                                                                         (0 = 0.0%) {100.0%}

Histogram: WebFont.HadBlankText recorded 1 samples, mean = 0.0 (flags = 0x41)
0  -O                                                                        (1 = 100.0%)
1  ... 

Histogram: WebFont.LocalFontUsed recorded 1 samples, mean = 1.0 (flags = 0x41)
0  O                                                                         (0 = 0.0%)
1  -O                                                                        (1 = 100.0%) {0.0%}
2  O                                                                         (0 = 0.0%) {100.0%}

Histogram: Windows.AcLayersLoaded recorded 1 samples, mean = 0.0 (flags = 0x41)
0  -O                                                                        (1 = 100.0%)
1  ... 

Histogram: Windows.CetAvailable recorded 1 samples, mean = 1.0 (flags = 0x41)
0  O                                                                         (0 = 0.0%)
1  -O                                                                        (1 = 100.0%) {0.0%}
2  O                                                                         (0 = 0.0%) {100.0%}

Histogram: Windows.CetEnabled recorded 1 samples, mean = 0.0 (flags = 0x41)
0  -O                                                                        (1 = 100.0%)
1  ... 

Histogram: Windows.DisplayIdFromDeviceId recorded 582 samples, mean = 3.0 (flags = 0x41)
0  ... 
3  ------------------------------------------------------------------------O (582 = 100.0%) {0.0%}
4  O                                                                         (0 = 0.0%) {100.0%}

Histogram: Windows.DisplayIdFromDeviceKey recorded 582 samples, mean = 3.0 (flags = 0x41)
0  ... 
3  ------------------------------------------------------------------------O (582 = 100.0%) {0.0%}
4  O                                                                         (0 = 0.0%) {100.0%}

Histogram: Windows.Enclave.SGX.Available recorded 1 samples, mean = 0.0 (flags = 0x41)
0  -O                                                                        (1 = 100.0%)
1  ... 

Histogram: Windows.Enclave.SGX2.Available recorded 1 samples, mean = 0.0 (flags = 0x41)
0  -O                                                                        (1 = 100.0%)
1  ... 

Histogram: Windows.Enclave.VBS.Available recorded 1 samples, mean = 1.0 (flags = 0x41)
0  O                                                                         (0 = 0.0%)
1  -O                                                                        (1 = 100.0%) {0.0%}
2  O                                                                         (0 = 0.0%) {100.0%}

Histogram: Windows.Enclave.VBSBasic.Available recorded 1 samples, mean = 0.0 (flags = 0x41)
0  -O                                                                        (1 = 100.0%)
1  ... 

Histogram: Windows.HasHighResolutionTimeTicks recorded 1 samples, mean = 1.0 (flags = 0x41)
0  O                                                                         (0 = 0.0%)
1  -O                                                                        (1 = 100.0%) {0.0%}
2  O                                                                         (0 = 0.0%) {100.0%}

Histogram: Windows.HasThreadTicks recorded 1 samples, mean = 1.0 (flags = 0x41)
0  O                                                                         (0 = 0.0%)
1  -O                                                                        (1 = 100.0%) {0.0%}
2  O                                                                         (0 = 0.0%) {100.0%}

Histogram: Windows.HighResolutionTimerUsage recorded 96 samples, mean = 0.0 (flags = 0x41)
0  ------------------------------------------------------------------------O (96 = 100.0%)
1  ... 

Histogram: Windows.HypervPresent recorded 1 samples, mean = 1.0 (flags = 0x41)
0  O                                                                         (0 = 0.0%)
1  -O                                                                        (1 = 100.0%) {0.0%}
2  O                                                                         (0 = 0.0%) {100.0%}

Histogram: Windows.LegacyDisplayIdAlgorithm recorded 1168 samples, mean = 0.0 (flags = 0x41)
0  ------------------------------------------------------------------------O (1168 = 100.0%)
1  ... 

Histogram: Windows.ParallelDllLoadingEnabled recorded 1 samples, mean = 1.0 (flags = 0x41)
0  O                                                                         (0 = 0.0%)
1  -O                                                                        (1 = 100.0%) {0.0%}
2  O                                                                         (0 = 0.0%) {100.0%}

Histogram: Windows.PatchLevel recorded 1 samples (flags = 0x41)
1717051657  -O                                                                        (1 = 100.0%)

Histogram: Windows.PatchLevelKernel32 recorded 1 samples (flags = 0x41)
1710497928  -O                                                                        (1 = 100.0%)

Histogram: Windows.ProcessorFamily recorded 1 samples (flags = 0x41)
107  -O                                                                        (1 = 100.0%)

Histogram: Windows.ProcessorVirtualizationFirmwareEnabled recorded 1 samples, mean = 1.0 (flags = 0x41)
0  O                                                                         (0 = 0.0%)
1  -O                                                                        (1 = 100.0%) {0.0%}
2  O                                                                         (0 = 0.0%) {100.0%}


>>>>>>> Stashed changes
